사고번호,사고일시,요일,시군구,사고내용,사망자수,중상자수,경상자수,부상신고자수,사고유형,법규위반,노면상태,기상상태,도로형태,가해운전자 차종,가해운전자 성별,가해운전자 연령,가해운전자 상해정도,피해운전자 차종,피해운전자 성별,피해운전자 연령,피해운전자 상해정도
2017040300100366,2017년 4월 3일 16시,월요일,서울특별시 도봉구 방학동,경상사고,0,0,1,0,차대차 - 측면충돌,기타,포장 - 건조,맑음,교차로 - 교차로안,화물,남,50세,상해없음,자전거,남,9세,경상
2017040300100400,2017년 4월 3일 17시,월요일,서울특별시 양천구 신월동,중상사고,0,1,0,0,차대차 - 정면충돌,안전거리미확보,포장 - 건조,맑음,단일로 - 기타,화물,남,57세,상해없음,자전거,남,13세,중상
2017040300100436,2017년 4월 3일 18시,월요일,서울특별시 서대문구 홍은동,중상사고,0,1,0,0,차대차 - 측면충돌,안전운전불이행,포장 - 건조,흐림,교차로 - 교차로안,화물,남,53세,상해없음,자전거,남,76세,중상
2017040400100087,2017년 4월 4일 08시,화요일,서울특별시 성북구 성북동1가,경상사고,0,0,1,0,차대차 - 기타,안전운전불이행,포장 - 건조,맑음,교차로 - 교차로부근,승합,남,70세,상해없음,자전거,여,49세,경상
2017040400100264,2017년 4월 4일 14시,화요일,서울특별시 도봉구 도봉동,중상사고,0,1,0,0,차대차 - 측면충돌,직진우회전진행방해,포장 - 건조,맑음,교차로 - 교차로안,승용,남,76세,상해없음,자전거,여,11세,중상
2017040400100361,2017년 4월 4일 17시,화요일,서울특별시 구로구 고척동,중상사고,0,1,0,0,차대차 - 기타,중앙선침범,포장 - 건조,맑음,교차로 - 교차로안,승용,남,53세,기타불명,자전거,남,47세,중상
2017040400100410,2017년 4월 4일 19시,화요일,서울특별시 구로구 천왕동,경상사고,0,0,1,0,차대차 - 측면충돌,신호위반,포장 - 건조,맑음,교차로 - 교차로횡단보도내,승용,여,52세,상해없음,자전거,남,21세,경상
2017040600100386,2017년 4월 6일 16시,목요일,서울특별시 송파구 문정동,중상사고,0,1,0,0,차대차 - 측면충돌,안전운전불이행,포장 - 건조,맑음,단일로 - 기타,화물,남,22세,상해없음,자전거,남,36세,중상
2017040600100455,2017년 4월 6일 18시,목요일,서울특별시 동대문구 장안동,경상사고,0,0,1,0,차대차 - 기타,안전운전불이행,포장 - 건조,맑음,교차로 - 교차로부근,원동기,남,18세,상해없음,자전거,남,64세,경상
2017040700100143,2017년 4월 7일 09시,금요일,서울특별시 중랑구 면목동,경상사고,0,0,1,0,차대차 - 정면충돌,안전운전불이행,포장 - 건조,맑음,교차로 - 교차로부근,화물,남,56세,상해없음,자전거,여,41세,경상
2017040700100198,2017년 4월 7일 11시,금요일,서울특별시 강북구 미아동,경상사고,0,0,1,0,차대차 - 기타,안전운전불이행,포장 - 건조,맑음,단일로 - 기타,승용,남,33세,상해없음,자전거,남,76세,경상
2017040700100625,2017년 4월 7일 23시,금요일,서울특별시 강남구 대치동,중상사고,0,1,0,0,차대차 - 정면충돌,안전운전불이행,포장 - 건조,맑음,단일로 - 기타,자전거,남,22세,상해없음,자전거,남,49세,중상
2017040800100022,2017년 4월 8일 00시,토요일,서울특별시 마포구 성산동,중상사고,0,1,0,0,차대차 - 추돌,안전운전불이행,포장 - 건조,맑음,단일로 - 기타,승용,남,27세,상해없음,자전거,남,31세,중상
2017040800100225,2017년 4월 8일 11시,토요일,서울특별시 광진구 화양동,경상사고,0,0,1,0,차대차 - 기타,안전운전불이행,포장 - 건조,맑음,단일로 - 기타,승용,남,39세,상해없음,자전거,남,58세,경상
2017040800100334,2017년 4월 8일 14시,토요일,서울특별시 동작구 흑석동,경상사고,0,0,1,0,차대차 - 측면충돌,안전운전불이행,포장 - 건조,맑음,단일로 - 기타,자전거,남,52세,경상,자전거,남,42세,상해없음
2017040800100374,2017년 4월 8일 15시,토요일,서울특별시 동작구 동작동,중상사고,0,1,0,0,차대차 - 측면충돌,안전운전불이행,포장 - 건조,맑음,단일로 - 기타,자전거,남,52세,상해없음,자전거,남,74세,중상
2017040800100413,2017년 4월 8일 16시,토요일,서울특별시 동작구 노량진동,경상사고,0,0,1,1,차대차 - 측면충돌,안전운전불이행,포장 - 건조,맑음,단일로 - 기타,자전거,남,34세,상해없음,자전거,남,10세,부상신고
2017040800100414,2017년 4월 8일 16시,토요일,서울특별시 송파구 석촌동,중상사고,0,1,0,0,차대차 - 정면충돌,신호위반,포장 - 건조,맑음,단일로 - 기타,승용,남,44세,상해없음,자전거,여,55세,중상
2017040800100448,2017년 4월 8일 17시,토요일,서울특별시 강서구 마곡동,경상사고,0,0,1,0,차대차 - 측면충돌,안전운전불이행,포장 - 건조,맑음,단일로 - 기타,자전거,남,56세,상해없음,자전거,여,52세,경상
2017040800100488,2017년 4월 8일 18시,토요일,서울특별시 송파구 삼전동,경상사고,0,0,1,0,차대차 - 측면충돌,기타,포장 - 건조,맑음,교차로 - 교차로안,승용,남,53세,상해없음,자전거,남,24세,경상
2017040900100128,2017년 4월 9일 09시,일요일,서울특별시 중랑구 면목동,경상사고,0,0,1,0,차대차 - 정면충돌,안전운전불이행,포장 - 건조,맑음,교차로 - 교차로안,승합,남,45세,상해없음,자전거,남,10세,경상
2017040900100129,2017년 4월 9일 09시,일요일,서울특별시 동작구 사당동,경상사고,0,0,1,0,차대차 - 측면충돌,안전운전불이행,포장 - 건조,맑음,단일로 - 기타,화물,남,58세,상해없음,자전거,남,67세,경상
2017040900100265,2017년 4월 9일 15시,일요일,서울특별시 양천구 신정동,경상사고,0,0,1,0,차대차 - 정면충돌,안전운전불이행,포장 - 건조,맑음,기타 - 기타,자전거,남,27세,상해없음,자전거,여,64세,경상
2017040900100313,2017년 4월 9일 17시,일요일,서울특별시 구로구 구로동,경상사고,0,0,1,0,차대차 - 정면충돌,안전운전불이행,포장 - 건조,맑음,단일로 - 기타,자전거,남,17세,상해없음,자전거,남,55세,경상
2017041000100078,2017년 4월 10일 06시,월요일,서울특별시 도봉구 쌍문동,경상사고,0,0,1,0,차대차 - 추돌,안전운전불이행,포장 - 건조,맑음,단일로 - 기타,승용,남,33세,상해없음,자전거,남,73세,경상
2017041000100157,2017년 4월 10일 09시,월요일,서울특별시 동대문구 용두동,중상사고,0,1,0,0,차대차 - 기타,안전운전불이행,포장 - 건조,맑음,단일로 - 기타,자전거,남,50세,중상,자전거,남,25세,상해없음
2017041000100226,2017년 4월 10일 11시,월요일,서울특별시 동대문구 신설동,경상사고,0,0,1,0,차대차 - 측면충돌,안전운전불이행,포장 - 건조,맑음,미분류 - 미분류,화물,남,62세,상해없음,자전거,여,62세,경상
2017041000100228,2017년 4월 10일 11시,월요일,서울특별시 영등포구 여의도동,부상신고사고,0,0,0,1,차대차 - 기타,기타,포장 - 건조,맑음,단일로 - 기타,승용,남,42세,상해없음,자전거,여,24세,부상신고
2017041000100386,2017년 4월 10일 16시,월요일,서울특별시 동대문구 제기동,중상사고,0,1,0,0,차대차 - 기타,안전운전불이행,포장 - 건조,맑음,단일로 - 기타,승용,남,68세,상해없음,자전거,남,61세,중상
2017041000100467,2017년 4월 10일 18시,월요일,서울특별시 동작구 상도동,중상사고,0,1,0,0,차대차 - 기타,안전운전불이행,포장 - 건조,맑음,단일로 - 기타,화물,남,60세,상해없음,자전거,남,54세,중상
2017041000100504,2017년 4월 10일 19시,월요일,서울특별시 동대문구 용두동,경상사고,0,0,1,0,차대차 - 측면충돌,안전운전불이행,포장 - 건조,맑음,교차로 - 교차로안,기타불명,기타불명,미분류,기타불명,자전거,여,29세,경상
2017041000100592,2017년 4월 10일 22시,월요일,서울특별시 성북구 안암동5가,중상사고,0,1,0,0,차대차 - 측면충돌,신호위반,포장 - 건조,맑음,교차로 - 교차로부근,이륜,남,17세,상해없음,자전거,남,46세,중상
2017041100100124,2017년 4월 11일 08시,화요일,서울특별시 성북구 장위동,중상사고,0,1,0,0,차대차 - 측면충돌,안전운전불이행,포장 - 건조,맑음,단일로 - 기타,승용,여,61세,상해없음,자전거,남,74세,중상
2017041100100194,2017년 4월 11일 10시,화요일,서울특별시 도봉구 도봉동,경상사고,0,0,1,0,차대차 - 측면충돌,신호위반,포장 - 건조,맑음,교차로 - 교차로안,화물,남,46세,상해없음,자전거,남,63세,경상
2017041100100266,2017년 4월 11일 13시,화요일,서울특별시 은평구 신사동,중상사고,0,1,0,0,차대차 - 측면충돌,안전운전불이행,포장 - 건조,맑음,교차로 - 교차로부근,승용,여,43세,상해없음,자전거,남,69세,중상
2017041100100334,2017년 4월 11일 15시,화요일,서울특별시 양천구 목동,경상사고,0,0,1,0,차대차 - 기타,신호위반,포장 - 건조,맑음,단일로 - 기타,승용,여,37세,상해없음,자전거,남,8세,경상
2017041100100359,2017년 4월 11일 16시,화요일,서울특별시 마포구 대흥동,경상사고,0,0,1,0,차대차 - 기타,신호위반,포장 - 건조,맑음,교차로 - 교차로횡단보도내,승용,여,68세,상해없음,자전거,여,9세,경상
2017041100100366,2017년 4월 11일 16시,화요일,서울특별시 은평구 대조동,중상사고,0,1,0,0,차대차 - 측면충돌,신호위반,포장 - 건조,맑음,교차로 - 교차로횡단보도내,화물,남,63세,상해없음,자전거,남,77세,중상
2017041100100441,2017년 4월 11일 18시,화요일,서울특별시 중구 장충동1가,중상사고,0,1,0,0,차대차 - 기타,안전운전불이행,포장 - 건조,맑음,단일로 - 기타,승용,여,59세,상해없음,자전거,남,35세,중상
2017041100100448,2017년 4월 11일 18시,화요일,서울특별시 강동구 길동,중상사고,0,1,0,0,차대차 - 기타,안전거리미확보,포장 - 건조,맑음,단일로 - 기타,기타불명,기타불명,미분류,기타불명,자전거,남,36세,중상
2017041100100450,2017년 4월 11일 18시,화요일,서울특별시 양천구 신월동,중상사고,0,1,0,0,차대차 - 측면충돌,안전운전불이행,포장 - 건조,맑음,단일로 - 기타,승용,여,47세,상해없음,자전거,남,74세,중상
2017041100100530,2017년 4월 11일 20시,화요일,서울특별시 송파구 잠실동,중상사고,0,2,0,0,차대차 - 정면충돌,안전운전불이행,포장 - 건조,맑음,단일로 - 기타,자전거,남,42세,중상,자전거,남,16세,중상
2017041100100531,2017년 4월 11일 20시,화요일,서울특별시 양천구 목동,중상사고,0,1,0,0,차대차 - 측면충돌,안전운전불이행,포장 - 건조,맑음,교차로 - 교차로안,승용,남,52세,상해없음,자전거,남,30세,중상
2017041100100565,2017년 4월 11일 21시,화요일,서울특별시 성북구 동선동2가,경상사고,0,0,1,0,차대차 - 기타,기타,포장 - 건조,맑음,교차로 - 교차로부근,승용,남,29세,상해없음,자전거,여,25세,경상
2017041200100173,2017년 4월 12일 10시,수요일,서울특별시 종로구 부암동,경상사고,0,0,1,0,차대차 - 측면충돌,안전운전불이행,포장 - 건조,맑음,단일로 - 기타,승용,남,37세,상해없음,자전거,남,33세,경상
2017041200100414,2017년 4월 12일 18시,수요일,서울특별시 송파구 가락동,경상사고,0,0,1,0,차대차 - 추돌,안전운전불이행,포장 - 건조,맑음,교차로 - 교차로부근,기타불명,기타불명,미분류,기타불명,자전거,여,32세,경상
2017041200100530,2017년 4월 12일 21시,수요일,서울특별시 은평구 응암동,경상사고,0,0,1,0,차대차 - 기타,안전운전불이행,포장 - 건조,맑음,단일로 - 기타,승용,여,45세,상해없음,자전거,여,53세,경상
2017041300100139,2017년 4월 13일 09시,목요일,서울특별시 마포구 연남동,경상사고,0,0,2,0,차대차 - 기타,안전운전불이행,포장 - 건조,맑음,교차로 - 교차로안,화물,남,38세,상해없음,자전거,남,77세,경상
2017041300100248,2017년 4월 13일 13시,목요일,서울특별시 영등포구 양평동5가,경상사고,0,0,1,0,차대차 - 정면충돌,안전거리미확보,포장 - 건조,맑음,단일로 - 기타,자전거,여,55세,경상,자전거,남,26세,상해없음
2017041300100301,2017년 4월 13일 15시,목요일,서울특별시 광진구 광장동,경상사고,0,0,1,0,차대차 - 측면충돌,안전운전불이행,포장 - 건조,맑음,단일로 - 기타,승용,남,69세,상해없음,자전거,남,69세,경상
2017041300100430,2017년 4월 13일 19시,목요일,서울특별시 성동구 송정동,경상사고,0,0,1,0,차대차 - 기타,안전운전불이행,포장 - 건조,맑음,기타 - 기타,자전거,여,23세,상해없음,자전거,남,48세,경상
2017041300100496,2017년 4월 13일 21시,목요일,서울특별시 양천구 신월동,경상사고,0,0,1,0,차대차 - 정면충돌,중앙선침범,포장 - 건조,맑음,단일로 - 기타,승용,남,67세,상해없음,자전거,여,50세,경상
2017041300100525,2017년 4월 13일 22시,목요일,서울특별시 성동구 송정동,중상사고,0,1,1,0,차대차 - 기타,안전운전불이행,포장 - 건조,맑음,단일로 - 기타,자전거,남,57세,경상,자전거,남,59세,중상
2017041400100170,2017년 4월 14일 10시,금요일,서울특별시 송파구 잠실동,중상사고,0,1,0,0,차대차 - 측면충돌,기타,포장 - 건조,맑음,단일로 - 기타,승용,남,27세,상해없음,자전거,여,71세,중상
2017041400100339,2017년 4월 14일 16시,금요일,서울특별시 은평구 응암동,경상사고,0,0,1,0,차대차 - 측면충돌,교차로운행방법위반,포장 - 젖음/습기,흐림,교차로 - 교차로안,승용,남,22세,상해없음,자전거,여,62세,경상
2017041500100126,2017년 4월 15일 08시,토요일,서울특별시 서대문구 남가좌동,경상사고,0,0,1,0,차대차 - 기타,안전운전불이행,포장 - 건조,맑음,교차로 - 교차로안,기타불명,기타불명,미분류,기타불명,자전거,남,22세,경상
2017041500100175,2017년 4월 15일 10시,토요일,서울특별시 광진구 자양동,중상사고,0,1,0,0,차대차 - 기타,기타,포장 - 건조,맑음,단일로 - 기타,화물,남,45세,기타불명,자전거,남,70세,중상
2017041500100401,2017년 4월 15일 16시,토요일,서울특별시 금천구 시흥동,부상신고사고,0,0,0,1,차대차 - 기타,안전운전불이행,포장 - 건조,맑음,단일로 - 기타,기타불명,기타불명,미분류,기타불명,자전거,남,18세,부상신고
2017041500100449,2017년 4월 15일 17시,토요일,서울특별시 양천구 목동,경상사고,0,0,1,0,차대차 - 정면충돌,교차로운행방법위반,포장 - 건조,맑음,교차로 - 교차로안,승용,여,46세,상해없음,자전거,남,57세,경상
2017041500100488,2017년 4월 15일 18시,토요일,서울특별시 영등포구 신길동,경상사고,0,0,1,0,차대차 - 측면충돌,신호위반,포장 - 건조,맑음,단일로 - 기타,승용,남,70세,상해없음,자전거,여,8세,경상
2017041500100523,2017년 4월 15일 19시,토요일,서울특별시 양천구 신정동,중상사고,0,1,0,0,차대차 - 추돌,안전운전불이행,포장 - 건조,맑음,단일로 - 기타,화물,남,67세,상해없음,자전거,남,40세,중상
2017041600100145,2017년 4월 16일 10시,일요일,서울특별시 양천구 신정동,중상사고,0,1,0,0,차대차 - 기타,안전운전불이행,포장 - 건조,맑음,단일로 - 기타,승용,남,79세,상해없음,자전거,남,14세,중상
2017041600100164,2017년 4월 16일 11시,일요일,서울특별시 강동구 암사동,경상사고,0,0,1,0,차대차 - 기타,안전운전불이행,포장 - 건조,맑음,교차로 - 교차로부근,승용,남,60세,상해없음,자전거,남,68세,경상
2017041600100360,2017년 4월 16일 17시,일요일,서울특별시 은평구 증산동,부상신고사고,0,0,0,1,차대차 - 측면충돌,안전운전불이행,포장 - 건조,맑음,단일로 - 기타,자전거,남,46세,상해없음,자전거,남,69세,부상신고
2017041600100493,2017년 4월 16일 22시,일요일,서울특별시 광진구 자양동,경상사고,0,0,1,0,차대차 - 측면충돌,직진우회전진행방해,포장 - 건조,맑음,교차로 - 교차로안,승용,남,55세,상해없음,자전거,여,58세,경상
2017041700100039,2017년 4월 17일 03시,월요일,서울특별시 동대문구 장안동,중상사고,0,1,0,0,차대차 - 기타,안전운전불이행,포장 - 건조,흐림,교차로 - 교차로안,승용,여,35세,상해없음,자전거,여,63세,중상
2017041700100084,2017년 4월 17일 08시,월요일,서울특별시 동대문구 장안동,경상사고,0,0,1,0,차대차 - 기타,안전운전불이행,포장 - 건조,맑음,단일로 - 기타,화물,남,36세,상해없음,자전거,남,81세,경상
2017041800100481,2017년 4월 18일 19시,화요일,서울특별시 중랑구 면목동,중상사고,0,1,0,0,차대차 - 정면충돌,신호위반,포장 - 건조,맑음,단일로 - 기타,승용,남,59세,상해없음,자전거,남,41세,중상
2017041900100112,2017년 4월 19일 08시,수요일,서울특별시 동대문구 전농동,경상사고,0,0,1,0,차대차 - 측면충돌,안전운전불이행,포장 - 건조,맑음,단일로 - 기타,승용,남,66세,상해없음,자전거,남,56세,경상
2017041900100215,2017년 4월 19일 10시,수요일,서울특별시 노원구 상계동,경상사고,0,0,1,0,차대차 - 추돌,안전거리미확보,포장 - 건조,맑음,기타 - 기타,자전거,남,41세,상해없음,자전거,남,32세,경상
2017041900100274,2017년 4월 19일 12시,수요일,서울특별시 중랑구 망우동,중상사고,0,1,0,0,차대차 - 측면충돌,신호위반,포장 - 건조,맑음,교차로 - 교차로안,원동기,남,85세,상해없음,자전거,남,75세,중상
2017041900100399,2017년 4월 19일 16시,수요일,서울특별시 종로구 창신동,경상사고,0,0,1,0,차대차 - 측면충돌,기타,포장 - 건조,맑음,단일로 - 기타,승용,여,44세,상해없음,자전거,여,74세,경상
2017041900100628,2017년 4월 19일 22시,수요일,서울특별시 서초구 반포동,경상사고,0,0,1,0,차대차 - 기타,안전운전불이행,포장 - 건조,맑음,단일로 - 기타,승합,남,56세,기타불명,자전거,남,15세,경상
2017042000100055,2017년 4월 20일 04시,목요일,서울특별시 중랑구 망우동,부상신고사고,0,0,0,1,차대차 - 정면충돌,중앙선침범,포장 - 건조,맑음,단일로 - 기타,승용,남,61세,상해없음,자전거,남,74세,부상신고
2017042000100139,2017년 4월 20일 09시,목요일,서울특별시 강북구 수유동,중상사고,0,1,0,0,차대차 - 측면충돌,안전운전불이행,포장 - 건조,맑음,단일로 - 기타,승용,남,31세,상해없음,자전거,남,82세,중상
2017042000100254,2017년 4월 20일 14시,목요일,서울특별시 영등포구 당산동5가,부상신고사고,0,0,0,1,차대차 - 기타,안전운전불이행,포장 - 건조,맑음,교차로 - 교차로안,승합,남,42세,상해없음,자전거,남,69세,부상신고
2017042000100376,2017년 4월 20일 18시,목요일,서울특별시 강남구 대치동,경상사고,0,0,1,0,차대차 - 기타,안전운전불이행,포장 - 건조,맑음,단일로 - 기타,승용,남,37세,상해없음,자전거,남,12세,경상
2017042000100472,2017년 4월 20일 21시,목요일,서울특별시 구로구 신도림동,중상사고,0,1,0,0,차대차 - 정면충돌,안전운전불이행,포장 - 건조,맑음,교차로 - 교차로안,승용,남,28세,상해없음,자전거,남,54세,중상
2017042100100348,2017년 4월 21일 15시,금요일,서울특별시 동대문구 장안동,경상사고,0,0,1,0,차대차 - 정면충돌,안전운전불이행,포장 - 건조,맑음,단일로 - 기타,자전거,남,59세,상해없음,자전거,남,29세,경상
2017042100100357,2017년 4월 21일 15시,금요일,서울특별시 구로구 오류동,경상사고,0,0,1,0,차대차 - 기타,안전운전불이행,포장 - 건조,맑음,교차로 - 교차로안,승용,여,72세,상해없음,자전거,남,12세,경상
2017042100100456,2017년 4월 21일 18시,금요일,서울특별시 관악구 신림동,경상사고,0,0,1,0,차대차 - 측면충돌,안전운전불이행,포장 - 건조,맑음,단일로 - 기타,화물,남,40세,상해없음,자전거,남,51세,경상
2017042100100535,2017년 4월 21일 20시,금요일,서울특별시 송파구 송파동,경상사고,0,0,1,0,차대차 - 기타,기타,포장 - 건조,맑음,교차로 - 교차로부근,승용,남,49세,기타불명,자전거,남,51세,경상
2017042100100598,2017년 4월 21일 22시,금요일,서울특별시 은평구 진관동,중상사고,0,1,0,0,차대차 - 기타,안전운전불이행,포장 - 건조,맑음,교차로 - 교차로안,승합,남,69세,상해없음,자전거,여,55세,중상
2017042200100087,2017년 4월 22일 05시,토요일,서울특별시 성동구 성수동1가,경상사고,0,0,1,0,차대차 - 측면충돌,신호위반,포장 - 건조,맑음,교차로 - 교차로횡단보도내,건설기계,남,44세,상해없음,자전거,남,54세,경상
2017042200100150,2017년 4월 22일 09시,토요일,서울특별시 도봉구 도봉동,중상사고,0,1,0,0,차대차 - 측면충돌,안전운전불이행,포장 - 건조,맑음,단일로 - 기타,자전거,남,71세,상해없음,자전거,여,44세,중상
2017042200100212,2017년 4월 22일 11시,토요일,서울특별시 성북구 장위동,경상사고,0,0,1,0,차대차 - 기타,안전운전불이행,포장 - 건조,맑음,기타 - 기타,승용,남,70세,상해없음,자전거,남,51세,경상
2017042200100318,2017년 4월 22일 14시,토요일,서울특별시 동대문구 답십리동,경상사고,0,0,1,0,차대차 - 기타,안전운전불이행,포장 - 건조,흐림,교차로 - 교차로안,화물,남,42세,상해없음,자전거,남,13세,경상
2017042300100048,2017년 4월 23일 02시,일요일,서울특별시 중랑구 면목동,중상사고,0,1,0,0,차대차 - 기타,안전운전불이행,포장 - 건조,기타,단일로 - 기타,승용,남,33세,상해없음,자전거,남,67세,중상
2017042300100102,2017년 4월 23일 07시,일요일,서울특별시 도봉구 창동,경상사고,0,0,1,0,차대차 - 측면충돌,신호위반,포장 - 건조,맑음,교차로 - 교차로횡단보도내,원동기,남,57세,상해없음,자전거,여,22세,경상
2017042300100172,2017년 4월 23일 11시,일요일,서울특별시 은평구 대조동,중상사고,0,1,0,1,차대차 - 측면충돌,신호위반,포장 - 건조,맑음,교차로 - 교차로횡단보도내,이륜,남,21세,부상신고,자전거,남,9세,중상
2017042300100296,2017년 4월 23일 15시,일요일,서울특별시 강남구 대치동,경상사고,0,0,1,0,차대차 - 기타,안전운전불이행,포장 - 건조,맑음,기타 - 기타,자전거,남,36세,상해없음,자전거,여,45세,경상
2017042300100490,2017년 4월 23일 21시,일요일,서울특별시 동작구 본동,경상사고,0,0,1,0,차대차 - 측면충돌,안전운전불이행,포장 - 건조,맑음,기타 - 기타,원동기,남,22세,상해없음,자전거,남,26세,경상
2017042300100514,2017년 4월 23일 22시,일요일,서울특별시 양천구 신월동,경상사고,0,0,1,0,차대차 - 기타,안전운전불이행,포장 - 건조,맑음,단일로 - 기타,기타불명,기타불명,미분류,기타불명,자전거,남,18세,경상
2017042400100026,2017년 4월 24일 01시,월요일,서울특별시 동작구 상도동,경상사고,0,0,1,0,차대차 - 측면충돌,안전운전불이행,포장 - 건조,맑음,교차로 - 교차로부근,승용,남,43세,상해없음,자전거,남,23세,경상
2017042400100038,2017년 4월 24일 04시,월요일,서울특별시 광진구 자양동,경상사고,0,0,1,0,차대차 - 측면충돌,안전운전불이행,포장 - 건조,맑음,단일로 - 교량,기타불명,기타불명,미분류,기타불명,자전거,남,65세,경상
2017042400100245,2017년 4월 24일 11시,월요일,서울특별시 강남구 삼성동,중상사고,0,1,0,0,차대차 - 기타,안전운전불이행,포장 - 건조,맑음,기타 - 기타,승용,여,48세,상해없음,자전거,남,56세,중상
2017042400100393,2017년 4월 24일 16시,월요일,서울특별시 양천구 신정동,경상사고,0,0,1,0,차대차 - 정면충돌,안전운전불이행,포장 - 건조,맑음,단일로 - 기타,승합,남,63세,상해없음,자전거,여,49세,경상
2017042400100425,2017년 4월 24일 17시,월요일,서울특별시 중랑구 중화동,중상사고,0,1,0,0,차대차 - 정면충돌,기타,포장 - 건조,맑음,단일로 - 기타,화물,남,60세,상해없음,자전거,남,61세,중상
2017042400100426,2017년 4월 24일 17시,월요일,서울특별시 송파구 풍납동,경상사고,0,0,1,0,차대차 - 측면충돌,기타,포장 - 건조,맑음,교차로 - 교차로안,승용,남,45세,상해없음,자전거,여,43세,경상
2017042500100277,2017년 4월 25일 14시,화요일,서울특별시 노원구 중계동,경상사고,0,0,1,0,차대차 - 기타,교차로운행방법위반,포장 - 건조,맑음,교차로 - 교차로안,승용,여,64세,상해없음,자전거,남,79세,경상
2017042500100490,2017년 4월 25일 21시,화요일,서울특별시 광진구 자양동,경상사고,0,0,1,0,차대차 - 기타,안전거리미확보,포장 - 건조,맑음,교차로 - 교차로부근,승합,남,43세,상해없음,자전거,남,47세,상해없음
2017042600100121,2017년 4월 26일 08시,수요일,서울특별시 서대문구 남가좌동,중상사고,0,1,0,0,차대차 - 측면충돌,신호위반,포장 - 건조,맑음,교차로 - 교차로부근,승용,여,37세,상해없음,자전거,여,64세,중상
2017042600100227,2017년 4월 26일 11시,수요일,서울특별시 송파구 잠실동,중상사고,0,1,0,0,차대차 - 측면충돌,안전운전불이행,포장 - 건조,맑음,단일로 - 기타,승용,남,30세,상해없음,자전거,남,80세,중상
2017042600100320,2017년 4월 26일 14시,수요일,서울특별시 강동구 고덕동,경상사고,0,0,1,0,차대차 - 추돌,안전운전불이행,포장 - 건조,맑음,단일로 - 기타,자전거,남,14세,상해없음,자전거,남,14세,상해없음
2017042600100471,2017년 4월 26일 18시,수요일,서울특별시 강서구 화곡동,경상사고,0,0,1,0,차대차 - 측면충돌,신호위반,포장 - 건조,맑음,교차로 - 교차로횡단보도내,기타불명,기타불명,미분류,기타불명,자전거,여,43세,경상
2017042600100609,2017년 4월 26일 22시,수요일,서울특별시 광진구 자양동,경상사고,0,0,1,0,차대차 - 측면충돌,안전운전불이행,포장 - 건조,맑음,단일로 - 기타,승용,남,46세,상해없음,자전거,여,16세,경상
2017042600100610,2017년 4월 26일 22시,수요일,서울특별시 중랑구 신내동,경상사고,0,0,1,0,차대차 - 정면충돌,기타,포장 - 건조,맑음,단일로 - 기타,승용,남,61세,상해없음,자전거,남,16세,경상
2017042700100070,2017년 4월 27일 06시,목요일,서울특별시 광진구 자양동,경상사고,0,0,1,0,차대차 - 기타,직진우회전진행방해,포장 - 건조,맑음,교차로 - 교차로안,기타불명,기타불명,미분류,기타불명,자전거,여,13세,경상
2017042700100114,2017년 4월 27일 08시,목요일,서울특별시 영등포구 여의도동,경상사고,0,0,1,0,차대차 - 추돌,안전운전불이행,포장 - 건조,맑음,단일로 - 기타,자전거,남,33세,상해없음,자전거,남,36세,경상
2017042700100190,2017년 4월 27일 10시,목요일,서울특별시 양천구 신정동,경상사고,0,0,1,0,차대차 - 정면충돌,신호위반,포장 - 건조,맑음,단일로 - 기타,승용,남,63세,상해없음,자전거,여,67세,경상
2017042700100325,2017년 4월 27일 15시,목요일,서울특별시 강서구 개화동,중상사고,0,1,0,0,차대차 - 기타,안전운전불이행,포장 - 건조,맑음,기타 - 기타,자전거,남,68세,중상,자전거,남,47세,상해없음
2017042700100401,2017년 4월 27일 17시,목요일,서울특별시 중랑구 면목동,경상사고,0,0,1,0,차대차 - 기타,안전운전불이행,포장 - 건조,맑음,단일로 - 기타,자전거,남,33세,상해없음,자전거,남,26세,경상
2017042700100404,2017년 4월 27일 17시,목요일,서울특별시 송파구 신천동,중상사고,0,1,1,0,차대차 - 정면충돌,안전운전불이행,포장 - 건조,맑음,단일로 - 기타,자전거,남,23세,경상,자전거,남,31세,중상
2017042700100608,2017년 4월 27일 22시,목요일,서울특별시 영등포구 도림동,경상사고,0,0,1,0,차대차 - 측면충돌,안전운전불이행,포장 - 건조,맑음,교차로 - 교차로안,승용,남,61세,상해없음,자전거,남,16세,경상
2017042800100182,2017년 4월 28일 09시,금요일,서울특별시 송파구 가락동,중상사고,0,1,0,0,차대차 - 측면충돌,기타,포장 - 건조,맑음,단일로 - 기타,승용,남,58세,상해없음,자전거,여,57세,중상
2017042800100379,2017년 4월 28일 15시,금요일,서울특별시 강동구 성내동,경상사고,0,0,1,0,차대차 - 측면충돌,교차로운행방법위반,포장 - 건조,맑음,교차로 - 교차로안,승용,여,53세,상해없음,자전거,남,58세,경상
2017042800100493,2017년 4월 28일 18시,금요일,서울특별시 광진구 자양동,경상사고,0,0,1,0,차대차 - 정면충돌,안전운전불이행,포장 - 건조,맑음,단일로 - 교량,자전거,여,62세,경상,자전거,남,17세,상해없음