사고번호,사고일시,요일,시군구,사고내용,사망자수,중상자수,경상자수,부상신고자수,사고유형,법규위반,노면상태,기상상태,도로형태,가해운전자 차종,가해운전자 성별,가해운전자 연령,가해운전자 상해정도,피해운전자 차종,피해운전자 성별,피해운전자 연령,피해운전자 상해정도
2017060100100529,2017년 6월 1일 20시,목요일,서울특별시 송파구 방이동,중상사고,0,1,0,1,차대차 - 정면충돌,신호위반,포장 - 건조,맑음,교차로 - 교차로횡단보도내,이륜,남,19세,부상신고,자전거,남,34세,중상
2017060100100583,2017년 6월 1일 22시,목요일,서울특별시 송파구 삼전동,중상사고,0,1,0,0,차대차 - 정면충돌,안전운전불이행,포장 - 건조,맑음,단일로 - 기타,이륜,남,53세,상해없음,자전거,여,57세,중상
2017060200100147,2017년 6월 2일 08시,금요일,서울특별시 금천구 독산동,경상사고,0,0,1,0,차대차 - 정면충돌,안전운전불이행,포장 - 건조,맑음,교차로 - 교차로안,승합,남,62세,상해없음,자전거,남,27세,경상
2017060200100150,2017년 6월 2일 08시,금요일,서울특별시 구로구 구로동,경상사고,0,0,1,0,차대차 - 측면충돌,기타,포장 - 건조,맑음,단일로 - 기타,승용,남,59세,상해없음,자전거,남,55세,경상
2017060200100208,2017년 6월 2일 09시,금요일,서울특별시 강남구 역삼동,중상사고,0,1,0,0,차대차 - 기타,안전운전불이행,포장 - 건조,맑음,단일로 - 기타,승용,남,57세,상해없음,자전거,남,37세,중상
2017060200100402,2017년 6월 2일 16시,금요일,서울특별시 강남구 대치동,중상사고,0,1,0,0,차대차 - 기타,안전운전불이행,포장 - 건조,맑음,기타 - 기타,이륜,남,27세,상해없음,자전거,남,20세,중상
2017060200100566,2017년 6월 2일 20시,금요일,서울특별시 마포구 망원동,중상사고,0,1,0,0,차대차 - 정면충돌,차로위반,포장 - 건조,맑음,교차로 - 교차로부근,승용,남,35세,상해없음,자전거,남,55세,중상
2017060200100569,2017년 6월 2일 20시,금요일,서울특별시 강남구 청담동,경상사고,0,0,1,0,차대차 - 정면충돌,안전운전불이행,포장 - 건조,맑음,기타 - 기타,자전거,남,59세,상해없음,자전거,남,35세,경상
2017060200100602,2017년 6월 2일 21시,금요일,서울특별시 동대문구 휘경동,경상사고,0,0,1,0,차대차 - 측면충돌,신호위반,포장 - 건조,맑음,단일로 - 기타,승용,남,79세,상해없음,자전거,남,24세,경상
2017060200100603,2017년 6월 2일 21시,금요일,서울특별시 마포구 동교동,경상사고,0,0,1,0,차대차 - 정면충돌,중앙선침범,포장 - 건조,맑음,단일로 - 기타,승용,남,30세,상해없음,자전거,남,22세,경상
2017060300100127,2017년 6월 3일 07시,토요일,서울특별시 강서구 개화동,중상사고,0,1,0,0,차대차 - 측면충돌,안전운전불이행,포장 - 건조,맑음,단일로 - 기타,자전거,남,41세,상해없음,자전거,남,82세,중상
2017060300100263,2017년 6월 3일 12시,토요일,서울특별시 강동구 암사동,경상사고,0,0,1,0,차대차 - 측면충돌,안전운전불이행,포장 - 건조,맑음,단일로 - 기타,기타불명,남,79세,상해없음,자전거,남,9세,경상
2017060300100304,2017년 6월 3일 13시,토요일,서울특별시 강남구 개포동,부상신고사고,0,0,0,1,차대차 - 기타,안전운전불이행,포장 - 건조,맑음,단일로 - 기타,승용,여,54세,상해없음,자전거,남,13세,부상신고
2017060300100345,2017년 6월 3일 14시,토요일,서울특별시 노원구 중계동,경상사고,0,0,1,0,차대차 - 기타,신호위반,포장 - 건조,맑음,교차로 - 교차로횡단보도내,승용,남,42세,상해없음,자전거,남,16세,경상
2017060300100414,2017년 6월 3일 16시,토요일,서울특별시 동작구 노량진동,경상사고,0,0,1,0,차대차 - 측면충돌,안전거리미확보,포장 - 건조,맑음,단일로 - 기타,승용,남,68세,상해없음,자전거,남,16세,경상
2017060300100415,2017년 6월 3일 16시,토요일,서울특별시 강서구 방화동,경상사고,0,0,1,0,차대차 - 기타,안전운전불이행,포장 - 건조,맑음,기타 - 기타,자전거,여,56세,경상,자전거,남,45세,상해없음
2017060300100612,2017년 6월 3일 21시,토요일,서울특별시 관악구 봉천동,중상사고,0,1,0,0,차대차 - 정면충돌,안전운전불이행,포장 - 건조,맑음,교차로 - 교차로부근,화물,남,62세,상해없음,자전거,여,25세,중상
2017060400100155,2017년 6월 4일 10시,일요일,서울특별시 중랑구 망우동,경상사고,0,0,1,0,차대차 - 추돌,안전운전불이행,포장 - 건조,맑음,교차로 - 교차로안,승용,남,73세,상해없음,자전거,남,66세,경상
2017060400100194,2017년 6월 4일 12시,일요일,서울특별시 강동구 암사동,중상사고,0,1,0,0,차대차 - 기타,안전운전불이행,포장 - 건조,맑음,기타 - 기타,자전거,남,6세,상해없음,자전거,남,42세,중상
2017060400100320,2017년 6월 4일 16시,일요일,서울특별시 송파구 잠실동,경상사고,0,0,1,0,차대차 - 정면충돌,안전운전불이행,포장 - 건조,맑음,단일로 - 기타,자전거,남,10세,상해없음,자전거,남,43세,경상
2017060400100345,2017년 6월 4일 17시,일요일,서울특별시 광진구 자양동,경상사고,0,0,1,0,차대차 - 측면충돌,안전운전불이행,포장 - 건조,맑음,교차로 - 교차로횡단보도내,화물,남,59세,상해없음,자전거,남,33세,경상
2017060400100375,2017년 6월 4일 18시,일요일,서울특별시 마포구 합정동,경상사고,0,0,1,0,차대차 - 기타,기타,포장 - 건조,맑음,교차로 - 교차로부근,승용,남,45세,상해없음,자전거,여,25세,경상
2017060400100376,2017년 6월 4일 18시,일요일,서울특별시 영등포구 여의도동,부상신고사고,0,0,0,1,차대차 - 기타,안전운전불이행,포장 - 건조,맑음,기타 - 기타,자전거,남,9세,상해없음,자전거,남,27세,부상신고
2017060500100076,2017년 6월 5일 07시,월요일,서울특별시 노원구 중계동,부상신고사고,0,0,0,2,차대차 - 측면충돌,안전운전불이행,포장 - 건조,맑음,단일로 - 기타,자전거,남,65세,부상신고,자전거,남,58세,부상신고
2017060500100179,2017년 6월 5일 10시,월요일,서울특별시 마포구 공덕동,경상사고,0,0,1,0,차대차 - 기타,안전운전불이행,포장 - 건조,맑음,기타 - 기타,승용,남,70세,상해없음,자전거,남,76세,경상
2017060500100500,2017년 6월 5일 19시,월요일,서울특별시 구로구 구로동,중상사고,0,1,0,0,차대차 - 기타,기타,포장 - 건조,맑음,단일로 - 기타,승용,남,54세,상해없음,자전거,남,61세,중상
2017060500100540,2017년 6월 5일 20시,월요일,서울특별시 도봉구 방학동,중상사고,0,1,0,0,차대차 - 측면충돌,교차로운행방법위반,포장 - 건조,맑음,교차로 - 교차로안,승용,남,62세,상해없음,자전거,남,15세,중상
2017060500100573,2017년 6월 5일 21시,월요일,서울특별시 용산구 동자동,경상사고,0,0,1,0,차대차 - 측면충돌,안전운전불이행,포장 - 건조,맑음,단일로 - 기타,승용,남,72세,상해없음,자전거,남,23세,경상
2017060500100577,2017년 6월 5일 21시,월요일,서울특별시 강남구 압구정동,부상신고사고,0,0,0,1,차대차 - 기타,기타,포장 - 건조,맑음,단일로 - 기타,승용,남,50세,상해없음,자전거,남,40세,부상신고
2017060600100181,2017년 6월 6일 12시,화요일,서울특별시 영등포구 신길동,경상사고,0,0,1,0,차대차 - 정면충돌,신호위반,포장 - 건조,맑음,단일로 - 기타,승용,남,68세,상해없음,자전거,남,8세,경상
2017060600100305,2017년 6월 6일 16시,화요일,서울특별시 강서구 염창동,부상신고사고,0,0,0,1,차대차 - 측면충돌,안전운전불이행,포장 - 건조,맑음,기타 - 기타,자전거,남,52세,부상신고,자전거,남,52세,상해없음
2017060600100398,2017년 6월 6일 19시,화요일,서울특별시 송파구 장지동,경상사고,0,0,1,0,차대차 - 정면충돌,신호위반,포장 - 젖음/습기,비,교차로 - 교차로안,원동기,남,60세,상해없음,자전거,남,41세,경상
2017060600100431,2017년 6월 6일 20시,화요일,서울특별시 광진구 구의동,중상사고,0,1,0,0,차대차 - 측면충돌,신호위반,포장 - 젖음/습기,비,교차로 - 교차로횡단보도내,승용,남,65세,상해없음,자전거,남,2세,중상
2017060700100128,2017년 6월 7일 08시,수요일,서울특별시 구로구 신도림동,경상사고,0,0,1,0,차대차 - 추돌,안전운전불이행,포장 - 젖음/습기,비,단일로 - 기타,승용,여,53세,상해없음,자전거,남,43세,경상
2017060700100277,2017년 6월 7일 13시,수요일,서울특별시 동작구 흑석동,부상신고사고,0,0,0,1,차대차 - 측면충돌,안전운전불이행,포장 - 건조,맑음,단일로 - 기타,승합,남,63세,상해없음,자전거,여,26세,부상신고
2017060700100464,2017년 6월 7일 19시,수요일,서울특별시 강북구 번동,경상사고,0,0,1,0,차대차 - 기타,안전운전불이행,포장 - 건조,맑음,교차로 - 교차로안,기타불명,기타불명,미분류,기타불명,자전거,남,45세,경상
2017060700100465,2017년 6월 7일 19시,수요일,서울특별시 동대문구 장안동,부상신고사고,0,0,0,1,차대차 - 측면충돌,안전운전불이행,포장 - 건조,맑음,교차로 - 교차로안,승용,여,38세,상해없음,자전거,남,45세,부상신고
2017060800100067,2017년 6월 8일 04시,목요일,서울특별시 노원구 월계동,중상사고,0,1,0,0,차대차 - 측면충돌,안전운전불이행,포장 - 건조,맑음,교차로 - 교차로안,승용,여,45세,상해없음,자전거,남,69세,중상
2017060800100096,2017년 6월 8일 07시,목요일,서울특별시 강남구 일원동,경상사고,0,0,1,0,차대차 - 기타,기타,포장 - 건조,맑음,단일로 - 기타,기타불명,기타불명,미분류,기타불명,자전거,남,24세,경상
2017060800100173,2017년 6월 8일 10시,목요일,서울특별시 강서구 가양동,경상사고,0,0,1,0,차대차 - 측면충돌,안전거리미확보,포장 - 건조,맑음,단일로 - 기타,자전거,남,65세,상해없음,자전거,남,79세,경상
2017060800100174,2017년 6월 8일 10시,목요일,서울특별시 구로구 고척동,경상사고,0,0,1,0,차대차 - 정면충돌,안전운전불이행,포장 - 건조,맑음,기타 - 기타,승용,여,57세,상해없음,자전거,남,69세,경상
2017060800100501,2017년 6월 8일 20시,목요일,서울특별시 강동구 명일동,경상사고,0,0,1,0,차대차 - 측면충돌,안전운전불이행,포장 - 건조,맑음,단일로 - 기타,승용,남,47세,상해없음,자전거,남,7세,경상
2017060800100502,2017년 6월 8일 20시,목요일,서울특별시 도봉구 도봉동,중상사고,0,1,0,0,차대차 - 측면충돌,안전운전불이행,포장 - 건조,맑음,교차로 - 교차로횡단보도내,승용,여,52세,상해없음,자전거,남,42세,중상
2017060800100548,2017년 6월 8일 22시,목요일,서울특별시 양천구 신정동,부상신고사고,0,0,0,1,차대차 - 기타,안전운전불이행,포장 - 건조,맑음,단일로 - 기타,이륜,남,17세,부상신고,자전거,남,24세,상해없음
2017060900100068,2017년 6월 9일 06시,금요일,서울특별시 송파구 잠실동,중상사고,0,1,0,0,차대차 - 측면충돌,안전운전불이행,포장 - 건조,맑음,단일로 - 기타,승용,여,36세,상해없음,자전거,남,74세,중상
2017060900100173,2017년 6월 9일 10시,금요일,서울특별시 영등포구 신길동,중상사고,0,1,0,0,차대차 - 정면충돌,기타,포장 - 건조,맑음,기타 - 기타,승용,남,25세,상해없음,자전거,여,51세,중상
2017060900100322,2017년 6월 9일 15시,금요일,서울특별시 노원구 상계동,경상사고,0,0,1,0,차대차 - 추돌,안전운전불이행,포장 - 건조,맑음,단일로 - 기타,화물,남,45세,상해없음,자전거,남,13세,경상
2017060900100400,2017년 6월 9일 17시,금요일,서울특별시 관악구 남현동,경상사고,0,0,1,0,차대차 - 기타,안전운전불이행,포장 - 건조,맑음,기타 - 기타,승용,남,42세,상해없음,자전거,남,36세,경상
2017060900100491,2017년 6월 9일 19시,금요일,서울특별시 도봉구 쌍문동,중상사고,0,1,0,0,차대차 - 측면충돌,직진우회전진행방해,포장 - 건조,맑음,교차로 - 교차로안,승용,남,30세,상해없음,자전거,남,11세,중상
2017060900100583,2017년 6월 9일 22시,금요일,서울특별시 동대문구 답십리동,경상사고,0,0,1,0,차대차 - 측면충돌,신호위반,포장 - 건조,흐림,교차로 - 교차로안,이륜,남,54세,상해없음,자전거,남,18세,경상
2017060900100585,2017년 6월 9일 22시,금요일,서울특별시 성동구 옥수동,중상사고,0,1,0,0,차대차 - 측면충돌,안전운전불이행,포장 - 건조,맑음,단일로 - 기타,자전거,남,26세,상해없음,자전거,여,24세,중상
2017061000100069,2017년 6월 10일 03시,토요일,서울특별시 구로구 오류동,경상사고,0,0,1,0,차대차 - 측면충돌,안전거리미확보,포장 - 건조,맑음,단일로 - 기타,기타불명,기타불명,미분류,기타불명,자전거,남,46세,경상
2017061000100126,2017년 6월 10일 08시,토요일,서울특별시 종로구 평동,경상사고,0,0,1,0,차대차 - 측면충돌,안전운전불이행,포장 - 건조,맑음,교차로 - 교차로부근,승용,남,50세,상해없음,자전거,남,75세,경상
2017061000100182,2017년 6월 10일 10시,토요일,서울특별시 영등포구 양평동4가,중상사고,0,1,0,0,차대차 - 정면충돌,안전운전불이행,포장 - 건조,맑음,교차로 - 교차로안,승용,여,69세,상해없음,자전거,남,81세,중상
2017061000100185,2017년 6월 10일 10시,토요일,서울특별시 도봉구 도봉동,중상사고,0,1,0,0,차대차 - 측면충돌,안전운전불이행,포장 - 건조,맑음,교차로 - 교차로안,자전거,남,38세,상해없음,자전거,여,50세,중상
2017061000100213,2017년 6월 10일 11시,토요일,서울특별시 용산구 보광동,경상사고,0,0,1,0,차대차 - 기타,안전운전불이행,포장 - 기타,맑음,기타 - 기타,자전거,여,58세,상해없음,자전거,남,51세,경상
2017061000100336,2017년 6월 10일 14시,토요일,서울특별시 강북구 번동,경상사고,0,0,1,0,차대차 - 측면충돌,교차로운행방법위반,포장 - 건조,맑음,교차로 - 교차로안,승용,남,67세,상해없음,자전거,남,17세,경상
2017061000100340,2017년 6월 10일 14시,토요일,서울특별시 서초구 잠원동,부상신고사고,0,0,0,1,차대차 - 기타,안전운전불이행,포장 - 건조,맑음,단일로 - 기타,자전거,남,39세,부상신고,자전거,남,30세,상해없음
2017061000100434,2017년 6월 10일 17시,토요일,서울특별시 종로구 와룡동,부상신고사고,0,0,0,1,차대차 - 기타,기타,포장 - 건조,맑음,단일로 - 기타,기타불명,남,48세,상해없음,자전거,남,44세,부상신고
2017061000100509,2017년 6월 10일 19시,토요일,서울특별시 성동구 용답동,경상사고,0,0,1,0,차대차 - 기타,안전거리미확보,포장 - 건조,맑음,단일로 - 기타,자전거,남,40세,경상,자전거,남,48세,상해없음
2017061000100534,2017년 6월 10일 20시,토요일,서울특별시 광진구 자양동,중상사고,0,1,0,0,차대차 - 기타,안전운전불이행,포장 - 건조,맑음,단일로 - 기타,자전거,남,61세,상해없음,자전거,여,53세,중상
2017061000100619,2017년 6월 10일 23시,토요일,서울특별시 송파구 석촌동,경상사고,0,0,1,0,차대차 - 정면충돌,안전운전불이행,포장 - 건조,맑음,교차로 - 교차로횡단보도내,승합,남,65세,상해없음,자전거,남,55세,경상
2017061100100077,2017년 6월 11일 04시,일요일,서울특별시 동대문구 신설동,중상사고,0,1,0,0,차대차 - 측면충돌,신호위반,포장 - 건조,맑음,교차로 - 교차로안,승용,남,50세,기타불명,자전거,남,41세,중상
2017061100100152,2017년 6월 11일 09시,일요일,서울특별시 송파구 오금동,경상사고,0,0,1,0,차대차 - 측면충돌,신호위반,포장 - 건조,맑음,교차로 - 교차로횡단보도내,승용,남,35세,상해없음,자전거,여,45세,경상
2017061100100153,2017년 6월 11일 09시,일요일,서울특별시 서초구 잠원동,중상사고,0,1,0,0,차대차 - 측면충돌,안전운전불이행,포장 - 건조,맑음,단일로 - 기타,자전거,남,47세,상해없음,자전거,남,42세,중상
2017061100100174,2017년 6월 11일 10시,일요일,서울특별시 강북구 미아동,경상사고,0,0,1,0,차대차 - 기타,안전운전불이행,포장 - 건조,맑음,단일로 - 기타,승합,남,62세,상해없음,자전거,남,12세,상해없음
2017061100100233,2017년 6월 11일 13시,일요일,서울특별시 동대문구 휘경동,중상사고,0,1,0,1,차대차 - 기타,안전운전불이행,포장 - 건조,맑음,단일로 - 기타,자전거,남,31세,부상신고,자전거,여,30세,중상
2017061100100359,2017년 6월 11일 17시,일요일,서울특별시 중구 입정동,경상사고,0,0,1,0,차대차 - 기타,안전거리미확보,포장 - 건조,맑음,주차장 - 주차장,기타불명,기타불명,미분류,기타불명,자전거,남,54세,경상
2017061100100399,2017년 6월 11일 18시,일요일,서울특별시 양천구 신정동,중상사고,0,1,0,0,차대차 - 측면충돌,안전운전불이행,포장 - 건조,맑음,단일로 - 기타,자전거,남,48세,상해없음,자전거,여,54세,중상
2017061100100462,2017년 6월 11일 20시,일요일,서울특별시 구로구 천왕동,경상사고,0,0,1,0,차대차 - 측면충돌,기타,포장 - 건조,맑음,단일로 - 기타,원동기,남,67세,상해없음,자전거,남,10세,경상
2017061200100046,2017년 6월 12일 05시,월요일,서울특별시 용산구 원효로4가,중상사고,0,1,0,0,차대차 - 측면충돌,안전운전불이행,포장 - 건조,맑음,단일로 - 기타,승용,남,34세,상해없음,자전거,남,61세,중상
2017061200100059,2017년 6월 12일 06시,월요일,서울특별시 동대문구 장안동,경상사고,0,0,1,0,차대차 - 추돌,안전운전불이행,포장 - 건조,맑음,단일로 - 기타,기타불명,기타불명,미분류,기타불명,자전거,남,62세,경상
2017061200100061,2017년 6월 12일 06시,월요일,서울특별시 도봉구 창동,경상사고,0,0,1,0,차대차 - 추돌,안전운전불이행,포장 - 건조,맑음,단일로 - 기타,기타불명,기타불명,미분류,기타불명,자전거,남,59세,경상
2017061200100105,2017년 6월 12일 08시,월요일,서울특별시 성북구 길음동,중상사고,0,1,0,0,차대차 - 측면충돌,기타,포장 - 건조,맑음,단일로 - 기타,승용,남,66세,상해없음,자전거,남,33세,중상
2017061200100244,2017년 6월 12일 12시,월요일,서울특별시 강동구 성내동,경상사고,0,0,1,0,차대차 - 측면충돌,안전운전불이행,포장 - 건조,맑음,단일로 - 기타,기타불명,남,61세,상해없음,자전거,남,34세,경상
2017061200100266,2017년 6월 12일 13시,월요일,서울특별시 영등포구 신길동,사망사고,1,0,0,0,차대차 - 정면충돌,안전운전불이행,포장 - 건조,맑음,기타 - 기타,화물,남,36세,상해없음,자전거,남,76세,사망
2017061200100345,2017년 6월 12일 15시,월요일,서울특별시 도봉구 쌍문동,경상사고,0,0,1,0,차대차 - 측면충돌,직진우회전진행방해,포장 - 건조,맑음,교차로 - 교차로안,화물,남,58세,상해없음,자전거,남,77세,경상
2017061200100420,2017년 6월 12일 17시,월요일,서울특별시 강남구 대치동,경상사고,0,0,1,0,차대차 - 측면충돌,안전운전불이행,포장 - 건조,맑음,교차로 - 교차로횡단보도내,승용,남,34세,상해없음,자전거,남,13세,경상
2017061200100448,2017년 6월 12일 18시,월요일,서울특별시 영등포구 대림동,부상신고사고,0,0,0,1,차대차 - 측면충돌,기타,포장 - 건조,맑음,단일로 - 기타,승용,남,61세,상해없음,자전거,여,11세,부상신고
2017061200100531,2017년 6월 12일 21시,월요일,서울특별시 동대문구 이문동,중상사고,0,1,0,0,차대차 - 측면충돌,신호위반,포장 - 건조,흐림,교차로 - 교차로횡단보도내,승용,남,74세,상해없음,자전거,남,23세,중상
2017061300100065,2017년 6월 13일 07시,화요일,서울특별시 영등포구 양평동6가,경상사고,0,0,1,0,차대차 - 측면충돌,안전운전불이행,포장 - 건조,맑음,교차로 - 교차로안,승용,남,63세,상해없음,자전거,남,56세,경상
2017061300100139,2017년 6월 13일 09시,화요일,서울특별시 마포구 도화동,중상사고,0,1,0,0,차대차 - 측면충돌,기타,포장 - 건조,맑음,단일로 - 기타,승용,남,60세,상해없음,자전거,남,43세,중상
2017061300100424,2017년 6월 13일 18시,화요일,서울특별시 마포구 망원동,중상사고,0,1,0,0,차대차 - 정면충돌,신호위반,포장 - 건조,맑음,교차로 - 교차로안,이륜,남,68세,상해없음,자전거,남,68세,중상
2017061300100428,2017년 6월 13일 18시,화요일,서울특별시 중랑구 면목동,경상사고,0,0,1,0,차대차 - 측면충돌,교차로운행방법위반,포장 - 건조,맑음,교차로 - 교차로안,승용,남,60세,상해없음,자전거,남,11세,경상
2017061300100474,2017년 6월 13일 19시,화요일,서울특별시 중랑구 중화동,경상사고,0,0,1,0,차대차 - 측면충돌,기타,포장 - 건조,흐림,교차로 - 교차로부근,승용,남,62세,상해없음,자전거,여,55세,경상
2017061300100475,2017년 6월 13일 19시,화요일,서울특별시 강남구 삼성동,중상사고,0,2,0,0,차대차 - 정면충돌,안전운전불이행,포장 - 기타,맑음,기타 - 기타,자전거,남,34세,중상,자전거,여,40세,중상
2017061300100479,2017년 6월 13일 19시,화요일,서울특별시 강남구 역삼동,경상사고,0,0,1,0,차대차 - 측면충돌,신호위반,포장 - 건조,맑음,단일로 - 기타,승용,남,28세,상해없음,자전거,남,49세,경상
2017061300100512,2017년 6월 13일 20시,화요일,서울특별시 영등포구 여의도동,경상사고,0,0,1,0,차대차 - 측면충돌,안전운전불이행,포장 - 건조,맑음,단일로 - 기타,승용,남,61세,상해없음,자전거,남,24세,경상
2017061400100103,2017년 6월 14일 07시,수요일,서울특별시 영등포구 도림동,중상사고,0,1,0,0,차대차 - 기타,안전운전불이행,포장 - 건조,맑음,단일로 - 기타,승용,남,80세,상해없음,자전거,남,71세,중상
2017061400100326,2017년 6월 14일 14시,수요일,서울특별시 성동구 성수동1가,경상사고,0,0,1,0,차대차 - 측면충돌,신호위반,포장 - 건조,맑음,교차로 - 교차로횡단보도내,이륜,남,54세,상해없음,자전거,여,39세,경상
2017061400100330,2017년 6월 14일 14시,수요일,서울특별시 양천구 신정동,부상신고사고,0,0,0,1,차대차 - 기타,안전운전불이행,포장 - 건조,맑음,단일로 - 기타,자전거,남,70세,상해없음,자전거,남,35세,부상신고
2017061400100401,2017년 6월 14일 16시,수요일,서울특별시 영등포구 당산동5가,경상사고,0,0,1,0,차대차 - 정면충돌,안전운전불이행,포장 - 건조,맑음,교차로 - 교차로횡단보도내,승용,여,39세,상해없음,자전거,남,10세,경상
2017061400100494,2017년 6월 14일 18시,수요일,서울특별시 성북구 동선동3가,경상사고,0,0,1,0,차대차 - 측면충돌,직진우회전진행방해,포장 - 건조,맑음,교차로 - 교차로안,승용,여,54세,상해없음,자전거,남,12세,경상
2017061400100499,2017년 6월 14일 18시,수요일,서울특별시 중랑구 면목동,경상사고,0,0,1,0,차대차 - 기타,안전운전불이행,포장 - 건조,맑음,주차장 - 주차장,승용,남,46세,상해없음,자전거,남,12세,경상
2017061400100646,2017년 6월 14일 22시,수요일,서울특별시 서초구 반포동,경상사고,0,0,1,0,차대차 - 측면충돌,신호위반,포장 - 건조,맑음,교차로 - 교차로안,기타불명,기타불명,미분류,기타불명,자전거,남,16세,경상
2017061500100344,2017년 6월 15일 14시,목요일,서울특별시 송파구 석촌동,경상사고,0,0,1,0,차대차 - 측면충돌,안전운전불이행,포장 - 건조,맑음,교차로 - 교차로안,승용,남,44세,상해없음,자전거,남,14세,경상
2017061500100523,2017년 6월 15일 19시,목요일,서울특별시 중랑구 중화동,경상사고,0,0,2,0,차대차 - 기타,안전운전불이행,포장 - 건조,맑음,단일로 - 기타,자전거,남,45세,경상,자전거,남,41세,경상
2017061600100023,2017년 6월 16일 00시,금요일,서울특별시 동작구 대방동,경상사고,0,0,1,0,차대차 - 기타,안전운전불이행,포장 - 건조,맑음,기타 - 기타,승용,남,53세,상해없음,자전거,남,49세,경상
2017061600100113,2017년 6월 16일 08시,금요일,서울특별시 노원구 월계동,경상사고,0,0,1,0,차대차 - 기타,안전운전불이행,포장 - 건조,맑음,단일로 - 기타,승용,남,27세,상해없음,자전거,남,14세,경상
2017061600100375,2017년 6월 16일 16시,금요일,서울특별시 강남구 대치동,중상사고,0,1,0,0,차대차 - 정면충돌,안전운전불이행,포장 - 건조,맑음,단일로 - 기타,승용,남,52세,상해없음,자전거,남,58세,중상
2017061600100514,2017년 6월 16일 20시,금요일,서울특별시 서대문구 북가좌동,경상사고,0,0,1,0,차대차 - 측면충돌,안전운전불이행,포장 - 건조,맑음,교차로 - 교차로부근,승용,남,29세,상해없음,자전거,남,47세,경상
2017061600100548,2017년 6월 16일 21시,금요일,서울특별시 노원구 상계동,부상신고사고,0,0,0,1,차대차 - 기타,중앙선침범,포장 - 건조,맑음,기타 - 기타,이륜,남,20세,상해없음,자전거,남,12세,부상신고
2017061600100584,2017년 6월 16일 22시,금요일,서울특별시 강북구 수유동,경상사고,0,0,1,0,차대차 - 기타,기타,포장 - 건조,흐림,단일로 - 기타,승용,남,63세,상해없음,자전거,남,14세,경상
2017061700100109,2017년 6월 17일 06시,토요일,서울특별시 동작구 본동,경상사고,0,0,1,0,차대차 - 측면충돌,신호위반,포장 - 건조,맑음,교차로 - 교차로횡단보도내,화물,남,57세,상해없음,자전거,남,58세,경상
2017061700100133,2017년 6월 17일 08시,토요일,서울특별시 송파구 가락동,경상사고,0,0,1,0,차대차 - 추돌,안전운전불이행,비포장 - 건조,맑음,단일로 - 기타,원동기,남,44세,상해없음,자전거,남,73세,경상
2017061700100281,2017년 6월 17일 12시,토요일,서울특별시 강서구 마곡동,경상사고,0,0,1,0,차대차 - 기타,안전운전불이행,포장 - 기타,맑음,단일로 - 기타,자전거,남,58세,상해없음,자전거,남,58세,경상
2017061700100348,2017년 6월 17일 14시,토요일,서울특별시 중구 황학동,경상사고,0,0,1,0,차대차 - 측면충돌,안전운전불이행,포장 - 건조,맑음,교차로 - 교차로안,승용,남,55세,상해없음,자전거,남,38세,경상
2017061700100386,2017년 6월 17일 15시,토요일,서울특별시 송파구 송파동,경상사고,0,0,1,0,차대차 - 기타,안전운전불이행,포장 - 건조,맑음,단일로 - 기타,기타불명,기타불명,미분류,기타불명,자전거,남,18세,경상
2017061700100494,2017년 6월 17일 18시,토요일,서울특별시 송파구 잠실동,중상사고,0,1,0,0,차대차 - 측면충돌,안전운전불이행,포장 - 건조,맑음,단일로 - 기타,승용,여,37세,상해없음,자전거,여,58세,중상
2017061700100644,2017년 6월 17일 22시,토요일,서울특별시 강서구 외발산동,중상사고,0,1,0,0,차대차 - 기타,안전운전불이행,포장 - 건조,맑음,단일로 - 기타,승합,남,60세,상해없음,자전거,남,65세,중상
2017061700100669,2017년 6월 17일 23시,토요일,서울특별시 성동구 금호동3가,경상사고,0,0,1,0,차대차 - 측면충돌,안전운전불이행,포장 - 건조,맑음,단일로 - 기타,원동기,남,26세,상해없음,자전거,남,66세,경상
2017061800100108,2017년 6월 18일 09시,일요일,서울특별시 송파구 문정동,경상사고,0,0,1,0,차대차 - 측면충돌,기타,포장 - 건조,맑음,단일로 - 기타,승용,남,28세,상해없음,자전거,여,54세,경상
2017061800100109,2017년 6월 18일 09시,일요일,서울특별시 양천구 목동,경상사고,0,0,1,0,차대차 - 측면충돌,안전운전불이행,포장 - 건조,맑음,교차로 - 교차로안,승용,남,29세,상해없음,자전거,여,69세,경상
2017061800100126,2017년 6월 18일 10시,일요일,서울특별시 성동구 성수동2가,중상사고,0,1,0,0,차대차 - 측면충돌,직진우회전진행방해,포장 - 건조,맑음,교차로 - 교차로안,승용,남,44세,상해없음,자전거,여,17세,중상
2017061800100197,2017년 6월 18일 13시,일요일,서울특별시 용산구 이촌동,경상사고,0,0,1,0,차대차 - 측면충돌,안전운전불이행,포장 - 건조,맑음,단일로 - 기타,자전거,남,79세,상해없음,자전거,여,51세,경상
2017061800100258,2017년 6월 18일 15시,일요일,서울특별시 강남구 개포동,중상사고,0,1,0,0,차대차 - 기타,신호위반,포장 - 건조,맑음,교차로 - 교차로안,승용,남,58세,상해없음,자전거,남,35세,중상
2017061800100349,2017년 6월 18일 18시,일요일,서울특별시 강남구 일원동,부상신고사고,0,0,0,1,차대차 - 기타,안전운전불이행,포장 - 건조,맑음,교차로 - 교차로안,기타불명,기타불명,미분류,기타불명,자전거,남,40세,부상신고