사고번호,사고일시,요일,시군구,사고내용,사망자수,중상자수,경상자수,부상신고자수,사고유형,법규위반,노면상태,기상상태,도로형태,가해운전자 차종,가해운전자 성별,가해운전자 연령,가해운전자 상해정도,피해운전자 차종,피해운전자 성별,피해운전자 연령,피해운전자 상해정도
2017061800100426,2017년 6월 18일 21시,일요일,서울특별시 동대문구 장안동,경상사고,0,0,1,0,차대차 - 기타,안전운전불이행,포장 - 건조,맑음,단일로 - 기타,자전거,남,46세,기타불명,자전거,남,34세,경상
2017061900100186,2017년 6월 19일 09시,월요일,서울특별시 동대문구 이문동,경상사고,0,0,1,0,차대차 - 측면충돌,중앙선침범,포장 - 건조,맑음,교차로 - 교차로부근,승용,남,49세,상해없음,자전거,남,33세,경상
2017061900100220,2017년 6월 19일 10시,월요일,서울특별시 강남구 신사동,중상사고,0,1,0,0,차대차 - 기타,안전운전불이행,포장 - 건조,맑음,단일로 - 기타,승용,남,67세,상해없음,자전거,남,66세,중상
2017061900100329,2017년 6월 19일 14시,월요일,서울특별시 강남구 역삼동,경상사고,0,0,1,0,차대차 - 기타,안전운전불이행,포장 - 건조,맑음,단일로 - 기타,기타불명,기타불명,미분류,기타불명,자전거,남,27세,경상
2017061900100421,2017년 6월 19일 16시,월요일,서울특별시 강서구 마곡동,경상사고,0,0,1,0,차대차 - 기타,안전운전불이행,포장 - 건조,맑음,단일로 - 기타,승용,여,65세,상해없음,자전거,남,8세,경상
2017061900100425,2017년 6월 19일 16시,월요일,서울특별시 은평구 역촌동,경상사고,0,0,1,0,차대차 - 측면충돌,안전운전불이행,포장 - 건조,맑음,기타 - 기타,화물,남,52세,상해없음,자전거,남,16세,경상
2017061900100458,2017년 6월 19일 17시,월요일,서울특별시 종로구 예지동,중상사고,0,1,0,0,차대차 - 기타,안전운전불이행,포장 - 건조,맑음,단일로 - 기타,이륜,남,66세,상해없음,자전거,남,78세,중상
2017061900100598,2017년 6월 19일 21시,월요일,서울특별시 광진구 자양동,경상사고,0,0,1,0,차대차 - 기타,기타,포장 - 건조,맑음,단일로 - 기타,승용,남,57세,상해없음,자전거,남,25세,경상
2017062000100076,2017년 6월 20일 07시,화요일,서울특별시 중랑구 면목동,중상사고,0,1,0,0,차대차 - 기타,안전운전불이행,포장 - 건조,맑음,단일로 - 기타,승용,남,53세,상해없음,자전거,남,68세,중상
2017062000100106,2017년 6월 20일 08시,화요일,서울특별시 송파구 가락동,사망사고,1,1,0,0,차대차 - 측면충돌,안전운전불이행,포장 - 건조,맑음,교차로 - 교차로횡단보도내,승합,남,62세,상해없음,자전거,남,74세,사망
2017062000100414,2017년 6월 20일 17시,화요일,서울특별시 구로구 구로동,중상사고,0,1,0,0,차대차 - 정면충돌,안전운전불이행,포장 - 건조,맑음,단일로 - 기타,승용,남,31세,상해없음,자전거,여,63세,중상
2017062000100557,2017년 6월 20일 21시,화요일,서울특별시 성동구 성수동1가,중상사고,0,1,0,0,차대차 - 기타,안전운전불이행,포장 - 건조,맑음,단일로 - 기타,자전거,남,37세,상해없음,자전거,남,47세,중상
2017062000100559,2017년 6월 20일 21시,화요일,서울특별시 은평구 역촌동,중상사고,0,1,0,0,차대차 - 기타,안전운전불이행,포장 - 건조,맑음,교차로 - 교차로안,기타불명,기타불명,미분류,기타불명,자전거,남,12세,중상
2017062000100596,2017년 6월 20일 22시,화요일,서울특별시 구로구 오류동,중상사고,0,1,0,0,차대차 - 측면충돌,교차로운행방법위반,포장 - 건조,맑음,교차로 - 교차로횡단보도내,화물,남,49세,상해없음,자전거,남,49세,중상
2017062000100625,2017년 6월 20일 23시,화요일,서울특별시 노원구 상계동,경상사고,0,0,1,0,차대차 - 기타,안전운전불이행,포장 - 건조,맑음,교차로 - 교차로안,화물,남,27세,상해없음,자전거,여,55세,경상
2017062100100116,2017년 6월 21일 08시,수요일,서울특별시 구로구 구로동,중상사고,0,1,0,0,차대차 - 기타,기타,포장 - 건조,맑음,단일로 - 기타,승용,남,57세,상해없음,자전거,여,50세,중상
2017062100100336,2017년 6월 21일 16시,수요일,서울특별시 구로구 궁동,경상사고,0,0,1,0,차대차 - 측면충돌,안전운전불이행,포장 - 건조,맑음,단일로 - 기타,승용,남,63세,상해없음,자전거,남,16세,경상
2017062100100377,2017년 6월 21일 17시,수요일,서울특별시 마포구 상암동,중상사고,0,1,0,0,차대차 - 기타,안전운전불이행,포장 - 건조,맑음,단일로 - 기타,이륜,남,48세,상해없음,자전거,남,25세,중상
2017062100100491,2017년 6월 21일 20시,수요일,서울특별시 영등포구 대림동,경상사고,0,0,1,0,차대차 - 측면충돌,신호위반,포장 - 건조,맑음,교차로 - 교차로부근,승용,여,34세,상해없음,자전거,남,10세,경상
2017062100100550,2017년 6월 21일 22시,수요일,서울특별시 강서구 방화동,부상신고사고,0,0,0,2,차대차 - 기타,안전운전불이행,포장 - 건조,맑음,교차로 - 교차로부근,자전거,남,8세,부상신고,자전거,남,13세,부상신고
2017062100100551,2017년 6월 21일 22시,수요일,서울특별시 성북구 종암동,경상사고,0,0,1,0,차대차 - 측면충돌,신호위반,포장 - 건조,맑음,기타 - 기타,이륜,남,22세,상해없음,자전거,남,8세,경상
2017062200100210,2017년 6월 22일 11시,목요일,서울특별시 용산구 서빙고동,중상사고,0,1,0,0,차대차 - 정면충돌,안전운전불이행,포장 - 건조,맑음,단일로 - 기타,화물,남,57세,상해없음,자전거,남,54세,중상
2017062200100243,2017년 6월 22일 12시,목요일,서울특별시 중랑구 상봉동,경상사고,0,0,1,0,차대차 - 측면충돌,안전운전불이행,포장 - 건조,맑음,교차로 - 교차로부근,기타불명,기타불명,미분류,기타불명,자전거,남,68세,경상
2017062200100268,2017년 6월 22일 13시,목요일,서울특별시 강동구 성내동,경상사고,0,0,1,0,차대차 - 기타,안전운전불이행,포장 - 건조,맑음,교차로 - 교차로횡단보도내,승용,남,67세,상해없음,자전거,여,66세,경상
2017062200100339,2017년 6월 22일 15시,목요일,서울특별시 성북구 정릉동,부상신고사고,0,0,0,1,차대차 - 정면충돌,신호위반,포장 - 건조,맑음,교차로 - 교차로부근,기타불명,기타불명,미분류,기타불명,자전거,남,12세,부상신고
2017062200100403,2017년 6월 22일 17시,목요일,서울특별시 동대문구 장안동,경상사고,0,0,1,0,차대차 - 측면충돌,안전운전불이행,포장 - 건조,맑음,기타 - 기타,이륜,남,21세,상해없음,자전거,여,69세,경상
2017062200100405,2017년 6월 22일 17시,목요일,서울특별시 중랑구 중화동,중상사고,0,1,0,0,차대차 - 정면충돌,안전운전불이행,포장 - 건조,맑음,단일로 - 기타,화물,남,66세,상해없음,자전거,남,68세,중상
2017062200100526,2017년 6월 22일 20시,목요일,서울특별시 동대문구 청량리동,경상사고,0,0,1,0,차대차 - 기타,안전거리미확보,포장 - 건조,맑음,단일로 - 기타,승용,남,31세,상해없음,자전거,남,18세,경상
2017062200100527,2017년 6월 22일 20시,목요일,서울특별시 금천구 가산동,경상사고,0,0,1,0,차대차 - 측면충돌,안전운전불이행,포장 - 건조,맑음,단일로 - 기타,승용,남,60세,상해없음,자전거,여,60세,경상
2017062200100560,2017년 6월 22일 21시,목요일,서울특별시 용산구 보광동,경상사고,0,0,2,0,차대차 - 추돌,안전거리미확보,포장 - 건조,맑음,기타 - 기타,자전거,여,32세,경상,자전거,여,25세,경상
2017062300100173,2017년 6월 23일 09시,금요일,서울특별시 강북구 수유동,경상사고,0,0,1,1,차대차 - 측면충돌,신호위반,포장 - 건조,맑음,단일로 - 기타,원동기,남,25세,부상신고,자전거,남,78세,경상
2017062300100278,2017년 6월 23일 12시,금요일,서울특별시 강동구 암사동,경상사고,0,0,1,0,차대차 - 정면충돌,교차로운행방법위반,포장 - 건조,맑음,교차로 - 교차로안,승용,남,33세,상해없음,자전거,여,47세,경상
2017062300100331,2017년 6월 23일 14시,금요일,서울특별시 강동구 성내동,경상사고,0,0,1,0,차대차 - 측면충돌,기타,포장 - 건조,맑음,단일로 - 기타,승용,남,61세,상해없음,자전거,남,68세,경상
2017062300100581,2017년 6월 23일 20시,금요일,서울특별시 양천구 목동,중상사고,0,1,0,0,차대차 - 측면충돌,안전운전불이행,포장 - 건조,맑음,단일로 - 기타,건설기계,남,47세,상해없음,자전거,남,57세,중상
2017062400100137,2017년 6월 24일 08시,토요일,서울특별시 강동구 성내동,경상사고,0,0,1,0,차대차 - 기타,교차로운행방법위반,포장 - 건조,맑음,교차로 - 교차로부근,승용,남,64세,상해없음,자전거,여,55세,경상
2017062400100216,2017년 6월 24일 11시,토요일,서울특별시 송파구 풍납동,경상사고,0,0,1,0,차대차 - 정면충돌,안전운전불이행,포장 - 건조,맑음,단일로 - 기타,자전거,남,62세,상해없음,자전거,남,44세,경상
2017062400100242,2017년 6월 24일 12시,토요일,서울특별시 관악구 봉천동,경상사고,0,0,1,0,차대차 - 기타,안전거리미확보,포장 - 건조,맑음,단일로 - 기타,승용,남,48세,상해없음,자전거,남,42세,경상
2017062400100380,2017년 6월 24일 16시,토요일,서울특별시 강북구 수유동,부상신고사고,0,0,0,1,차대차 - 기타,직진우회전진행방해,포장 - 건조,맑음,교차로 - 교차로안,화물,남,51세,상해없음,자전거,남,9세,부상신고
2017062400100443,2017년 6월 24일 18시,토요일,서울특별시 강남구 일원동,중상사고,0,1,0,0,차대차 - 측면충돌,안전운전불이행,포장 - 건조,맑음,단일로 - 기타,승용,남,38세,상해없음,자전거,남,56세,중상
2017062500100096,2017년 6월 25일 07시,일요일,서울특별시 종로구 종로4가,중상사고,0,1,0,0,차대차 - 측면충돌,신호위반,포장 - 건조,맑음,단일로 - 기타,원동기,남,39세,상해없음,자전거,남,78세,중상
2017062500100162,2017년 6월 25일 11시,일요일,서울특별시 서대문구 홍제동,부상신고사고,0,0,0,1,차대차 - 기타,안전운전불이행,포장 - 건조,맑음,단일로 - 기타,기타불명,기타불명,미분류,기타불명,자전거,남,16세,부상신고
2017062500100223,2017년 6월 25일 14시,일요일,서울특별시 강서구 방화동,중상사고,0,1,0,0,차대차 - 측면충돌,안전운전불이행,포장 - 건조,맑음,교차로 - 교차로부근,승용,남,38세,상해없음,자전거,남,68세,중상
2017062500100323,2017년 6월 25일 18시,일요일,서울특별시 중랑구 면목동,경상사고,0,0,1,0,차대차 - 정면충돌,안전운전불이행,포장 - 건조,맑음,교차로 - 교차로부근,이륜,남,19세,경상,자전거,남,8세,상해없음
2017062500100387,2017년 6월 25일 20시,일요일,서울특별시 송파구 잠실동,경상사고,0,0,1,0,차대차 - 정면충돌,안전운전불이행,포장 - 건조,맑음,교차로 - 교차로부근,승용,남,63세,상해없음,자전거,남,37세,경상
2017062600100018,2017년 6월 26일 00시,월요일,서울특별시 동대문구 제기동,중상사고,0,1,0,0,차대차 - 기타,중앙선침범,포장 - 건조,맑음,단일로 - 기타,승용,남,31세,상해없음,자전거,남,66세,중상
2017062600100207,2017년 6월 26일 11시,월요일,서울특별시 중구 신당동,사망사고,1,1,2,0,차대차 - 기타,안전운전불이행,포장 - 건조,맑음,단일로 - 기타,승합,남,62세,상해없음,자전거,남,56세,사망
2017062600100269,2017년 6월 26일 13시,월요일,서울특별시 강북구 미아동,경상사고,0,0,1,0,차대차 - 후진중충돌,안전운전불이행,포장 - 건조,맑음,단일로 - 기타,화물,남,67세,상해없음,자전거,남,77세,경상
2017062700100026,2017년 6월 27일 00시,화요일,서울특별시 송파구 석촌동,경상사고,0,0,1,0,차대차 - 측면충돌,신호위반,포장 - 건조,맑음,교차로 - 교차로안,승용,여,58세,상해없음,자전거,여,39세,경상
2017062700100225,2017년 6월 27일 11시,화요일,서울특별시 성동구 성수동1가,경상사고,0,0,1,0,차대차 - 측면충돌,안전운전불이행,포장 - 건조,맑음,단일로 - 기타,자전거,여,18세,상해없음,자전거,남,78세,경상
2017062700100247,2017년 6월 27일 12시,화요일,서울특별시 성동구 하왕십리동,부상신고사고,0,0,0,1,차대차 - 기타,안전운전불이행,포장 - 건조,맑음,교차로 - 교차로안,기타불명,기타불명,미분류,기타불명,자전거,여,49세,부상신고
2017062700100314,2017년 6월 27일 14시,화요일,서울특별시 광진구 자양동,경상사고,0,0,1,0,차대차 - 기타,안전운전불이행,포장 - 건조,맑음,단일로 - 기타,화물,남,56세,상해없음,자전거,여,69세,경상
2017062700100424,2017년 6월 27일 17시,화요일,서울특별시 강동구 길동,중상사고,0,1,0,0,차대차 - 측면충돌,신호위반,포장 - 건조,맑음,단일로 - 기타,승용,남,59세,상해없음,자전거,여,62세,중상
2017062700100506,2017년 6월 27일 19시,화요일,서울특별시 강서구 염창동,중상사고,0,2,0,0,차대차 - 측면충돌,안전운전불이행,포장 - 건조,맑음,단일로 - 기타,자전거,남,52세,중상,자전거,남,24세,중상
2017062700100564,2017년 6월 27일 21시,화요일,서울특별시 송파구 송파동,중상사고,0,1,0,0,차대차 - 측면충돌,안전운전불이행,포장 - 건조,맑음,교차로 - 교차로안,승용,남,34세,상해없음,자전거,남,74세,중상
2017062800100086,2017년 6월 28일 06시,수요일,서울특별시 동대문구 용두동,중상사고,0,1,0,0,차대차 - 기타,직진우회전진행방해,포장 - 건조,맑음,교차로 - 교차로안,승용,남,63세,상해없음,자전거,여,73세,중상
2017062800100102,2017년 6월 28일 07시,수요일,서울특별시 중랑구 면목동,경상사고,0,0,1,0,차대차 - 정면충돌,안전운전불이행,포장 - 건조,맑음,단일로 - 기타,화물,남,22세,상해없음,자전거,남,26세,경상
2017062800100185,2017년 6월 28일 10시,수요일,서울특별시 마포구 망원동,경상사고,0,0,1,0,차대차 - 기타,안전운전불이행,포장 - 건조,맑음,단일로 - 기타,승용,남,31세,상해없음,자전거,여,76세,경상
2017062800100361,2017년 6월 28일 17시,수요일,서울특별시 성동구 성수동2가,중상사고,0,1,0,0,차대차 - 측면충돌,직진우회전진행방해,포장 - 건조,맑음,교차로 - 교차로안,승용,남,28세,상해없음,자전거,여,46세,중상
2017062800100367,2017년 6월 28일 17시,수요일,서울특별시 성북구 하월곡동,경상사고,0,0,1,0,차대차 - 정면충돌,안전운전불이행,포장 - 건조,맑음,단일로 - 기타,기타불명,기타불명,미분류,기타불명,자전거,여,10세,경상
2017062800100470,2017년 6월 28일 19시,수요일,서울특별시 강남구 논현동,중상사고,0,1,0,0,차대차 - 기타,안전운전불이행,포장 - 건조,맑음,단일로 - 기타,개인형이동수단(PM),남,20세,상해없음,자전거,남,61세,중상
2017062900100139,2017년 6월 29일 09시,목요일,서울특별시 금천구 시흥동,경상사고,0,0,1,0,차대차 - 측면충돌,중앙선침범,포장 - 건조,맑음,단일로 - 기타,승용,남,75세,상해없음,자전거,남,19세,경상
2017062900100369,2017년 6월 29일 17시,목요일,서울특별시 동작구 대방동,중상사고,0,1,0,0,차대차 - 기타,안전운전불이행,포장 - 건조,맑음,기타 - 기타,승용,남,64세,상해없음,자전거,남,47세,중상
2017062900100487,2017년 6월 29일 20시,목요일,서울특별시 광진구 화양동,경상사고,0,0,1,0,차대차 - 기타,기타,포장 - 건조,맑음,단일로 - 기타,승용,남,51세,상해없음,자전거,남,27세,경상
2017062900100561,2017년 6월 29일 22시,목요일,서울특별시 동대문구 장안동,경상사고,0,0,1,0,차대차 - 측면충돌,안전운전불이행,포장 - 건조,흐림,단일로 - 기타,자전거,남,22세,상해없음,자전거,남,49세,경상
2017063000100070,2017년 6월 30일 04시,금요일,서울특별시 노원구 공릉동,중상사고,0,1,0,0,차대차 - 추돌,안전운전불이행,포장 - 건조,맑음,단일로 - 기타,승용,남,34세,상해없음,자전거,남,70세,중상
2017063000100196,2017년 6월 30일 10시,금요일,서울특별시 중랑구 묵동,중상사고,0,1,0,0,차대차 - 정면충돌,안전운전불이행,포장 - 건조,맑음,교차로 - 교차로안,승용,남,41세,상해없음,자전거,남,84세,중상
2017063000100429,2017년 6월 30일 17시,금요일,서울특별시 서대문구 창천동,경상사고,0,0,1,0,차대차 - 측면충돌,중앙선침범,포장 - 건조,맑음,단일로 - 기타,이륜,남,17세,상해없음,자전거,남,24세,경상
2017063000100435,2017년 6월 30일 17시,금요일,서울특별시 양천구 신월동,경상사고,0,0,1,0,차대차 - 기타,안전운전불이행,포장 - 건조,맑음,교차로 - 교차로안,기타불명,기타불명,미분류,기타불명,자전거,남,12세,경상
2017063000100564,2017년 6월 30일 20시,금요일,서울특별시 도봉구 방학동,경상사고,0,0,1,0,차대차 - 측면충돌,신호위반,포장 - 건조,맑음,교차로 - 교차로안,이륜,남,57세,상해없음,자전거,남,54세,경상
2017063000100597,2017년 6월 30일 21시,금요일,서울특별시 강남구 청담동,중상사고,0,1,0,0,차대차 - 정면충돌,중앙선침범,포장 - 건조,맑음,단일로 - 기타,승용,남,42세,상해없음,자전거,남,29세,중상
2017063000100640,2017년 6월 30일 22시,금요일,서울특별시 강동구 암사동,중상사고,0,1,0,0,차대차 - 정면충돌,안전운전불이행,포장 - 건조,맑음,단일로 - 교량,자전거,남,38세,상해없음,자전거,여,32세,중상
2017070100100114,2017년 7월 1일 06시,토요일,서울특별시 강북구 번동,경상사고,0,0,1,0,차대차 - 기타,안전운전불이행,포장 - 건조,맑음,단일로 - 기타,화물,남,49세,상해없음,자전거,남,82세,경상
2017070100100127,2017년 7월 1일 07시,토요일,서울특별시 동작구 노량진동,중상사고,0,1,0,1,차대차 - 측면충돌,안전운전불이행,포장 - 건조,맑음,교차로 - 교차로안,자전거,남,44세,부상신고,자전거,여,51세,중상
2017070100100145,2017년 7월 1일 08시,토요일,서울특별시 중랑구 면목동,중상사고,0,1,0,0,차대차 - 기타,안전거리미확보,포장 - 건조,맑음,교차로 - 교차로부근,승용,여,42세,상해없음,자전거,여,59세,중상
2017070100100188,2017년 7월 1일 10시,토요일,서울특별시 동대문구 신설동,경상사고,0,0,1,0,차대차 - 정면충돌,안전운전불이행,포장 - 건조,맑음,기타 - 기타,승용,남,45세,상해없음,자전거,남,10세,경상
2017070100100212,2017년 7월 1일 11시,토요일,서울특별시 영등포구 신길동,부상신고사고,0,0,0,1,차대차 - 기타,안전운전불이행,포장 - 건조,맑음,단일로 - 기타,기타불명,기타불명,미분류,기타불명,자전거,남,12세,부상신고
2017070100100304,2017년 7월 1일 14시,토요일,서울특별시 동대문구 신설동,경상사고,0,0,2,0,차대차 - 측면충돌,안전운전불이행,포장 - 건조,맑음,교차로 - 교차로안,이륜,남,34세,경상,자전거,남,74세,경상
2017070100100305,2017년 7월 1일 14시,토요일,서울특별시 마포구 동교동,경상사고,0,0,1,0,차대차 - 기타,안전운전불이행,포장 - 건조,맑음,교차로 - 교차로안,기타불명,기타불명,미분류,기타불명,자전거,여,26세,경상
2017070100100492,2017년 7월 1일 19시,토요일,서울특별시 중랑구 중화동,중상사고,0,1,0,0,차대차 - 정면충돌,안전운전불이행,포장 - 건조,맑음,기타 - 기타,승용,여,47세,상해없음,자전거,남,44세,중상
2017070100100522,2017년 7월 1일 20시,토요일,서울특별시 구로구 구로동,경상사고,0,0,1,0,차대차 - 정면충돌,안전운전불이행,포장 - 건조,흐림,단일로 - 기타,화물,남,33세,상해없음,자전거,남,56세,경상
2017070100100557,2017년 7월 1일 21시,토요일,서울특별시 강서구 방화동,경상사고,0,0,1,0,차대차 - 측면충돌,안전운전불이행,포장 - 젖음/습기,비,교차로 - 교차로안,승용,남,52세,상해없음,자전거,남,57세,경상
2017070200100130,2017년 7월 2일 05시,일요일,서울특별시 성동구 행당동,경상사고,0,0,1,0,차대차 - 측면충돌,안전운전불이행,포장 - 건조,맑음,교차로 - 교차로안,승용,남,68세,상해없음,자전거,남,68세,경상
2017070200100238,2017년 7월 2일 13시,일요일,서울특별시 강북구 수유동,경상사고,0,0,1,0,차대차 - 기타,안전운전불이행,포장 - 건조,맑음,단일로 - 기타,원동기,남,38세,상해없음,자전거,남,14세,경상
2017070300100387,2017년 7월 3일 16시,월요일,서울특별시 구로구 구로동,경상사고,0,0,1,0,차대차 - 기타,안전운전불이행,포장 - 건조,맑음,단일로 - 기타,승용,남,37세,상해없음,자전거,남,77세,경상
2017070300100388,2017년 7월 3일 16시,월요일,서울특별시 노원구 상계동,경상사고,0,0,1,0,차대차 - 기타,안전운전불이행,포장 - 건조,맑음,교차로 - 교차로부근,기타불명,기타불명,미분류,기타불명,자전거,여,36세,경상
2017070400100139,2017년 7월 4일 09시,화요일,서울특별시 강서구 화곡동,중상사고,0,1,0,0,차대차 - 기타,안전운전불이행,포장 - 건조,맑음,단일로 - 기타,승용,남,37세,상해없음,자전거,남,34세,중상
2017070400100249,2017년 7월 4일 13시,화요일,서울특별시 강동구 성내동,경상사고,0,0,1,0,차대차 - 측면충돌,기타,포장 - 건조,맑음,단일로 - 기타,승용,남,61세,상해없음,자전거,여,41세,경상
2017070400100345,2017년 7월 4일 16시,화요일,서울특별시 노원구 중계동,중상사고,0,1,0,0,차대차 - 측면충돌,안전운전불이행,포장 - 건조,맑음,교차로 - 교차로부근,화물,남,40세,상해없음,자전거,남,18세,중상
2017070400100378,2017년 7월 4일 17시,화요일,서울특별시 송파구 마천동,중상사고,0,1,0,0,차대차 - 측면충돌,안전운전불이행,포장 - 건조,맑음,교차로 - 교차로부근,승용,남,50세,상해없음,자전거,남,72세,중상
2017070500100071,2017년 7월 5일 05시,수요일,서울특별시 양천구 신월동,경상사고,0,0,1,0,차대차 - 측면충돌,안전운전불이행,포장 - 건조,맑음,단일로 - 기타,원동기,남,44세,상해없음,자전거,남,50세,경상
2017070500100179,2017년 7월 5일 10시,수요일,서울특별시 은평구 불광동,경상사고,0,0,2,0,차대차 - 기타,안전운전불이행,포장 - 건조,맑음,교차로 - 교차로부근,원동기,남,56세,상해없음,자전거,남,60세,경상
2017070500100262,2017년 7월 5일 13시,수요일,서울특별시 마포구 서교동,경상사고,0,0,1,0,차대차 - 측면충돌,안전운전불이행,포장 - 기타,맑음,단일로 - 기타,화물,남,52세,상해없음,자전거,남,30세,경상
2017070500100392,2017년 7월 5일 17시,수요일,서울특별시 은평구 응암동,경상사고,0,0,1,0,차대차 - 기타,기타,포장 - 건조,맑음,단일로 - 기타,승용,남,43세,상해없음,자전거,남,23세,경상
2017070500100481,2017년 7월 5일 19시,수요일,서울특별시 도봉구 방학동,중상사고,0,1,0,0,차대차 - 정면충돌,안전운전불이행,포장 - 기타,맑음,단일로 - 기타,원동기,남,54세,상해없음,자전거,남,22세,중상
2017070500100506,2017년 7월 5일 20시,수요일,서울특별시 종로구 구기동,경상사고,0,0,1,0,차대차 - 기타,안전거리미확보,포장 - 건조,맑음,단일로 - 기타,이륜,남,60세,상해없음,자전거,남,13세,경상
2017070500100509,2017년 7월 5일 20시,수요일,서울특별시 중랑구 중화동,경상사고,0,0,1,0,차대차 - 정면충돌,안전거리미확보,포장 - 건조,맑음,단일로 - 기타,이륜,남,27세,상해없음,자전거,남,19세,경상
2017070500100533,2017년 7월 5일 21시,수요일,서울특별시 용산구 이태원동,중상사고,0,1,0,0,차대차 - 정면충돌,안전거리미확보,포장 - 건조,맑음,단일로 - 기타,승용,남,45세,상해없음,자전거,남,36세,중상
2017070500100560,2017년 7월 5일 22시,수요일,서울특별시 종로구 묘동,부상신고사고,0,0,0,1,차대차 - 측면충돌,기타,포장 - 건조,맑음,단일로 - 기타,승용,남,76세,상해없음,자전거,남,38세,부상신고
2017070600100331,2017년 7월 6일 16시,목요일,서울특별시 마포구 상암동,중상사고,0,1,0,0,차대차 - 측면충돌,안전운전불이행,포장 - 건조,맑음,교차로 - 교차로부근,승용,남,39세,상해없음,자전거,여,62세,중상
2017070600100441,2017년 7월 6일 19시,목요일,서울특별시 중랑구 면목동,경상사고,0,0,1,0,차대차 - 정면충돌,안전운전불이행,포장 - 젖음/습기,흐림,단일로 - 기타,승용,여,35세,상해없음,자전거,남,53세,경상
2017070600100529,2017년 7월 6일 22시,목요일,서울특별시 용산구 동빙고동,부상신고사고,0,0,0,1,차대차 - 추돌,안전운전불이행,포장 - 건조,맑음,단일로 - 기타,기타불명,기타불명,미분류,기타불명,자전거,여,24세,부상신고
2017070600100535,2017년 7월 6일 22시,목요일,서울특별시 동작구 신대방동,경상사고,0,0,1,0,차대차 - 기타,안전운전불이행,포장 - 건조,흐림,교차로 - 교차로부근,기타불명,기타불명,미분류,기타불명,자전거,여,19세,경상
2017070700100159,2017년 7월 7일 09시,금요일,서울특별시 노원구 하계동,경상사고,0,0,1,0,차대차 - 측면충돌,신호위반,포장 - 건조,맑음,단일로 - 기타,승용,여,59세,상해없음,자전거,여,37세,경상
2017070700100266,2017년 7월 7일 13시,금요일,서울특별시 송파구 문정동,중상사고,0,1,0,0,차대차 - 정면충돌,안전운전불이행,포장 - 건조,맑음,단일로 - 기타,승용,남,48세,상해없음,자전거,남,31세,중상
2017070900100073,2017년 7월 9일 06시,일요일,서울특별시 영등포구 대림동,경상사고,0,0,1,0,차대차 - 기타,안전운전불이행,포장 - 건조,맑음,단일로 - 기타,승용,남,21세,경상,자전거,남,54세,상해없음
2017071000100108,2017년 7월 10일 08시,월요일,서울특별시 노원구 중계동,경상사고,0,0,1,0,차대차 - 기타,기타,포장 - 젖음/습기,비,단일로 - 기타,승용,남,53세,상해없음,자전거,여,69세,경상
2017071100100091,2017년 7월 11일 07시,화요일,서울특별시 중랑구 신내동,중상사고,0,1,0,0,차대차 - 정면충돌,안전운전불이행,포장 - 건조,맑음,기타 - 기타,자전거,여,52세,중상,자전거,남,55세,상해없음
2017071100100261,2017년 7월 11일 13시,화요일,서울특별시 영등포구 신길동,중상사고,0,1,0,0,차대차 - 정면충돌,안전운전불이행,포장 - 건조,맑음,교차로 - 교차로안,승용,남,71세,상해없음,자전거,여,56세,중상
2017071100100445,2017년 7월 11일 18시,화요일,서울특별시 성북구 장위동,경상사고,0,0,1,0,차대차 - 정면충돌,안전운전불이행,포장 - 건조,맑음,교차로 - 교차로횡단보도내,화물,남,66세,상해없음,자전거,남,21세,경상
2017071100100605,2017년 7월 11일 23시,화요일,서울특별시 광진구 자양동,중상사고,0,1,0,0,차대차 - 정면충돌,안전운전불이행,포장 - 건조,맑음,단일로 - 기타,자전거,남,17세,중상,자전거,남,32세,상해없음
2017071100100606,2017년 7월 11일 23시,화요일,서울특별시 영등포구 대림동,경상사고,0,0,1,0,차대차 - 정면충돌,신호위반,포장 - 건조,맑음,단일로 - 기타,이륜,남,16세,상해없음,자전거,여,52세,경상
2017071200100067,2017년 7월 12일 06시,수요일,서울특별시 강남구 삼성동,중상사고,0,1,0,0,차대차 - 측면충돌,안전운전불이행,포장 - 건조,맑음,단일로 - 기타,승합,남,41세,상해없음,자전거,남,53세,중상
2017071200100178,2017년 7월 12일 10시,수요일,서울특별시 중랑구 중화동,경상사고,0,0,1,0,차대차 - 정면충돌,안전운전불이행,포장 - 건조,맑음,기타 - 기타,자전거,남,53세,상해없음,자전거,남,67세,경상
2017071200100232,2017년 7월 12일 12시,수요일,서울특별시 금천구 시흥동,경상사고,0,0,1,0,차대차 - 측면충돌,안전운전불이행,포장 - 건조,맑음,교차로 - 교차로안,승합,남,28세,상해없음,자전거,남,81세,경상
2017071200100284,2017년 7월 12일 14시,수요일,서울특별시 도봉구 창동,경상사고,0,0,1,0,차대차 - 측면충돌,직진우회전진행방해,포장 - 건조,맑음,교차로 - 교차로안,이륜,남,23세,상해없음,자전거,남,77세,경상
2017071200100388,2017년 7월 12일 17시,수요일,서울특별시 동대문구 휘경동,경상사고,0,0,1,0,차대차 - 측면충돌,안전운전불이행,포장 - 건조,맑음,단일로 - 기타,승합,남,56세,상해없음,자전거,여,78세,경상
2017071300100024,2017년 7월 13일 00시,목요일,서울특별시 강서구 가양동,중상사고,0,1,0,0,차대차 - 추돌,안전운전불이행,포장 - 건조,맑음,단일로 - 기타,자전거,남,33세,상해없음,자전거,남,65세,중상