사고번호,사고일시,요일,시군구,사고내용,사망자수,중상자수,경상자수,부상신고자수,사고유형,법규위반,노면상태,기상상태,도로형태,가해운전자 차종,가해운전자 성별,가해운전자 연령,가해운전자 상해정도,피해운전자 차종,피해운전자 성별,피해운전자 연령,피해운전자 상해정도
2017071300100061,2017년 7월 13일 06시,목요일,서울특별시 용산구 동빙고동,중상사고,0,1,1,0,차대차 - 추돌,안전운전불이행,포장 - 건조,맑음,단일로 - 기타,자전거,남,56세,경상,자전거,남,74세,중상
2017071300100074,2017년 7월 13일 07시,목요일,서울특별시 동대문구 장안동,중상사고,0,1,0,0,차대차 - 측면충돌,기타,포장 - 건조,맑음,단일로 - 기타,화물,남,47세,상해없음,자전거,여,17세,중상
2017071300100106,2017년 7월 13일 08시,목요일,서울특별시 송파구 문정동,경상사고,0,0,1,0,차대차 - 측면충돌,안전운전불이행,포장 - 건조,맑음,교차로 - 교차로횡단보도내,승용,남,38세,상해없음,자전거,여,27세,경상
2017071300100139,2017년 7월 13일 09시,목요일,서울특별시 강동구 천호동,중상사고,0,1,0,0,차대차 - 기타,안전운전불이행,포장 - 건조,맑음,교차로 - 교차로안,승용,남,68세,상해없음,자전거,여,54세,중상
2017071300100324,2017년 7월 13일 15시,목요일,서울특별시 서대문구 연희동,경상사고,0,0,1,0,차대차 - 기타,직진우회전진행방해,포장 - 건조,맑음,교차로 - 교차로안,승용,여,36세,상해없음,자전거,여,23세,경상
2017071300100410,2017년 7월 13일 18시,목요일,서울특별시 구로구 구로동,경상사고,0,0,1,0,차대차 - 추돌,안전운전불이행,포장 - 건조,맑음,단일로 - 기타,원동기,남,56세,상해없음,자전거,남,11세,경상
2017071300100454,2017년 7월 13일 19시,목요일,서울특별시 강남구 청담동,경상사고,0,0,1,0,차대차 - 기타,안전운전불이행,포장 - 건조,맑음,단일로 - 기타,자전거,남,47세,상해없음,자전거,남,75세,경상
2017071300100512,2017년 7월 13일 21시,목요일,서울특별시 송파구 잠실동,중상사고,0,1,0,0,차대차 - 측면충돌,안전운전불이행,포장 - 건조,맑음,단일로 - 기타,자전거,남,49세,상해없음,자전거,여,47세,중상
2017071400100028,2017년 7월 14일 01시,금요일,서울특별시 도봉구 창동,중상사고,0,1,0,0,차대차 - 측면충돌,안전운전불이행,포장 - 건조,맑음,교차로 - 교차로안,기타불명,기타불명,미분류,기타불명,자전거,남,21세,중상
2017071400100121,2017년 7월 14일 08시,금요일,서울특별시 강남구 개포동,경상사고,0,0,1,0,차대차 - 측면충돌,교차로운행방법위반,포장 - 건조,맑음,교차로 - 교차로안,화물,남,46세,상해없음,자전거,여,67세,경상
2017071400100328,2017년 7월 14일 15시,금요일,서울특별시 양천구 신정동,부상신고사고,0,0,0,1,차대차 - 기타,안전운전불이행,포장 - 건조,맑음,단일로 - 기타,기타불명,기타불명,미분류,기타불명,자전거,남,12세,부상신고
2017071400100472,2017년 7월 14일 19시,금요일,서울특별시 영등포구 신길동,경상사고,0,0,1,0,차대차 - 기타,안전운전불이행,포장 - 건조,맑음,단일로 - 기타,화물,남,32세,상해없음,자전거,남,17세,경상
2017071500100216,2017년 7월 15일 11시,토요일,서울특별시 도봉구 창동,중상사고,0,1,0,0,차대차 - 기타,기타,포장 - 건조,맑음,단일로 - 기타,승용,남,73세,상해없음,자전거,남,74세,중상
2017071500100242,2017년 7월 15일 12시,토요일,서울특별시 마포구 합정동,경상사고,0,0,1,0,차대차 - 기타,신호위반,포장 - 건조,맑음,교차로 - 교차로안,화물,남,35세,상해없음,자전거,남,15세,경상
2017071500100547,2017년 7월 15일 21시,토요일,서울특별시 성동구 용답동,부상신고사고,0,0,0,1,차대차 - 기타,안전운전불이행,포장 - 젖음/습기,비,교차로 - 교차로부근,승용,남,57세,상해없음,자전거,남,52세,부상신고
2017071600100112,2017년 7월 16일 07시,일요일,서울특별시 강서구 가양동,중상사고,0,1,0,0,차대차 - 측면충돌,안전운전불이행,포장 - 건조,맑음,단일로 - 기타,자전거,남,29세,중상,자전거,여,28세,상해없음
2017071600100252,2017년 7월 16일 14시,일요일,서울특별시 용산구 주성동,중상사고,0,1,0,0,차대차 - 측면충돌,안전운전불이행,포장 - 건조,맑음,단일로 - 기타,자전거,남,50세,상해없음,자전거,여,19세,중상
2017071600100319,2017년 7월 16일 16시,일요일,서울특별시 구로구 구로동,경상사고,0,0,1,0,차대차 - 후진중충돌,안전운전불이행,포장 - 건조,맑음,단일로 - 기타,승용,남,39세,상해없음,자전거,남,31세,경상
2017071600100349,2017년 7월 16일 17시,일요일,서울특별시 영등포구 여의도동,경상사고,0,0,1,0,차대차 - 정면충돌,기타,포장 - 건조,맑음,단일로 - 기타,승용,남,78세,상해없음,자전거,남,14세,경상
2017071700100062,2017년 7월 17일 05시,월요일,서울특별시 송파구 가락동,경상사고,0,0,1,0,차대차 - 기타,안전운전불이행,포장 - 건조,흐림,단일로 - 기타,화물,남,45세,상해없음,자전거,남,61세,경상
2017071700100083,2017년 7월 17일 07시,월요일,서울특별시 동대문구 신설동,경상사고,0,0,1,0,차대차 - 기타,안전운전불이행,포장 - 건조,맑음,교차로 - 교차로안,화물,남,34세,상해없음,자전거,남,34세,경상
2017071700100556,2017년 7월 17일 21시,월요일,서울특별시 구로구 구로동,경상사고,0,0,1,0,차대차 - 정면충돌,안전운전불이행,포장 - 건조,맑음,교차로 - 교차로안,승용,남,48세,상해없음,자전거,여,49세,경상
2017071700100603,2017년 7월 17일 23시,월요일,서울특별시 구로구 오류동,경상사고,0,0,1,0,차대차 - 측면충돌,기타,포장 - 건조,맑음,교차로 - 교차로안,승용,남,56세,상해없음,자전거,여,53세,경상
2017071700100604,2017년 7월 17일 23시,월요일,서울특별시 구로구 구로동,부상신고사고,0,0,0,1,차대차 - 기타,안전운전불이행,포장 - 젖음/습기,흐림,단일로 - 기타,기타불명,기타불명,미분류,기타불명,자전거,남,67세,부상신고
2017071800100166,2017년 7월 18일 10시,화요일,서울특별시 동작구 상도동,경상사고,0,0,1,0,차대차 - 추돌,안전운전불이행,포장 - 건조,맑음,교차로 - 교차로부근,승용,여,30세,상해없음,자전거,남,62세,경상
2017071800100390,2017년 7월 18일 18시,화요일,서울특별시 서대문구 홍은동,경상사고,0,0,1,0,차대차 - 추돌,안전운전불이행,포장 - 건조,맑음,단일로 - 기타,승합,남,32세,상해없음,자전거,남,65세,경상
2017071800100396,2017년 7월 18일 18시,화요일,서울특별시 중랑구 상봉동,부상신고사고,0,0,0,1,차대차 - 기타,교차로운행방법위반,포장 - 건조,맑음,교차로 - 교차로부근,승용,남,52세,상해없음,자전거,남,12세,부상신고
2017071900100089,2017년 7월 19일 06시,수요일,서울특별시 강북구 수유동,경상사고,0,0,1,0,차대차 - 측면충돌,기타,포장 - 건조,맑음,단일로 - 기타,기타불명,기타불명,미분류,기타불명,자전거,여,62세,경상
2017071900100111,2017년 7월 19일 08시,수요일,서울특별시 강북구 미아동,경상사고,0,0,1,0,차대차 - 추돌,안전운전불이행,포장 - 건조,맑음,단일로 - 기타,자전거,남,13세,상해없음,자전거,남,81세,경상
2017071900100188,2017년 7월 19일 10시,수요일,서울특별시 중랑구 신내동,중상사고,0,1,0,0,차대차 - 정면충돌,안전운전불이행,포장 - 건조,맑음,교차로 - 교차로안,승용,남,46세,상해없음,자전거,남,19세,중상
2017071900100362,2017년 7월 19일 16시,수요일,서울특별시 송파구 석촌동,경상사고,0,0,1,0,차대차 - 기타,기타,포장 - 건조,맑음,단일로 - 기타,승용,남,69세,상해없음,자전거,남,23세,경상
2017071900100559,2017년 7월 19일 21시,수요일,서울특별시 성북구 정릉동,경상사고,0,0,1,0,차대차 - 추돌,안전운전불이행,포장 - 건조,맑음,단일로 - 기타,자전거,남,36세,상해없음,자전거,남,35세,경상
2017071900100591,2017년 7월 19일 22시,수요일,서울특별시 동작구 노량진동,경상사고,0,0,1,0,차대차 - 기타,기타,포장 - 건조,맑음,단일로 - 기타,승용,남,44세,상해없음,자전거,남,42세,경상
2017072000100024,2017년 7월 20일 00시,목요일,서울특별시 도봉구 도봉동,사망사고,1,0,0,0,차대차 - 측면충돌,안전운전불이행,포장 - 건조,맑음,교차로 - 교차로부근,승용,남,63세,상해없음,자전거,남,54세,사망
2017072000100122,2017년 7월 20일 08시,목요일,서울특별시 영등포구 신길동,경상사고,0,0,1,0,차대차 - 정면충돌,기타,포장 - 건조,맑음,단일로 - 기타,승용,여,47세,상해없음,자전거,여,47세,경상
2017072000100164,2017년 7월 20일 09시,목요일,서울특별시 구로구 구로동,중상사고,0,1,0,0,차대차 - 측면충돌,안전운전불이행,포장 - 건조,맑음,단일로 - 기타,승용,남,45세,상해없음,자전거,여,55세,중상
2017072000100545,2017년 7월 20일 21시,목요일,서울특별시 강동구 암사동,중상사고,0,1,0,0,차대차 - 측면충돌,안전운전불이행,포장 - 건조,흐림,교차로 - 교차로부근,승용,여,57세,상해없음,자전거,여,54세,중상
2017072100100141,2017년 7월 21일 09시,금요일,서울특별시 마포구 상암동,경상사고,0,0,1,0,차대차 - 기타,기타,포장 - 기타,맑음,단일로 - 기타,승용,남,72세,상해없음,자전거,여,60세,경상
2017072100100503,2017년 7월 21일 19시,금요일,서울특별시 마포구 상수동,중상사고,0,1,0,0,차대차 - 측면충돌,신호위반,포장 - 건조,맑음,단일로 - 기타,화물,남,38세,상해없음,자전거,여,56세,중상
2017072100100530,2017년 7월 21일 19시,금요일,서울특별시 중구 태평로1가,경상사고,0,0,1,0,차대차 - 후진중충돌,안전운전불이행,포장 - 건조,맑음,기타 - 기타,승용,남,44세,상해없음,자전거,남,8세,경상
2017072100100634,2017년 7월 21일 23시,금요일,서울특별시 용산구 한남동,경상사고,0,0,1,0,차대차 - 기타,안전운전불이행,포장 - 건조,맑음,단일로 - 지하차도(도로)내,승용,남,34세,상해없음,자전거,여,34세,경상
2017072200100023,2017년 7월 22일 00시,토요일,서울특별시 강남구 논현동,경상사고,0,0,1,0,차대차 - 정면충돌,안전운전불이행,포장 - 건조,맑음,교차로 - 교차로안,승용,여,34세,상해없음,자전거,남,37세,경상
2017072200100174,2017년 7월 22일 09시,토요일,서울특별시 중랑구 망우동,중상사고,0,1,0,0,차대차 - 정면충돌,교차로운행방법위반,포장 - 건조,맑음,교차로 - 교차로안,화물,남,64세,상해없음,자전거,여,57세,중상
2017072200100250,2017년 7월 22일 12시,토요일,서울특별시 강서구 염창동,중상사고,0,1,1,0,차대차 - 측면충돌,교차로운행방법위반,포장 - 건조,맑음,교차로 - 교차로안,자전거,남,13세,중상,자전거,남,17세,경상
2017072200100251,2017년 7월 22일 12시,토요일,서울특별시 강동구 둔촌동,경상사고,0,0,1,0,차대차 - 정면충돌,안전운전불이행,포장 - 건조,맑음,단일로 - 기타,승용,남,45세,상해없음,자전거,남,12세,경상
2017072200100253,2017년 7월 22일 12시,토요일,서울특별시 송파구 잠실동,중상사고,0,1,0,0,차대차 - 정면충돌,신호위반,포장 - 건조,맑음,단일로 - 기타,승용,여,24세,상해없음,자전거,여,30세,중상
2017072300100213,2017년 7월 23일 13시,일요일,서울특별시 노원구 월계동,중상사고,0,1,0,0,차대차 - 기타,안전운전불이행,포장 - 젖음/습기,비,단일로 - 기타,승용,여,71세,상해없음,자전거,남,80세,중상
2017072300100365,2017년 7월 23일 19시,일요일,서울특별시 마포구 합정동,중상사고,0,1,0,0,차대차 - 기타,안전운전불이행,포장 - 건조,맑음,단일로 - 기타,자전거,남,59세,상해없음,자전거,남,65세,중상
2017072300100400,2017년 7월 23일 20시,일요일,서울특별시 은평구 역촌동,중상사고,0,1,0,0,차대차 - 측면충돌,신호위반,포장 - 건조,맑음,교차로 - 교차로안,원동기,남,28세,상해없음,자전거,남,50세,중상
2017072400100091,2017년 7월 24일 07시,월요일,서울특별시 강동구 천호동,경상사고,0,0,1,0,차대차 - 기타,안전운전불이행,포장 - 건조,맑음,단일로 - 기타,승합,남,39세,상해없음,자전거,남,61세,경상
2017072500100022,2017년 7월 25일 00시,화요일,서울특별시 송파구 잠실동,경상사고,0,0,1,0,차대차 - 정면충돌,안전운전불이행,포장 - 건조,흐림,단일로 - 기타,승용,남,59세,상해없음,자전거,남,43세,경상
2017072500100092,2017년 7월 25일 07시,화요일,서울특별시 영등포구 대림동,경상사고,0,0,1,0,차대차 - 정면충돌,교차로운행방법위반,포장 - 건조,맑음,교차로 - 교차로안,승용,남,41세,상해없음,자전거,남,60세,경상
2017072500100120,2017년 7월 25일 08시,화요일,서울특별시 마포구 상암동,중상사고,0,1,0,0,차대차 - 측면충돌,기타,포장 - 건조,맑음,단일로 - 기타,승용,남,63세,상해없음,자전거,여,28세,중상
2017072500100160,2017년 7월 25일 09시,화요일,서울특별시 강동구 성내동,중상사고,0,1,0,0,차대차 - 기타,직진우회전진행방해,포장 - 건조,맑음,교차로 - 교차로안,승용,남,64세,상해없음,자전거,남,48세,중상
2017072500100349,2017년 7월 25일 15시,화요일,서울특별시 종로구 창신동,중상사고,0,1,0,0,차대차 - 측면충돌,안전운전불이행,포장 - 건조,맑음,단일로 - 기타,승용,남,32세,상해없음,자전거,남,12세,중상
2017072600100070,2017년 7월 26일 05시,수요일,서울특별시 구로구 구로동,경상사고,0,0,1,0,차대차 - 측면충돌,안전운전불이행,포장 - 건조,맑음,교차로 - 교차로부근,승용,남,49세,상해없음,자전거,남,48세,경상
2017072600100192,2017년 7월 26일 10시,수요일,서울특별시 동대문구 전농동,경상사고,0,0,1,0,차대차 - 측면충돌,안전운전불이행,포장 - 건조,맑음,교차로 - 교차로횡단보도내,승용,남,72세,상해없음,자전거,남,14세,경상
2017072600100621,2017년 7월 26일 22시,수요일,서울특별시 서대문구 북가좌동,중상사고,0,1,0,0,차대차 - 측면충돌,안전운전불이행,포장 - 건조,흐림,교차로 - 교차로안,승용,남,22세,상해없음,자전거,여,56세,중상
2017072700100049,2017년 7월 27일 01시,목요일,서울특별시 서대문구 연희동,경상사고,0,0,1,0,차대차 - 추돌,안전운전불이행,포장 - 건조,맑음,단일로 - 기타,승용,남,27세,상해없음,자전거,남,29세,경상
2017072700100087,2017년 7월 27일 06시,목요일,서울특별시 도봉구 도봉동,중상사고,0,1,0,0,차대차 - 정면충돌,안전운전불이행,포장 - 건조,맑음,단일로 - 기타,자전거,남,52세,상해없음,자전거,남,74세,중상
2017072700100169,2017년 7월 27일 09시,목요일,서울특별시 성북구 하월곡동,경상사고,0,0,1,0,차대차 - 기타,안전운전불이행,포장 - 건조,맑음,단일로 - 기타,승용,남,57세,상해없음,자전거,남,30세,경상
2017072700100283,2017년 7월 27일 13시,목요일,서울특별시 강북구 수유동,경상사고,0,0,1,0,차대차 - 추돌,안전운전불이행,포장 - 건조,맑음,교차로 - 교차로부근,승용,여,51세,상해없음,자전거,남,70세,경상
2017072700100284,2017년 7월 27일 13시,목요일,서울특별시 동대문구 장안동,경상사고,0,0,1,0,차대차 - 기타,안전운전불이행,포장 - 건조,흐림,기타 - 기타,자전거,남,17세,상해없음,자전거,남,75세,경상
2017072700100482,2017년 7월 27일 18시,목요일,서울특별시 마포구 도화동,경상사고,0,0,1,0,차대차 - 측면충돌,기타,포장 - 건조,맑음,단일로 - 기타,승용,여,48세,상해없음,자전거,남,53세,경상
2017072700100484,2017년 7월 27일 18시,목요일,서울특별시 강동구 둔촌동,중상사고,0,1,0,0,차대차 - 측면충돌,직진우회전진행방해,포장 - 건조,흐림,교차로 - 교차로안,화물,남,25세,상해없음,자전거,남,16세,중상
2017072700100485,2017년 7월 27일 18시,목요일,서울특별시 강남구 자곡동,경상사고,0,0,1,0,차대차 - 정면충돌,안전운전불이행,포장 - 건조,맑음,교차로 - 교차로횡단보도내,승용,여,57세,상해없음,자전거,남,25세,경상
2017072700100607,2017년 7월 27일 22시,목요일,서울특별시 강동구 길동,경상사고,0,0,1,0,차대차 - 측면충돌,불법유턴,포장 - 건조,흐림,교차로 - 교차로부근,승용,남,54세,상해없음,자전거,여,28세,경상
2017072800100081,2017년 7월 28일 04시,금요일,서울특별시 동대문구 답십리동,사망사고,1,0,0,0,차대차 - 측면충돌,과속,포장 - 젖음/습기,흐림,단일로 - 기타,승용,남,37세,상해없음,자전거,남,15세,상해없음
2017072800100182,2017년 7월 28일 09시,금요일,서울특별시 양천구 목동,경상사고,0,0,1,0,차대차 - 측면충돌,신호위반,포장 - 젖음/습기,비,단일로 - 기타,승용,여,59세,상해없음,자전거,남,19세,경상
2017072800100294,2017년 7월 28일 13시,금요일,서울특별시 영등포구 문래동2가,중상사고,0,1,0,0,차대차 - 정면충돌,신호위반,포장 - 건조,맑음,단일로 - 기타,화물,남,65세,상해없음,자전거,남,69세,중상
2017072800100513,2017년 7월 28일 19시,금요일,서울특별시 노원구 하계동,부상신고사고,0,0,0,1,차대차 - 기타,안전운전불이행,포장 - 건조,맑음,기타 - 기타,자전거,남,60세,부상신고,자전거,여,27세,상해없음
2017072800100589,2017년 7월 28일 21시,금요일,서울특별시 양천구 목동,경상사고,0,0,1,0,차대차 - 측면충돌,안전운전불이행,포장 - 건조,맑음,교차로 - 교차로부근,승용,남,54세,상해없음,자전거,여,38세,경상
2017072900100140,2017년 7월 29일 07시,토요일,서울특별시 성동구 성수동2가,경상사고,0,0,1,0,차대차 - 측면충돌,안전운전불이행,포장 - 건조,맑음,교차로 - 교차로안,화물,남,54세,상해없음,자전거,남,57세,경상
2017072900100180,2017년 7월 29일 09시,토요일,서울특별시 강동구 천호동,중상사고,0,2,0,0,차대차 - 측면충돌,안전운전불이행,포장 - 건조,맑음,단일로 - 기타,자전거,남,14세,중상,자전거,여,41세,중상
2017072900100304,2017년 7월 29일 13시,토요일,서울특별시 노원구 상계동,경상사고,0,0,1,0,차대차 - 측면충돌,안전거리미확보,포장 - 건조,맑음,단일로 - 기타,승용,남,49세,상해없음,자전거,남,49세,경상
2017072900100335,2017년 7월 29일 14시,토요일,서울특별시 송파구 문정동,중상사고,0,1,0,0,차대차 - 정면충돌,안전운전불이행,포장 - 건조,맑음,기타 - 기타,자전거,남,12세,상해없음,자전거,남,37세,중상
2017072900100474,2017년 7월 29일 18시,토요일,서울특별시 성북구 하월곡동,중상사고,0,1,0,0,차대차 - 측면충돌,신호위반,포장 - 건조,흐림,단일로 - 기타,원동기,남,48세,상해없음,자전거,남,24세,중상
2017073000100019,2017년 7월 30일 00시,일요일,서울특별시 종로구 부암동,부상신고사고,0,0,0,1,차대차 - 기타,안전거리미확보,포장 - 건조,맑음,단일로 - 기타,자전거,남,33세,부상신고,자전거,남,37세,상해없음
2017073000100093,2017년 7월 30일 06시,일요일,서울특별시 강동구 암사동,경상사고,0,0,1,0,차대차 - 정면충돌,안전운전불이행,포장 - 건조,맑음,단일로 - 기타,자전거,남,69세,상해없음,자전거,남,65세,경상
2017073000100165,2017년 7월 30일 11시,일요일,서울특별시 마포구 상암동,중상사고,0,1,0,0,차대차 - 기타,불법유턴,포장 - 건조,맑음,단일로 - 기타,자전거,남,14세,상해없음,자전거,여,67세,중상
2017073000100220,2017년 7월 30일 14시,일요일,서울특별시 성북구 석관동,경상사고,0,0,1,0,차대차 - 후진중충돌,안전운전불이행,포장 - 건조,맑음,기타 - 기타,승용,남,19세,상해없음,자전거,남,77세,경상
2017073000100272,2017년 7월 30일 16시,일요일,서울특별시 광진구 자양동,경상사고,0,0,1,0,차대차 - 정면충돌,안전운전불이행,포장 - 건조,맑음,단일로 - 기타,자전거,여,22세,상해없음,자전거,남,61세,경상
2017073100100050,2017년 7월 31일 04시,월요일,서울특별시 강남구 삼성동,중상사고,0,1,0,0,차대차 - 측면충돌,신호위반,포장 - 건조,맑음,단일로 - 기타,승용,남,56세,상해없음,자전거,남,45세,중상
2017073100100280,2017년 7월 31일 14시,월요일,서울특별시 중랑구 면목동,경상사고,0,0,1,0,차대차 - 정면충돌,신호위반,포장 - 건조,맑음,교차로 - 교차로안,승용,남,56세,상해없음,자전거,남,48세,경상
2017073100100354,2017년 7월 31일 16시,월요일,서울특별시 성동구 성수동2가,경상사고,0,0,1,0,차대차 - 기타,신호위반,포장 - 건조,맑음,단일로 - 기타,기타불명,기타불명,미분류,기타불명,자전거,여,63세,경상
2017080100100081,2017년 8월 1일 05시,화요일,서울특별시 송파구 마천동,중상사고,0,1,0,0,차대차 - 측면충돌,교차로운행방법위반,포장 - 건조,흐림,교차로 - 교차로안,이륜,남,63세,상해없음,자전거,남,77세,중상
2017080100100176,2017년 8월 1일 10시,화요일,서울특별시 관악구 신림동,경상사고,0,0,1,0,차대차 - 측면충돌,신호위반,포장 - 건조,맑음,단일로 - 기타,승용,남,34세,상해없음,자전거,여,51세,경상
2017080100100199,2017년 8월 1일 11시,화요일,서울특별시 중랑구 면목동,경상사고,0,0,1,0,차대차 - 정면충돌,안전거리미확보,포장 - 건조,맑음,기타 - 기타,승용,남,47세,상해없음,자전거,여,54세,경상
2017080100100286,2017년 8월 1일 14시,화요일,서울특별시 강서구 마곡동,경상사고,0,0,1,0,차대차 - 측면충돌,신호위반,포장 - 건조,맑음,교차로 - 교차로횡단보도내,이륜,남,26세,상해없음,자전거,남,52세,경상
2017080100100388,2017년 8월 1일 17시,화요일,서울특별시 강남구 논현동,부상신고사고,0,0,0,1,차대차 - 측면충돌,보행자보호의무위반,포장 - 건조,맑음,교차로 - 교차로안,승용,남,23세,상해없음,자전거,남,6세,부상신고
2017080100100390,2017년 8월 1일 17시,화요일,서울특별시 강동구 고덕동,경상사고,0,0,1,0,차대차 - 측면충돌,안전운전불이행,포장 - 건조,맑음,교차로 - 교차로부근,승용,남,54세,상해없음,자전거,남,46세,경상
2017080100100433,2017년 8월 1일 18시,화요일,서울특별시 광진구 자양동,경상사고,0,0,1,0,차대차 - 기타,안전운전불이행,포장 - 건조,맑음,단일로 - 기타,자전거,남,55세,경상,자전거,남,20세,상해없음
2017080100100436,2017년 8월 1일 18시,화요일,서울특별시 서초구 잠원동,경상사고,0,0,1,0,차대차 - 정면충돌,기타,포장 - 건조,맑음,단일로 - 기타,승용,남,60세,상해없음,자전거,남,39세,경상
2017080100100472,2017년 8월 1일 19시,화요일,서울특별시 강북구 번동,경상사고,0,0,1,0,차대차 - 측면충돌,안전운전불이행,포장 - 건조,맑음,교차로 - 교차로안,승용,남,65세,상해없음,자전거,남,17세,경상
2017080100100577,2017년 8월 1일 23시,화요일,서울특별시 은평구 대조동,부상신고사고,0,0,0,1,차대차 - 기타,안전운전불이행,포장 - 건조,맑음,단일로 - 기타,기타불명,기타불명,미분류,기타불명,자전거,남,21세,부상신고
2017080200100200,2017년 8월 2일 12시,수요일,서울특별시 구로구 신도림동,중상사고,0,1,0,0,차대차 - 정면충돌,신호위반,포장 - 건조,맑음,단일로 - 기타,승용,남,41세,상해없음,자전거,남,66세,중상
2017080200100201,2017년 8월 2일 12시,수요일,서울특별시 양천구 신월동,중상사고,0,1,0,0,차대차 - 기타,안전운전불이행,포장 - 젖음/습기,비,단일로 - 기타,이륜,남,57세,상해없음,자전거,남,16세,중상
2017080200100268,2017년 8월 2일 14시,수요일,서울특별시 노원구 상계동,경상사고,0,0,1,0,차대차 - 기타,신호위반,포장 - 건조,맑음,교차로 - 교차로횡단보도내,승용,여,38세,상해없음,자전거,남,10세,경상
2017080200100386,2017년 8월 2일 17시,수요일,서울특별시 성북구 하월곡동,경상사고,0,0,1,0,차대차 - 측면충돌,신호위반,포장 - 건조,맑음,단일로 - 기타,승용,남,36세,상해없음,자전거,남,22세,경상
2017080200100389,2017년 8월 2일 17시,수요일,서울특별시 은평구 역촌동,경상사고,0,0,1,0,차대차 - 측면충돌,안전운전불이행,포장 - 건조,맑음,교차로 - 교차로안,원동기,남,18세,상해없음,자전거,여,67세,경상
2017080200100422,2017년 8월 2일 18시,수요일,서울특별시 강서구 화곡동,부상신고사고,0,0,0,1,차대차 - 측면충돌,직진우회전진행방해,포장 - 건조,맑음,교차로 - 교차로안,자전거,남,8세,부상신고,자전거,남,90세 이상,상해없음
2017080300100078,2017년 8월 3일 07시,목요일,서울특별시 중랑구 면목동,경상사고,0,0,1,0,차대차 - 기타,기타,포장 - 건조,맑음,단일로 - 기타,화물,남,57세,상해없음,자전거,남,52세,경상
2017080300100182,2017년 8월 3일 10시,목요일,서울특별시 송파구 삼전동,중상사고,0,1,0,0,차대차 - 측면충돌,직진우회전진행방해,포장 - 건조,맑음,교차로 - 교차로안,승용,여,44세,상해없음,자전거,여,54세,중상
2017080300100407,2017년 8월 3일 16시,목요일,서울특별시 동작구 상도동,경상사고,0,0,1,0,차대차 - 기타,신호위반,포장 - 건조,맑음,교차로 - 교차로안,이륜,남,36세,상해없음,자전거,남,12세,경상
2017080300100600,2017년 8월 3일 22시,목요일,서울특별시 송파구 방이동,경상사고,0,0,2,0,차대차 - 정면충돌,교차로운행방법위반,포장 - 건조,맑음,교차로 - 교차로안,자전거,남,31세,경상,자전거,남,47세,경상
2017080300100622,2017년 8월 3일 23시,목요일,서울특별시 마포구 상암동,중상사고,0,1,0,0,차대차 - 기타,안전운전불이행,포장 - 건조,맑음,단일로 - 기타,승용,남,45세,상해없음,자전거,남,62세,중상
2017080400100077,2017년 8월 4일 05시,금요일,서울특별시 중랑구 망우동,경상사고,0,0,1,0,차대차 - 측면충돌,안전운전불이행,포장 - 건조,맑음,교차로 - 교차로안,승용,남,59세,상해없음,자전거,여,67세,경상
2017080400100078,2017년 8월 4일 05시,금요일,서울특별시 강서구 등촌동,경상사고,0,0,1,0,차대차 - 기타,신호위반,포장 - 건조,맑음,교차로 - 교차로안,승용,남,55세,상해없음,자전거,남,66세,경상
2017080400100188,2017년 8월 4일 10시,금요일,서울특별시 동대문구 회기동,경상사고,0,0,1,0,차대차 - 기타,직진우회전진행방해,포장 - 건조,맑음,기타 - 기타,승용,남,59세,상해없음,자전거,남,31세,경상
2017080400100540,2017년 8월 4일 19시,금요일,서울특별시 영등포구 양화동,중상사고,0,1,0,0,차대차 - 추돌,안전운전불이행,포장 - 건조,맑음,단일로 - 기타,자전거,여,60세,중상,자전거,남,50세,상해없음
2017080500100112,2017년 8월 5일 08시,토요일,서울특별시 마포구 망원동,경상사고,0,0,1,0,차대차 - 기타,안전운전불이행,포장 - 건조,맑음,기타 - 기타,화물,남,74세,상해없음,자전거,남,42세,경상
2017080500100240,2017년 8월 5일 12시,토요일,서울특별시 영등포구 당산동6가,부상신고사고,0,0,0,1,차대차 - 기타,안전운전불이행,포장 - 건조,맑음,단일로 - 기타,자전거,남,67세,상해없음,자전거,여,24세,부상신고
2017080500100313,2017년 8월 5일 14시,토요일,서울특별시 성동구 성수동1가,경상사고,0,0,1,0,차대차 - 정면충돌,안전운전불이행,포장 - 건조,맑음,단일로 - 기타,건설기계,남,29세,상해없음,자전거,남,46세,경상
2017080500100342,2017년 8월 5일 15시,토요일,서울특별시 송파구 잠실동,중상사고,0,1,0,0,차대차 - 측면충돌,안전운전불이행,포장 - 건조,맑음,단일로 - 기타,승용,남,40세,상해없음,자전거,남,33세,중상
2017080500100611,2017년 8월 5일 23시,토요일,서울특별시 송파구 가락동,경상사고,0,0,1,1,차대차 - 정면충돌,안전운전불이행,포장 - 건조,흐림,교차로 - 교차로횡단보도내,이륜,남,61세,부상신고,자전거,남,22세,경상
2017080600100315,2017년 8월 6일 17시,일요일,서울특별시 중랑구 중화동,경상사고,0,0,1,0,차대차 - 추돌,기타,포장 - 건조,맑음,교차로 - 교차로안,기타불명,기타불명,미분류,기타불명,자전거,남,15세,경상