사고번호,사고일시,요일,시군구,사고내용,사망자수,중상자수,경상자수,부상신고자수,사고유형,법규위반,노면상태,기상상태,도로형태,가해운전자 차종,가해운전자 성별,가해운전자 연령,가해운전자 상해정도,피해운전자 차종,피해운전자 성별,피해운전자 연령,피해운전자 상해정도
2017082900100158,2017년 8월 29일 09시,화요일,서울특별시 중랑구 묵동,중상사고,0,1,0,0,차대차 - 측면충돌,직진우회전진행방해,포장 - 건조,맑음,교차로 - 교차로안,승용,남,63세,상해없음,자전거,여,60세,중상
2017082900100159,2017년 8월 29일 09시,화요일,서울특별시 강서구 가양동,중상사고,0,1,0,0,차대차 - 측면충돌,신호위반,포장 - 건조,맑음,교차로 - 교차로안,이륜,남,54세,상해없음,자전거,여,47세,중상
2017082900100318,2017년 8월 29일 14시,화요일,서울특별시 동대문구 신설동,경상사고,0,0,2,0,차대차 - 측면충돌,교차로운행방법위반,포장 - 건조,맑음,교차로 - 교차로안,이륜,남,53세,경상,자전거,남,38세,경상
2017082900100389,2017년 8월 29일 16시,화요일,서울특별시 강서구 내발산동,경상사고,0,0,1,0,차대차 - 정면충돌,직진우회전진행방해,포장 - 건조,맑음,교차로 - 교차로안,승용,여,48세,상해없음,자전거,여,9세,경상
2017082900100390,2017년 8월 29일 16시,화요일,서울특별시 송파구 잠실동,경상사고,0,0,1,0,차대차 - 기타,안전운전불이행,포장 - 건조,맑음,교차로 - 교차로횡단보도내,승용,여,50세,상해없음,자전거,남,19세,경상
2017082900100434,2017년 8월 29일 17시,화요일,서울특별시 강동구 천호동,경상사고,0,0,1,0,차대차 - 기타,기타,포장 - 건조,맑음,단일로 - 기타,승용,여,44세,상해없음,자전거,남,58세,경상
2017082900100466,2017년 8월 29일 18시,화요일,서울특별시 중랑구 상봉동,경상사고,0,0,1,0,차대차 - 정면충돌,신호위반,포장 - 건조,맑음,교차로 - 교차로안,이륜,남,28세,상해없음,자전거,여,14세,경상
2017082900100469,2017년 8월 29일 18시,화요일,서울특별시 성북구 장위동,경상사고,0,0,1,0,차대차 - 정면충돌,안전운전불이행,포장 - 건조,맑음,기타 - 기타,자전거,남,37세,상해없음,자전거,남,50세,경상
2017082900100521,2017년 8월 29일 19시,화요일,서울특별시 영등포구 양평동2가,경상사고,0,0,1,0,차대차 - 기타,안전운전불이행,포장 - 건조,맑음,단일로 - 기타,자전거,남,44세,상해없음,자전거,남,55세,경상
2017082900100524,2017년 8월 29일 19시,화요일,서울특별시 도봉구 도봉동,중상사고,0,1,0,0,차대차 - 정면충돌,안전운전불이행,포장 - 기타,맑음,단일로 - 기타,자전거,남,34세,상해없음,자전거,여,46세,중상
2017082900100559,2017년 8월 29일 20시,화요일,서울특별시 송파구 송파동,경상사고,0,0,1,0,차대차 - 정면충돌,안전운전불이행,포장 - 건조,흐림,단일로 - 기타,이륜,남,33세,상해없음,자전거,남,25세,경상
2017083000100106,2017년 8월 30일 08시,수요일,서울특별시 동대문구 장안동,경상사고,0,0,1,0,차대차 - 측면충돌,교차로운행방법위반,포장 - 건조,맑음,교차로 - 교차로안,승용,남,62세,상해없음,자전거,여,39세,경상
2017083000100146,2017년 8월 30일 09시,수요일,서울특별시 노원구 월계동,부상신고사고,0,0,0,2,차대차 - 측면충돌,안전운전불이행,포장 - 건조,흐림,단일로 - 기타,자전거,남,27세,부상신고,자전거,남,24세,부상신고
2017083000100387,2017년 8월 30일 17시,수요일,서울특별시 동대문구 이문동,경상사고,0,0,1,0,차대차 - 측면충돌,기타,포장 - 건조,맑음,단일로 - 교량,승용,남,64세,상해없음,자전거,남,76세,경상
2017083000100389,2017년 8월 30일 17시,수요일,서울특별시 중랑구 중화동,경상사고,0,0,1,0,차대차 - 기타,기타,포장 - 건조,맑음,교차로 - 교차로안,승용,남,69세,상해없음,자전거,여,60세,경상
2017083000100531,2017년 8월 30일 21시,수요일,서울특별시 용산구 한강로1가,중상사고,0,1,0,0,차대차 - 측면충돌,안전거리미확보,포장 - 건조,맑음,단일로 - 기타,승용,남,57세,상해없음,자전거,남,43세,중상
2017083000100533,2017년 8월 30일 21시,수요일,서울특별시 동대문구 답십리동,경상사고,0,0,1,0,차대차 - 기타,안전운전불이행,포장 - 건조,맑음,단일로 - 기타,승용,남,56세,상해없음,자전거,여,50세,경상
2017083000100534,2017년 8월 30일 21시,수요일,서울특별시 서초구 서초동,경상사고,0,0,1,0,차대차 - 기타,안전운전불이행,포장 - 건조,맑음,단일로 - 기타,승용,남,38세,상해없음,자전거,여,37세,경상
2017083100100113,2017년 8월 31일 08시,목요일,서울특별시 영등포구 양평동3가,중상사고,0,1,0,0,차대차 - 정면충돌,안전운전불이행,포장 - 건조,맑음,단일로 - 기타,승용,남,70세,상해없음,자전거,여,22세,중상
2017083100100190,2017년 8월 31일 10시,목요일,서울특별시 강동구 천호동,경상사고,0,0,1,0,차대차 - 기타,안전운전불이행,포장 - 건조,맑음,교차로 - 교차로안,이륜,남,54세,상해없음,자전거,남,36세,경상
2017083100100321,2017년 8월 31일 14시,목요일,서울특별시 중구 중림동,부상신고사고,0,0,0,1,차대차 - 측면충돌,안전운전불이행,포장 - 건조,맑음,단일로 - 기타,원동기,남,58세,상해없음,자전거,남,52세,부상신고
2017083100100354,2017년 8월 31일 15시,목요일,서울특별시 강북구 우이동,중상사고,0,1,0,0,차대차 - 측면충돌,직진우회전진행방해,포장 - 건조,맑음,교차로 - 교차로안,승용,여,39세,상해없음,자전거,남,13세,중상
2017083100100440,2017년 8월 31일 17시,목요일,서울특별시 송파구 풍납동,중상사고,0,1,0,0,차대차 - 정면충돌,안전운전불이행,포장 - 건조,맑음,단일로 - 기타,자전거,남,70세,상해없음,자전거,여,28세,중상
2017083100100524,2017년 8월 31일 19시,목요일,서울특별시 강동구 천호동,경상사고,0,0,2,0,차대차 - 정면충돌,신호위반,포장 - 건조,맑음,교차로 - 교차로안,자전거,남,39세,경상,자전거,여,27세,경상
2017090100100248,2017년 9월 1일 10시,금요일,서울특별시 양천구 신월동,중상사고,0,1,0,0,차대차 - 측면충돌,안전운전불이행,포장 - 건조,맑음,교차로 - 교차로안,화물,남,48세,상해없음,자전거,남,76세,중상
2017090100100307,2017년 9월 1일 12시,금요일,서울특별시 강북구 번동,경상사고,0,0,1,0,차대차 - 기타,신호위반,포장 - 건조,흐림,교차로 - 교차로횡단보도내,승용,남,43세,상해없음,자전거,여,61세,경상
2017090100100404,2017년 9월 1일 15시,금요일,서울특별시 종로구 적선동,경상사고,0,0,1,0,차대차 - 측면충돌,안전운전불이행,포장 - 건조,맑음,교차로 - 교차로안,승용,여,45세,상해없음,자전거,남,48세,경상
2017090100100407,2017년 9월 1일 15시,금요일,서울특별시 동작구 신대방동,중상사고,0,1,0,0,차대차 - 측면충돌,교차로운행방법위반,포장 - 건조,맑음,교차로 - 교차로안,화물,남,46세,상해없음,자전거,여,43세,중상
2017090100100666,2017년 9월 1일 20시,금요일,서울특별시 종로구 통의동,경상사고,0,0,1,0,차대차 - 기타,안전운전불이행,포장 - 건조,맑음,단일로 - 기타,승용,남,54세,상해없음,자전거,남,28세,경상
2017090100100708,2017년 9월 1일 21시,금요일,서울특별시 양천구 목동,경상사고,0,0,1,0,차대차 - 추돌,안전거리미확보,포장 - 건조,맑음,단일로 - 기타,자전거,남,26세,상해없음,자전거,남,26세,경상
2017090200100042,2017년 9월 2일 01시,토요일,서울특별시 중구 신당동,중상사고,0,1,0,0,차대차 - 측면충돌,기타,포장 - 건조,맑음,단일로 - 기타,승용,남,71세,상해없음,자전거,남,37세,중상
2017090200100172,2017년 9월 2일 09시,토요일,서울특별시 노원구 하계동,경상사고,0,0,1,0,차대차 - 측면충돌,안전운전불이행,포장 - 건조,맑음,단일로 - 기타,자전거,남,81세,경상,자전거,남,63세,상해없음
2017090200100200,2017년 9월 2일 10시,토요일,서울특별시 강남구 역삼동,경상사고,0,0,1,0,차대차 - 기타,안전운전불이행,포장 - 건조,맑음,교차로 - 교차로안,승용,여,71세,상해없음,자전거,여,10세,경상
2017090200100266,2017년 9월 2일 12시,토요일,서울특별시 송파구 문정동,중상사고,0,1,0,0,차대차 - 측면충돌,안전운전불이행,포장 - 건조,맑음,단일로 - 기타,승합,여,53세,상해없음,자전거,남,8세,중상
2017090200100333,2017년 9월 2일 14시,토요일,서울특별시 송파구 잠실동,경상사고,0,0,2,0,차대차 - 추돌,안전운전불이행,포장 - 건조,맑음,단일로 - 기타,자전거,여,52세,경상,자전거,남,47세,상해없음
2017090200100337,2017년 9월 2일 14시,토요일,서울특별시 노원구 공릉동,경상사고,0,0,1,0,차대차 - 측면충돌,기타,포장 - 건조,맑음,단일로 - 기타,승용,남,60세,상해없음,자전거,남,50세,경상
2017090200100380,2017년 9월 2일 15시,토요일,서울특별시 강서구 마곡동,경상사고,0,0,2,0,차대차 - 측면충돌,안전운전불이행,포장 - 건조,맑음,기타 - 기타,자전거,남,64세,경상,자전거,남,56세,경상
2017090200100458,2017년 9월 2일 17시,토요일,서울특별시 성동구 금호동4가,중상사고,0,1,0,0,차대차 - 측면충돌,안전운전불이행,포장 - 건조,맑음,단일로 - 기타,자전거,남,6세,중상,자전거,여,38세,상해없음
2017090200100605,2017년 9월 2일 21시,토요일,서울특별시 금천구 독산동,경상사고,0,0,1,0,차대차 - 측면충돌,안전운전불이행,포장 - 건조,맑음,교차로 - 교차로안,승용,남,64세,상해없음,자전거,여,65세,경상
2017090300100013,2017년 9월 3일 00시,일요일,서울특별시 광진구 화양동,경상사고,0,0,1,0,차대차 - 기타,중앙선침범,포장 - 건조,맑음,단일로 - 기타,이륜,남,46세,상해없음,자전거,여,25세,경상
2017090300100097,2017년 9월 3일 07시,일요일,서울특별시 구로구 궁동,중상사고,0,1,0,0,차대차 - 기타,안전운전불이행,포장 - 건조,맑음,교차로 - 교차로안,화물,남,59세,상해없음,자전거,남,37세,중상
2017090300100155,2017년 9월 3일 11시,일요일,서울특별시 성동구 성수동2가,경상사고,0,0,1,0,차대차 - 측면충돌,안전운전불이행,포장 - 건조,맑음,단일로 - 기타,자전거,남,73세,상해없음,자전거,남,58세,경상
2017090300100248,2017년 9월 3일 14시,일요일,서울특별시 영등포구 당산동,부상신고사고,0,0,0,1,차대차 - 측면충돌,안전운전불이행,포장 - 건조,맑음,단일로 - 기타,자전거,여,10세,상해없음,자전거,남,24세,부상신고
2017090300100251,2017년 9월 3일 14시,일요일,서울특별시 구로구 구로동,경상사고,0,0,1,0,차대차 - 측면충돌,안전운전불이행,포장 - 건조,맑음,단일로 - 기타,승용,남,51세,상해없음,자전거,남,9세,경상
2017090300100334,2017년 9월 3일 17시,일요일,서울특별시 강북구 미아동,경상사고,0,0,1,0,차대차 - 기타,기타,포장 - 건조,맑음,단일로 - 기타,승용,남,59세,상해없음,자전거,남,50세,경상
2017090300100482,2017년 9월 3일 22시,일요일,서울특별시 관악구 신림동,경상사고,0,0,1,0,차대차 - 기타,안전운전불이행,포장 - 건조,맑음,기타 - 기타,승용,남,37세,상해없음,자전거,여,54세,경상
2017090400100105,2017년 9월 4일 08시,월요일,서울특별시 종로구 청운동,경상사고,0,0,1,0,차대차 - 추돌,안전거리미확보,포장 - 건조,맑음,단일로 - 터널,승용,여,53세,상해없음,자전거,남,50세,경상
2017090400100178,2017년 9월 4일 10시,월요일,서울특별시 강서구 화곡동,경상사고,0,0,1,0,차대차 - 측면충돌,직진우회전진행방해,포장 - 건조,맑음,교차로 - 교차로안,승용,남,62세,상해없음,자전거,남,30세,경상
2017090400100294,2017년 9월 4일 14시,월요일,서울특별시 영등포구 신길동,중상사고,0,1,0,0,차대차 - 측면충돌,안전운전불이행,포장 - 건조,맑음,단일로 - 기타,승용,남,32세,상해없음,자전거,여,39세,중상
2017090400100295,2017년 9월 4일 14시,월요일,서울특별시 중랑구 면목동,경상사고,0,0,1,0,차대차 - 정면충돌,기타,포장 - 건조,맑음,단일로 - 기타,화물,남,51세,상해없음,자전거,여,52세,경상
2017090400100329,2017년 9월 4일 15시,월요일,서울특별시 강남구 대치동,부상신고사고,0,0,0,1,차대차 - 기타,기타,포장 - 건조,맑음,단일로 - 기타,승용,남,58세,상해없음,자전거,남,18세,부상신고
2017090400100482,2017년 9월 4일 19시,월요일,서울특별시 노원구 하계동,경상사고,0,0,1,0,차대차 - 측면충돌,안전운전불이행,포장 - 건조,맑음,교차로 - 교차로횡단보도내,승용,남,67세,상해없음,자전거,남,40세,경상
2017090500100089,2017년 9월 5일 07시,화요일,서울특별시 도봉구 창동,중상사고,0,1,0,0,차대차 - 측면충돌,신호위반,포장 - 건조,맑음,단일로 - 기타,승용,남,66세,상해없음,자전거,남,37세,중상
2017090500100330,2017년 9월 5일 15시,화요일,서울특별시 광진구 중곡동,경상사고,0,0,1,0,차대차 - 기타,교차로운행방법위반,포장 - 건조,맑음,교차로 - 교차로안,승용,남,55세,상해없음,자전거,남,9세,경상
2017090500100468,2017년 9월 5일 19시,화요일,서울특별시 송파구 삼전동,경상사고,0,0,1,0,차대차 - 정면충돌,안전운전불이행,포장 - 건조,맑음,단일로 - 기타,원동기,남,42세,상해없음,자전거,남,13세,경상
2017090500100503,2017년 9월 5일 20시,화요일,서울특별시 용산구 한남동,경상사고,0,0,1,0,차대차 - 측면충돌,안전거리미확보,포장 - 건조,맑음,단일로 - 기타,승용,남,47세,상해없음,자전거,남,41세,경상
2017090600100081,2017년 9월 6일 07시,수요일,서울특별시 강동구 천호동,중상사고,0,1,0,0,차대차 - 정면충돌,안전운전불이행,포장 - 건조,맑음,기타 - 기타,자전거,남,37세,상해없음,자전거,남,61세,중상
2017090600100175,2017년 9월 6일 10시,수요일,서울특별시 동작구 신대방동,중상사고,0,1,0,0,차대차 - 측면충돌,안전운전불이행,포장 - 건조,맑음,교차로 - 교차로안,승용,남,39세,상해없음,자전거,여,62세,중상
2017090600100361,2017년 9월 6일 16시,수요일,서울특별시 양천구 신월동,경상사고,0,0,1,0,차대차 - 정면충돌,안전운전불이행,포장 - 건조,맑음,기타 - 기타,승용,남,35세,상해없음,자전거,여,53세,경상
2017090700100091,2017년 9월 7일 06시,목요일,서울특별시 성동구 성수동2가,중상사고,0,1,0,0,차대차 - 기타,신호위반,포장 - 기타,맑음,교차로 - 교차로안,이륜,남,35세,상해없음,자전거,남,82세,중상
2017090700100123,2017년 9월 7일 08시,목요일,서울특별시 강남구 대치동,경상사고,0,0,1,0,차대차 - 측면충돌,신호위반,포장 - 건조,맑음,단일로 - 기타,승용,남,49세,상해없음,자전거,남,12세,경상
2017090700100164,2017년 9월 7일 09시,목요일,서울특별시 양천구 신월동,중상사고,0,1,0,0,차대차 - 정면충돌,안전운전불이행,포장 - 건조,맑음,단일로 - 기타,화물,남,56세,상해없음,자전거,남,55세,중상
2017090700100510,2017년 9월 7일 20시,목요일,서울특별시 은평구 신사동,경상사고,0,0,1,0,차대차 - 측면충돌,중앙선침범,포장 - 건조,맑음,기타 - 기타,자전거,남,61세,상해없음,자전거,남,43세,경상
2017090700100580,2017년 9월 7일 22시,목요일,서울특별시 송파구 마천동,중상사고,0,1,0,0,차대차 - 측면충돌,안전거리미확보,포장 - 건조,맑음,단일로 - 기타,승합,남,70세,상해없음,자전거,남,14세,중상
2017090700100602,2017년 9월 7일 23시,목요일,서울특별시 강서구 마곡동,경상사고,0,0,1,0,차대차 - 측면충돌,안전운전불이행,포장 - 건조,흐림,교차로 - 교차로안,승용,남,60세,상해없음,자전거,남,38세,경상
2017090800100174,2017년 9월 8일 09시,금요일,서울특별시 송파구 풍납동,중상사고,0,1,1,0,차대차 - 측면충돌,안전거리미확보,포장 - 건조,맑음,단일로 - 기타,자전거,여,53세,중상,자전거,여,43세,경상
2017090800100233,2017년 9월 8일 11시,금요일,서울특별시 서대문구 대신동,경상사고,0,0,1,0,차대차 - 측면충돌,기타,포장 - 건조,맑음,단일로 - 기타,승용,남,62세,상해없음,자전거,여,28세,경상
2017090800100328,2017년 9월 8일 14시,금요일,서울특별시 도봉구 방학동,중상사고,0,1,0,0,차대차 - 측면충돌,직진우회전진행방해,포장 - 건조,맑음,교차로 - 교차로안,승용,남,67세,상해없음,자전거,남,77세,중상
2017090800100401,2017년 9월 8일 16시,금요일,서울특별시 송파구 풍납동,경상사고,0,0,1,0,차대차 - 측면충돌,안전운전불이행,포장 - 건조,맑음,단일로 - 기타,승용,남,49세,상해없음,자전거,남,19세,경상
2017090900100193,2017년 9월 9일 10시,토요일,서울특별시 종로구 창신동,중상사고,0,1,0,0,차대차 - 추돌,안전운전불이행,포장 - 건조,맑음,단일로 - 기타,승용,남,36세,상해없음,자전거,남,46세,중상
2017090900100605,2017년 9월 9일 21시,토요일,서울특별시 강동구 성내동,중상사고,0,1,0,0,차대차 - 측면충돌,신호위반,포장 - 건조,맑음,단일로 - 기타,승용,남,57세,상해없음,자전거,남,22세,중상
2017091000100018,2017년 9월 10일 00시,일요일,서울특별시 노원구 상계동,경상사고,0,0,1,0,차대차 - 측면충돌,신호위반,포장 - 건조,맑음,교차로 - 교차로안,승용,남,64세,상해없음,자전거,남,65세,경상
2017091000100224,2017년 9월 10일 13시,일요일,서울특별시 양천구 신월동,경상사고,0,0,1,0,차대차 - 측면충돌,안전운전불이행,포장 - 건조,맑음,교차로 - 교차로안,건설기계,남,53세,상해없음,자전거,남,12세,경상
2017091100100253,2017년 9월 11일 10시,월요일,서울특별시 구로구 고척동,중상사고,0,1,0,0,차대차 - 추돌,안전운전불이행,포장 - 건조,맑음,교차로 - 교차로안,승합,남,61세,상해없음,자전거,남,65세,중상
2017091100100659,2017년 9월 11일 23시,월요일,서울특별시 서초구 방배동,경상사고,0,0,1,0,차대차 - 측면충돌,신호위반,포장 - 건조,맑음,교차로 - 교차로부근,화물,남,54세,상해없음,자전거,여,29세,경상
2017091200100090,2017년 9월 12일 07시,화요일,서울특별시 성북구 장위동,중상사고,0,1,0,0,차대차 - 측면충돌,교차로운행방법위반,포장 - 건조,맑음,교차로 - 교차로안,승용,남,55세,상해없음,자전거,남,69세,중상
2017091200100124,2017년 9월 12일 08시,화요일,서울특별시 송파구 잠실동,중상사고,0,1,0,0,차대차 - 측면충돌,안전운전불이행,포장 - 건조,맑음,교차로 - 교차로횡단보도내,승용,여,35세,상해없음,자전거,남,47세,중상
2017091200100197,2017년 9월 12일 10시,화요일,서울특별시 서초구 서초동,경상사고,0,0,1,0,차대차 - 기타,안전운전불이행,포장 - 건조,맑음,단일로 - 기타,승용,여,52세,상해없음,자전거,여,50세,경상
2017091200100332,2017년 9월 12일 15시,화요일,서울특별시 강서구 염창동,경상사고,0,0,1,0,차대차 - 측면충돌,안전운전불이행,포장 - 건조,맑음,교차로 - 교차로안,승용,여,37세,상해없음,자전거,여,44세,경상
2017091300100085,2017년 9월 13일 07시,수요일,서울특별시 종로구 창신동,중상사고,0,1,0,0,차대차 - 기타,안전운전불이행,포장 - 건조,맑음,단일로 - 기타,원동기,남,37세,상해없음,자전거,남,56세,중상
2017091300100087,2017년 9월 13일 07시,수요일,서울특별시 성동구 성수동2가,부상신고사고,0,0,0,1,차대차 - 측면충돌,안전운전불이행,포장 - 건조,맑음,단일로 - 기타,자전거,여,17세,상해없음,자전거,남,54세,부상신고
2017091300100118,2017년 9월 13일 08시,수요일,서울특별시 송파구 송파동,중상사고,0,1,0,0,차대차 - 측면충돌,안전운전불이행,포장 - 건조,맑음,교차로 - 교차로부근,승용,남,51세,상해없음,자전거,남,80세,중상
2017091300100119,2017년 9월 13일 08시,수요일,서울특별시 송파구 가락동,중상사고,0,1,0,0,차대차 - 측면충돌,안전운전불이행,포장 - 건조,맑음,교차로 - 교차로횡단보도내,승합,남,41세,상해없음,자전거,남,60세,중상
2017091300100232,2017년 9월 13일 11시,수요일,서울특별시 강서구 개화동,경상사고,0,0,1,0,차대차 - 기타,안전운전불이행,포장 - 건조,맑음,교차로 - 교차로부근,건설기계,남,61세,상해없음,자전거,남,39세,경상
2017091300100558,2017년 9월 13일 19시,수요일,서울특별시 노원구 상계동,경상사고,0,0,1,0,차대차 - 기타,안전운전불이행,포장 - 건조,맑음,단일로 - 기타,자전거,남,34세,상해없음,자전거,남,52세,경상
2017091400100021,2017년 9월 14일 00시,목요일,서울특별시 송파구 마천동,경상사고,0,0,1,0,차대차 - 측면충돌,신호위반,포장 - 건조,맑음,단일로 - 기타,승용,여,69세,상해없음,자전거,남,57세,경상
2017091400100363,2017년 9월 14일 14시,목요일,서울특별시 송파구 오금동,경상사고,0,0,1,0,차대차 - 측면충돌,신호위반,포장 - 건조,맑음,단일로 - 기타,승용,남,58세,상해없음,자전거,여,23세,경상
2017091400100543,2017년 9월 14일 18시,목요일,서울특별시 동작구 신대방동,중상사고,0,1,0,0,차대차 - 기타,기타,포장 - 건조,맑음,교차로 - 교차로부근,승용,남,60세,상해없음,자전거,여,56세,중상
2017091400100598,2017년 9월 14일 19시,목요일,서울특별시 송파구 신천동,경상사고,0,0,1,0,차대차 - 측면충돌,안전운전불이행,포장 - 건조,맑음,단일로 - 기타,승용,남,62세,상해없음,자전거,남,14세,경상
2017091400100632,2017년 9월 14일 20시,목요일,서울특별시 영등포구 대림동,경상사고,0,0,1,0,차대차 - 기타,기타,포장 - 건조,맑음,단일로 - 기타,승용,남,30세,상해없음,자전거,남,48세,경상
2017091400100719,2017년 9월 14일 23시,목요일,서울특별시 중랑구 상봉동,중상사고,0,1,0,0,차대차 - 기타,교차로운행방법위반,포장 - 건조,맑음,교차로 - 교차로안,승용,남,53세,상해없음,자전거,남,33세,중상
2017091500100060,2017년 9월 15일 05시,금요일,서울특별시 구로구 신도림동,경상사고,0,0,1,0,차대차 - 기타,기타,포장 - 건조,맑음,단일로 - 기타,승용,남,65세,상해없음,자전거,여,52세,경상
2017091500100109,2017년 9월 15일 08시,금요일,서울특별시 구로구 구로동,중상사고,0,1,0,0,차대차 - 기타,안전운전불이행,포장 - 건조,맑음,단일로 - 기타,승합,남,56세,상해없음,자전거,남,53세,중상
2017091500100232,2017년 9월 15일 11시,금요일,서울특별시 강남구 대치동,부상신고사고,0,0,0,1,차대차 - 기타,안전운전불이행,포장 - 건조,맑음,단일로 - 기타,승용,남,68세,상해없음,자전거,남,33세,부상신고
2017091500100397,2017년 9월 15일 16시,금요일,서울특별시 동대문구 청량리동,경상사고,0,0,1,0,차대차 - 측면충돌,안전운전불이행,포장 - 건조,맑음,단일로 - 기타,승용,여,37세,상해없음,자전거,남,17세,경상
2017091600100096,2017년 9월 16일 06시,토요일,서울특별시 강남구 논현동,중상사고,0,1,0,0,차대차 - 기타,교차로운행방법위반,포장 - 건조,맑음,단일로 - 기타,승용,남,34세,상해없음,자전거,여,53세,중상
2017091600100234,2017년 9월 16일 11시,토요일,서울특별시 도봉구 방학동,경상사고,0,0,1,0,차대차 - 측면충돌,안전운전불이행,포장 - 건조,맑음,단일로 - 기타,자전거,남,70세,상해없음,자전거,여,62세,경상
2017091600100306,2017년 9월 16일 13시,토요일,서울특별시 강남구 대치동,중상사고,0,1,0,0,차대차 - 정면충돌,안전운전불이행,포장 - 건조,맑음,단일로 - 기타,승용,여,55세,상해없음,자전거,여,59세,중상
2017091600100346,2017년 9월 16일 14시,토요일,서울특별시 서초구 반포동,부상신고사고,0,0,0,1,차대차 - 기타,안전운전불이행,포장 - 건조,맑음,기타 - 기타,자전거,남,48세,상해없음,자전거,남,32세,부상신고
2017091600100372,2017년 9월 16일 15시,토요일,서울특별시 영등포구 여의도동,경상사고,0,0,1,0,차대차 - 추돌,안전거리미확보,포장 - 건조,맑음,단일로 - 기타,자전거,여,29세,경상,자전거,남,71세,상해없음
2017091600100483,2017년 9월 16일 18시,토요일,서울특별시 송파구 잠실동,경상사고,0,0,1,0,차대차 - 기타,안전운전불이행,포장 - 건조,맑음,교차로 - 교차로안,자전거,여,11세,상해없음,자전거,여,35세,경상
2017091600100599,2017년 9월 16일 22시,토요일,서울특별시 영등포구 여의도동,경상사고,0,0,1,0,차대차 - 기타,기타,포장 - 건조,맑음,단일로 - 기타,승용,남,51세,상해없음,자전거,남,40세,경상
2017091700100112,2017년 9월 17일 09시,일요일,서울특별시 중랑구 묵동,중상사고,0,1,0,0,차대차 - 측면충돌,교차로운행방법위반,포장 - 건조,맑음,교차로 - 교차로안,승용,여,43세,상해없음,자전거,여,47세,중상
2017091700100115,2017년 9월 17일 09시,일요일,서울특별시 강남구 대치동,중상사고,0,1,0,0,차대차 - 정면충돌,안전운전불이행,포장 - 건조,맑음,교차로 - 교차로부근,자전거,남,11세,기타불명,자전거,남,24세,중상
2017091700100192,2017년 9월 17일 12시,일요일,서울특별시 노원구 하계동,경상사고,0,0,1,0,차대차 - 측면충돌,신호위반,포장 - 건조,맑음,단일로 - 기타,승용,남,54세,상해없음,자전거,여,59세,경상
2017091700100279,2017년 9월 17일 15시,일요일,서울특별시 성북구 하월곡동,경상사고,0,0,1,0,차대차 - 추돌,안전거리미확보,포장 - 건조,맑음,단일로 - 기타,자전거,남,60세,상해없음,자전거,남,27세,경상
2017091700100345,2017년 9월 17일 17시,일요일,서울특별시 마포구 토정동,중상사고,0,1,0,0,차대차 - 정면충돌,중앙선침범,포장 - 건조,맑음,단일로 - 기타,자전거,남,56세,상해없음,자전거,여,35세,중상
2017091700100529,2017년 9월 17일 23시,일요일,서울특별시 강남구 압구정동,경상사고,0,0,1,0,차대차 - 기타,안전운전불이행,포장 - 건조,맑음,단일로 - 기타,자전거,여,20세,상해없음,자전거,남,32세,경상
2017091800100256,2017년 9월 18일 11시,월요일,서울특별시 은평구 응암동,중상사고,0,1,0,0,차대차 - 측면충돌,안전운전불이행,포장 - 건조,맑음,교차로 - 교차로안,승용,여,51세,상해없음,자전거,여,57세,중상
2017091800100540,2017년 9월 18일 18시,월요일,서울특별시 강서구 화곡동,경상사고,0,0,1,1,차대차 - 후진중충돌,안전운전불이행,포장 - 건조,맑음,교차로 - 교차로부근,원동기,남,16세,경상,자전거,남,81세,부상신고
2017091800100640,2017년 9월 18일 20시,월요일,서울특별시 송파구 석촌동,경상사고,0,0,1,0,차대차 - 측면충돌,안전운전불이행,포장 - 건조,맑음,단일로 - 기타,자전거,여,57세,경상,자전거,남,15세,상해없음
2017091800100729,2017년 9월 18일 23시,월요일,서울특별시 송파구 신천동,중상사고,0,1,0,0,차대차 - 측면충돌,신호위반,포장 - 건조,맑음,단일로 - 기타,승용,남,25세,상해없음,자전거,여,52세,중상
2017091900100390,2017년 9월 19일 17시,화요일,서울특별시 동작구 대방동,부상신고사고,0,0,0,1,차대차 - 측면충돌,중앙선침범,포장 - 건조,맑음,교차로 - 교차로부근,화물,남,61세,상해없음,자전거,남,22세,부상신고
2017091900100426,2017년 9월 19일 18시,화요일,서울특별시 강남구 논현동,중상사고,0,1,0,0,차대차 - 기타,안전운전불이행,포장 - 건조,맑음,단일로 - 기타,승합,남,59세,상해없음,자전거,여,22세,중상
2017092000100037,2017년 9월 20일 00시,수요일,서울특별시 양천구 목동,경상사고,0,0,1,0,차대차 - 정면충돌,직진우회전진행방해,포장 - 건조,맑음,교차로 - 교차로안,승용,남,49세,상해없음,자전거,남,17세,경상
2017092000100105,2017년 9월 20일 07시,수요일,서울특별시 서대문구 홍제동,경상사고,0,0,1,0,차대차 - 기타,안전운전불이행,포장 - 건조,맑음,교차로 - 교차로부근,승용,남,68세,기타불명,자전거,남,15세,경상
2017092000100106,2017년 9월 20일 07시,수요일,서울특별시 강북구 번동,경상사고,0,0,1,0,차대차 - 측면충돌,안전운전불이행,포장 - 건조,맑음,단일로 - 기타,기타불명,기타불명,미분류,기타불명,자전거,남,17세,경상