사고번호,사고일시,요일,시군구,사고내용,사망자수,중상자수,경상자수,부상신고자수,사고유형,법규위반,노면상태,기상상태,도로형태,가해운전자 차종,가해운전자 성별,가해운전자 연령,가해운전자 상해정도,피해운전자 차종,피해운전자 성별,피해운전자 연령,피해운전자 상해정도
2017092000100113,2017년 9월 20일 07시,수요일,서울특별시 강남구 자곡동,중상사고,0,1,1,0,차대차 - 정면충돌,안전운전불이행,포장 - 건조,맑음,단일로 - 기타,자전거,여,17세,경상,자전거,남,39세,중상
2017092000100143,2017년 9월 20일 08시,수요일,서울특별시 송파구 방이동,경상사고,0,0,1,0,차대차 - 측면충돌,신호위반,포장 - 건조,맑음,단일로 - 기타,승용,여,50세,상해없음,자전거,남,17세,경상
2017092000100148,2017년 9월 20일 08시,수요일,서울특별시 강남구 대치동,중상사고,0,1,0,0,차대차 - 기타,안전운전불이행,포장 - 건조,맑음,교차로 - 교차로부근,승용,남,39세,상해없음,자전거,남,39세,중상
2017092000100335,2017년 9월 20일 13시,수요일,서울특별시 종로구 서린동,중상사고,0,1,0,0,차대차 - 기타,안전운전불이행,포장 - 건조,맑음,단일로 - 기타,화물,남,61세,상해없음,자전거,여,34세,중상
2017092000100338,2017년 9월 20일 13시,수요일,서울특별시 강동구 성내동,부상신고사고,0,0,0,1,차대차 - 기타,안전운전불이행,포장 - 건조,맑음,교차로 - 교차로안,원동기,남,32세,부상신고,자전거,여,31세,상해없음
2017092000100431,2017년 9월 20일 16시,수요일,서울특별시 서대문구 연희동,경상사고,0,0,1,0,차대차 - 측면충돌,안전운전불이행,포장 - 건조,맑음,단일로 - 기타,승합,남,55세,상해없음,자전거,남,70세,경상
2017092000100480,2017년 9월 20일 17시,수요일,서울특별시 송파구 가락동,경상사고,0,0,1,0,차대차 - 측면충돌,안전운전불이행,포장 - 건조,맑음,단일로 - 기타,승용,남,27세,상해없음,자전거,남,58세,경상
2017092000100537,2017년 9월 20일 18시,수요일,서울특별시 구로구 오류동,중상사고,0,1,0,0,차대차 - 기타,신호위반,포장 - 건조,맑음,교차로 - 교차로횡단보도내,화물,남,61세,상해없음,자전거,남,9세,중상
2017092100100057,2017년 9월 21일 03시,목요일,서울특별시 광진구 자양동,중상사고,0,1,0,0,차대차 - 측면충돌,교차로운행방법위반,포장 - 건조,맑음,교차로 - 교차로안,승용,남,59세,상해없음,자전거,남,75세,중상
2017092100100082,2017년 9월 21일 06시,목요일,서울특별시 중랑구 중화동,중상사고,0,1,0,0,차대차 - 측면충돌,안전운전불이행,포장 - 건조,맑음,단일로 - 기타,자전거,남,53세,상해없음,자전거,남,66세,중상
2017092100100123,2017년 9월 21일 08시,목요일,서울특별시 중랑구 상봉동,경상사고,0,0,1,0,차대차 - 측면충돌,직진우회전진행방해,포장 - 건조,맑음,교차로 - 교차로안,승용,남,50세,상해없음,자전거,남,13세,경상
2017092100100439,2017년 9월 21일 16시,목요일,서울특별시 송파구 신천동,중상사고,0,1,1,0,차대차 - 측면충돌,직진우회전진행방해,포장 - 건조,맑음,교차로 - 교차로안,자전거,남,8세,중상,자전거,남,14세,경상
2017092100100478,2017년 9월 21일 17시,목요일,서울특별시 영등포구 문래동3가,경상사고,0,0,1,0,차대차 - 측면충돌,안전운전불이행,포장 - 건조,맑음,단일로 - 기타,승용,여,35세,상해없음,자전거,남,63세,경상
2017092100100521,2017년 9월 21일 18시,목요일,서울특별시 광진구 광장동,중상사고,0,1,0,0,차대차 - 기타,안전거리미확보,포장 - 건조,맑음,단일로 - 기타,승용,남,51세,상해없음,자전거,남,29세,중상
2017092100100573,2017년 9월 21일 19시,목요일,서울특별시 영등포구 당산동6가,경상사고,0,0,1,0,차대차 - 기타,안전운전불이행,포장 - 건조,맑음,교차로 - 교차로안,승용,여,48세,상해없음,자전거,남,28세,경상
2017092200100052,2017년 9월 22일 01시,금요일,서울특별시 송파구 가락동,경상사고,0,0,1,0,차대차 - 측면충돌,안전운전불이행,포장 - 건조,맑음,교차로 - 교차로횡단보도내,화물,남,50세,상해없음,자전거,남,25세,경상
2017092200100122,2017년 9월 22일 07시,금요일,서울특별시 동대문구 장안동,경상사고,0,0,1,0,차대차 - 측면충돌,안전운전불이행,포장 - 건조,흐림,단일로 - 기타,자전거,기타불명,미분류,기타불명,자전거,남,15세,경상
2017092200100158,2017년 9월 22일 08시,금요일,서울특별시 송파구 문정동,중상사고,0,1,0,0,차대차 - 측면충돌,안전운전불이행,포장 - 건조,맑음,단일로 - 기타,승용,남,51세,상해없음,자전거,남,29세,중상
2017092200100194,2017년 9월 22일 09시,금요일,서울특별시 종로구 신문로2가,경상사고,0,0,1,0,차대차 - 기타,안전운전불이행,포장 - 건조,맑음,단일로 - 기타,승용,남,65세,상해없음,자전거,남,23세,경상
2017092200100420,2017년 9월 22일 16시,금요일,서울특별시 송파구 마천동,경상사고,0,0,1,0,차대차 - 기타,기타,포장 - 건조,맑음,교차로 - 교차로부근,승용,남,55세,상해없음,자전거,남,75세,경상
2017092200100473,2017년 9월 22일 17시,금요일,서울특별시 성북구 정릉동,중상사고,0,1,1,0,차대차 - 측면충돌,안전운전불이행,포장 - 기타,맑음,교차로 - 교차로부근,자전거,남,75세,경상,자전거,남,72세,중상
2017092200100640,2017년 9월 22일 20시,금요일,서울특별시 영등포구 양평동2가,부상신고사고,0,0,0,1,차대차 - 측면충돌,안전거리미확보,포장 - 건조,맑음,단일로 - 기타,승합,남,27세,상해없음,자전거,남,31세,부상신고
2017092200100710,2017년 9월 22일 22시,금요일,서울특별시 서대문구 남가좌동,경상사고,0,0,1,0,차대차 - 측면충돌,안전운전불이행,포장 - 건조,맑음,교차로 - 교차로안,화물,남,62세,상해없음,자전거,남,29세,경상
2017092300100168,2017년 9월 23일 09시,토요일,서울특별시 강남구 논현동,경상사고,0,0,1,0,차대차 - 기타,기타,포장 - 건조,맑음,교차로 - 교차로횡단보도내,승용,남,55세,상해없음,자전거,남,38세,경상
2017092300100227,2017년 9월 23일 11시,토요일,서울특별시 광진구 중곡동,중상사고,0,1,0,0,차대차 - 측면충돌,기타,포장 - 건조,맑음,단일로 - 기타,승용,남,73세,상해없음,자전거,남,63세,중상
2017092300100230,2017년 9월 23일 11시,토요일,서울특별시 구로구 가리봉동,경상사고,0,0,1,0,차대차 - 기타,신호위반,포장 - 건조,맑음,단일로 - 기타,승용,남,62세,상해없음,자전거,여,64세,경상
2017092300100317,2017년 9월 23일 13시,토요일,서울특별시 강북구 수유동,중상사고,0,1,0,0,차대차 - 기타,신호위반,포장 - 건조,맑음,교차로 - 교차로부근,승용,여,57세,상해없음,자전거,남,80세,중상
2017092300100320,2017년 9월 23일 13시,토요일,서울특별시 성동구 마장동,사망사고,1,0,0,0,차대차 - 기타,안전운전불이행,포장 - 건조,맑음,교차로 - 교차로부근,승합,남,52세,상해없음,자전거,남,74세,사망
2017092300100418,2017년 9월 23일 15시,토요일,서울특별시 구로구 신도림동,중상사고,0,1,0,0,차대차 - 기타,신호위반,포장 - 건조,맑음,단일로 - 기타,승용,여,35세,상해없음,자전거,남,22세,중상
2017092300100491,2017년 9월 23일 17시,토요일,서울특별시 양천구 목동,중상사고,0,1,0,0,차대차 - 기타,안전운전불이행,포장 - 건조,맑음,기타 - 기타,자전거,남,13세,상해없음,자전거,남,57세,중상
2017092300100587,2017년 9월 23일 19시,토요일,서울특별시 송파구 가락동,경상사고,0,0,1,0,차대차 - 측면충돌,직진우회전진행방해,포장 - 건조,맑음,교차로 - 교차로안,원동기,남,20세,상해없음,자전거,남,58세,경상
2017092400100144,2017년 9월 24일 09시,일요일,서울특별시 강동구 암사동,부상신고사고,0,0,0,1,차대차 - 기타,안전운전불이행,포장 - 건조,맑음,기타 - 기타,기타불명,기타불명,미분류,기타불명,자전거,여,50세,부상신고
2017092400100164,2017년 9월 24일 10시,일요일,서울특별시 성북구 돈암동,경상사고,0,0,1,0,차대차 - 기타,안전운전불이행,포장 - 건조,맑음,단일로 - 기타,기타불명,기타불명,미분류,기타불명,자전거,남,52세,경상
2017092400100171,2017년 9월 24일 10시,일요일,서울특별시 송파구 문정동,부상신고사고,0,0,0,1,차대차 - 추돌,안전거리미확보,포장 - 건조,맑음,단일로 - 기타,자전거,여,58세,상해없음,자전거,여,58세,부상신고
2017092400100282,2017년 9월 24일 14시,일요일,서울특별시 관악구 신림동,부상신고사고,0,0,0,1,차대차 - 기타,안전운전불이행,포장 - 건조,맑음,단일로 - 기타,자전거,남,22세,상해없음,자전거,남,53세,부상신고
2017092400100418,2017년 9월 24일 18시,일요일,서울특별시 서초구 방배동,경상사고,0,0,1,0,차대차 - 측면충돌,직진우회전진행방해,포장 - 건조,맑음,교차로 - 교차로안,승용,여,56세,상해없음,자전거,남,56세,경상
2017092500100198,2017년 9월 25일 10시,월요일,서울특별시 송파구 잠실동,경상사고,0,0,1,0,차대차 - 측면충돌,안전운전불이행,포장 - 건조,맑음,기타 - 기타,승용,여,43세,상해없음,자전거,남,12세,경상
2017092500100273,2017년 9월 25일 12시,월요일,서울특별시 은평구 녹번동,중상사고,0,1,0,0,차대차 - 정면충돌,안전운전불이행,포장 - 건조,맑음,교차로 - 교차로안,승용,남,48세,상해없음,자전거,남,25세,중상
2017092500100546,2017년 9월 25일 19시,월요일,서울특별시 동대문구 장안동,중상사고,0,1,0,0,차대차 - 측면충돌,신호위반,포장 - 건조,흐림,단일로 - 기타,이륜,남,59세,상해없음,자전거,남,52세,중상
2017092500100550,2017년 9월 25일 19시,월요일,서울특별시 강남구 신사동,경상사고,0,0,1,0,차대차 - 측면충돌,신호위반,포장 - 건조,맑음,교차로 - 교차로횡단보도내,승용,남,60세,상해없음,자전거,남,29세,경상
2017092500100599,2017년 9월 25일 20시,월요일,서울특별시 강동구 명일동,경상사고,0,0,2,0,차대차 - 기타,안전운전불이행,포장 - 건조,맑음,교차로 - 교차로안,승용,남,64세,상해없음,자전거,남,23세,경상
2017092500100630,2017년 9월 25일 21시,월요일,서울특별시 중랑구 묵동,중상사고,0,1,0,0,차대차 - 기타,안전운전불이행,포장 - 건조,맑음,교차로 - 교차로안,자전거,남,26세,상해없음,자전거,남,62세,중상
2017092500100685,2017년 9월 25일 23시,월요일,서울특별시 강동구 성내동,경상사고,0,0,1,0,차대차 - 측면충돌,중앙선침범,포장 - 건조,맑음,단일로 - 기타,승용,남,64세,상해없음,자전거,남,24세,경상
2017092500100686,2017년 9월 25일 23시,월요일,서울특별시 강동구 암사동,중상사고,0,1,0,0,차대차 - 기타,안전운전불이행,포장 - 건조,맑음,단일로 - 기타,승용,남,65세,상해없음,자전거,여,28세,중상
2017092600100594,2017년 9월 26일 20시,화요일,서울특별시 마포구 신수동,중상사고,0,1,0,0,차대차 - 측면충돌,안전운전불이행,포장 - 건조,맑음,단일로 - 기타,승용,남,44세,상해없음,자전거,남,16세,중상
2017092600100597,2017년 9월 26일 20시,화요일,서울특별시 성북구 상월곡동,경상사고,0,0,1,0,차대차 - 측면충돌,교차로운행방법위반,포장 - 건조,맑음,교차로 - 교차로안,화물,남,58세,상해없음,자전거,남,12세,경상
2017092600100624,2017년 9월 26일 21시,화요일,서울특별시 동대문구 휘경동,부상신고사고,0,0,0,1,차대차 - 측면충돌,안전운전불이행,포장 - 건조,흐림,단일로 - 기타,자전거,여,33세,상해없음,자전거,여,44세,부상신고
2017092700100060,2017년 9월 27일 03시,수요일,서울특별시 강동구 길동,중상사고,0,1,0,0,차대차 - 측면충돌,기타,포장 - 건조,흐림,단일로 - 기타,승용,남,49세,상해없음,자전거,남,73세,중상
2017092700100209,2017년 9월 27일 09시,수요일,서울특별시 강동구 길동,경상사고,0,0,1,0,차대차 - 기타,안전운전불이행,포장 - 건조,맑음,단일로 - 기타,승용,여,46세,기타불명,자전거,여,37세,경상
2017092700100210,2017년 9월 27일 09시,수요일,서울특별시 강동구 상일동,경상사고,0,0,1,0,차대차 - 측면충돌,안전운전불이행,포장 - 건조,맑음,주차장 - 주차장,승용,여,38세,상해없음,자전거,남,63세,경상
2017092700100277,2017년 9월 27일 11시,수요일,서울특별시 송파구 잠실동,경상사고,0,0,1,0,차대차 - 측면충돌,신호위반,포장 - 젖음/습기,흐림,교차로 - 교차로안,승합,남,62세,상해없음,자전거,여,17세,경상
2017092700100322,2017년 9월 27일 12시,수요일,서울특별시 노원구 상계동,부상신고사고,0,0,0,1,차대차 - 측면충돌,안전거리미확보,포장 - 건조,맑음,단일로 - 기타,승용,남,50세,상해없음,자전거,남,13세,부상신고
2017092700100323,2017년 9월 27일 12시,수요일,서울특별시 노원구 월계동,경상사고,0,0,1,0,차대차 - 기타,신호위반,포장 - 건조,맑음,단일로 - 기타,승용,남,37세,상해없음,자전거,남,19세,경상
2017092700100501,2017년 9월 27일 17시,수요일,서울특별시 구로구 가리봉동,중상사고,0,1,0,0,차대차 - 기타,안전운전불이행,포장 - 건조,맑음,단일로 - 기타,승용,남,52세,상해없음,자전거,여,54세,중상
2017092800100063,2017년 9월 28일 03시,목요일,서울특별시 강남구 개포동,중상사고,0,1,0,0,차대차 - 기타,안전운전불이행,포장 - 건조,맑음,단일로 - 기타,승용,남,56세,상해없음,자전거,남,58세,중상
2017092800100144,2017년 9월 28일 08시,목요일,서울특별시 성북구 석관동,경상사고,0,0,1,0,차대차 - 측면충돌,기타,포장 - 건조,맑음,단일로 - 기타,승용,남,63세,상해없음,자전거,여,44세,경상
2017092800100417,2017년 9월 28일 15시,목요일,서울특별시 동작구 사당동,경상사고,0,0,1,0,차대차 - 기타,직진우회전진행방해,포장 - 건조,맑음,교차로 - 교차로안,승용,남,63세,상해없음,자전거,여,70세,경상
2017092800100509,2017년 9월 28일 17시,목요일,서울특별시 은평구 대조동,경상사고,0,0,1,0,차대차 - 기타,안전운전불이행,포장 - 건조,맑음,교차로 - 교차로안,기타불명,기타불명,미분류,기타불명,자전거,남,11세,경상
2017092800100550,2017년 9월 28일 18시,목요일,서울특별시 양천구 목동,중상사고,0,1,0,0,차대차 - 기타,교차로운행방법위반,포장 - 건조,맑음,교차로 - 교차로안,승용,남,28세,상해없음,자전거,여,36세,중상
2017092800100666,2017년 9월 28일 20시,목요일,서울특별시 강서구 화곡동,경상사고,0,0,1,0,차대차 - 측면충돌,안전운전불이행,포장 - 건조,맑음,교차로 - 교차로부근,승용,남,58세,상해없음,자전거,남,13세,경상
2017092900100073,2017년 9월 29일 02시,금요일,서울특별시 서초구 서초동,경상사고,0,0,1,0,차대차 - 기타,안전운전불이행,포장 - 건조,맑음,단일로 - 기타,승용,남,24세,상해없음,자전거,남,31세,경상
2017092900100095,2017년 9월 29일 05시,금요일,서울특별시 성동구 성수동2가,경상사고,0,0,1,0,차대차 - 기타,교차로운행방법위반,포장 - 건조,맑음,교차로 - 교차로안,승용,남,59세,상해없음,자전거,남,31세,경상
2017092900100097,2017년 9월 29일 05시,금요일,서울특별시 송파구 거여동,경상사고,0,0,1,0,차대차 - 측면충돌,중앙선침범,포장 - 건조,맑음,단일로 - 기타,승용,여,34세,상해없음,자전거,남,67세,경상
2017092900100232,2017년 9월 29일 09시,금요일,서울특별시 종로구 인의동,경상사고,0,0,1,1,차대차 - 측면충돌,신호위반,포장 - 건조,맑음,교차로 - 교차로안,원동기,남,23세,경상,자전거,남,37세,부상신고
2017092900100501,2017년 9월 29일 16시,금요일,서울특별시 성동구 마장동,부상신고사고,0,0,0,1,차대차 - 기타,안전운전불이행,포장 - 건조,맑음,단일로 - 기타,기타불명,기타불명,미분류,기타불명,자전거,여,31세,부상신고
2017092900100604,2017년 9월 29일 18시,금요일,서울특별시 서대문구 북가좌동,경상사고,0,0,1,0,차대차 - 기타,기타,포장 - 건조,맑음,교차로 - 교차로부근,승용,남,55세,상해없음,자전거,남,72세,경상
2017092900100777,2017년 9월 29일 21시,금요일,서울특별시 광진구 자양동,중상사고,0,1,0,0,차대차 - 기타,기타,포장 - 건조,맑음,단일로 - 기타,승용,남,58세,상해없음,자전거,여,58세,중상
2017092900100814,2017년 9월 29일 22시,금요일,서울특별시 도봉구 쌍문동,경상사고,0,0,1,0,차대차 - 측면충돌,신호위반,포장 - 건조,맑음,교차로 - 교차로안,승합,남,54세,상해없음,자전거,남,18세,경상
2017093000100131,2017년 9월 30일 08시,토요일,서울특별시 송파구 가락동,중상사고,0,1,0,0,차대차 - 측면충돌,안전운전불이행,포장 - 건조,맑음,교차로 - 교차로횡단보도내,승용,남,49세,상해없음,자전거,남,60세,중상
2017093000100157,2017년 9월 30일 09시,토요일,서울특별시 노원구 공릉동,경상사고,0,0,1,0,차대차 - 기타,교차로운행방법위반,포장 - 건조,맑음,교차로 - 교차로안,승용,남,53세,상해없음,자전거,남,33세,경상
2017093000100363,2017년 9월 30일 15시,토요일,서울특별시 용산구 원효로4가,경상사고,0,0,1,0,차대차 - 기타,안전운전불이행,포장 - 건조,맑음,단일로 - 기타,자전거,남,33세,상해없음,자전거,남,40세,경상
2017093000100449,2017년 9월 30일 17시,토요일,서울특별시 영등포구 양평동6가,중상사고,0,1,1,0,차대차 - 측면충돌,안전운전불이행,포장 - 건조,맑음,단일로 - 기타,자전거,남,13세,경상,자전거,남,30세,중상
2017093000100452,2017년 9월 30일 17시,토요일,서울특별시 강동구 성내동,경상사고,0,0,1,0,차대차 - 기타,안전운전불이행,포장 - 건조,맑음,교차로 - 교차로횡단보도내,승합,남,57세,상해없음,자전거,남,64세,경상
2017093000100490,2017년 9월 30일 18시,토요일,서울특별시 중랑구 상봉동,경상사고,0,0,1,0,차대차 - 기타,기타,포장 - 건조,맑음,단일로 - 기타,승용,남,46세,상해없음,자전거,남,59세,경상
2017093000100493,2017년 9월 30일 18시,토요일,서울특별시 노원구 공릉동,경상사고,0,0,1,0,차대차 - 기타,안전운전불이행,포장 - 건조,맑음,교차로 - 교차로안,승용,남,63세,상해없음,자전거,여,9세,경상
2017100200100263,2017년 10월 2일 12시,월요일,서울특별시 영등포구 여의도동,경상사고,0,0,2,0,차대차 - 측면충돌,안전운전불이행,포장 - 건조,맑음,단일로 - 기타,자전거,남,53세,경상,자전거,남,46세,경상
2017100200100339,2017년 10월 2일 14시,월요일,서울특별시 서초구 반포동,중상사고,0,1,0,0,차대차 - 측면충돌,안전운전불이행,포장 - 기타,맑음,기타 - 기타,자전거,남,17세,기타불명,자전거,남,66세,중상
2017100200100391,2017년 10월 2일 15시,월요일,서울특별시 강동구 길동,부상신고사고,0,0,0,1,차대차 - 기타,안전운전불이행,포장 - 건조,맑음,교차로 - 교차로횡단보도내,승용,남,57세,상해없음,자전거,남,12세,부상신고
2017100200100474,2017년 10월 2일 17시,월요일,서울특별시 송파구 풍납동,경상사고,0,0,1,0,차대차 - 후진중충돌,안전운전불이행,포장 - 건조,맑음,단일로 - 기타,화물,남,38세,상해없음,자전거,남,61세,경상
2017100300100093,2017년 10월 3일 08시,화요일,서울특별시 동작구 동작동,중상사고,0,1,0,1,차대차 - 측면충돌,안전운전불이행,포장 - 건조,맑음,단일로 - 기타,자전거,남,37세,부상신고,자전거,남,36세,중상
2017100300100127,2017년 10월 3일 11시,화요일,서울특별시 구로구 고척동,경상사고,0,0,1,0,차대차 - 측면충돌,안전운전불이행,포장 - 건조,맑음,교차로 - 교차로안,승용,남,53세,상해없음,자전거,남,40세,경상
2017100300100180,2017년 10월 3일 13시,화요일,서울특별시 종로구 관훈동,경상사고,0,0,1,0,차대차 - 기타,기타,포장 - 건조,맑음,교차로 - 교차로부근,승용,남,69세,상해없음,자전거,여,38세,경상
2017100300100184,2017년 10월 3일 13시,화요일,서울특별시 양천구 신정동,경상사고,0,0,1,0,차대차 - 정면충돌,안전운전불이행,포장 - 건조,맑음,단일로 - 기타,개인형이동수단(PM),남,8세,상해없음,자전거,여,45세,경상
2017100300100236,2017년 10월 3일 15시,화요일,서울특별시 종로구 공평동,경상사고,0,0,1,0,차대차 - 기타,안전운전불이행,포장 - 건조,맑음,교차로 - 교차로안,승용,여,45세,상해없음,자전거,남,31세,경상
2017100300100238,2017년 10월 3일 15시,화요일,서울특별시 강서구 염창동,부상신고사고,0,0,0,1,차대차 - 측면충돌,안전운전불이행,포장 - 건조,맑음,교차로 - 교차로안,자전거,남,14세,상해없음,자전거,남,49세,부상신고
2017100300100376,2017년 10월 3일 21시,화요일,서울특별시 강북구 수유동,중상사고,0,1,0,0,차대차 - 측면충돌,기타,비포장 - 기타,맑음,기타 - 기타,자전거,여,47세,상해없음,자전거,남,54세,중상
2017100400100294,2017년 10월 4일 18시,수요일,서울특별시 송파구 잠실동,경상사고,0,0,1,0,차대차 - 기타,안전운전불이행,포장 - 건조,맑음,기타 - 기타,승용,남,48세,상해없음,자전거,남,65세,경상
2017100500100165,2017년 10월 5일 14시,목요일,서울특별시 용산구 동빙고동,경상사고,0,0,1,0,차대차 - 기타,안전운전불이행,포장 - 건조,맑음,단일로 - 기타,자전거,남,62세,상해없음,자전거,남,40세,경상
2017100500100167,2017년 10월 5일 14시,목요일,서울특별시 성동구 송정동,경상사고,0,0,1,0,차대차 - 기타,안전운전불이행,포장 - 건조,맑음,기타 - 기타,자전거,여,64세,경상,자전거,남,49세,상해없음
2017100500100193,2017년 10월 5일 15시,목요일,서울특별시 송파구 신천동,중상사고,0,1,0,0,차대차 - 측면충돌,신호위반,포장 - 건조,맑음,교차로 - 교차로안,승용,남,68세,상해없음,자전거,남,11세,중상
2017100600100158,2017년 10월 6일 11시,금요일,서울특별시 용산구 원효로4가,경상사고,0,0,1,0,차대차 - 기타,안전운전불이행,포장 - 건조,맑음,단일로 - 기타,자전거,남,69세,경상,자전거,남,58세,상해없음
2017100600100159,2017년 10월 6일 11시,금요일,서울특별시 영등포구 당산동,경상사고,0,0,2,0,차대차 - 측면충돌,안전운전불이행,포장 - 건조,맑음,단일로 - 기타,자전거,남,46세,상해없음,자전거,여,39세,경상
2017100600100177,2017년 10월 6일 12시,금요일,서울특별시 용산구 이촌동,경상사고,0,0,1,0,차대차 - 기타,안전운전불이행,포장 - 건조,맑음,단일로 - 지하차도(도로)내,자전거,남,63세,상해없음,자전거,남,32세,경상
2017100600100215,2017년 10월 6일 14시,금요일,서울특별시 양천구 신정동,경상사고,0,0,1,0,차대차 - 기타,안전운전불이행,포장 - 건조,맑음,단일로 - 기타,자전거,남,14세,상해없음,자전거,남,75세,경상
2017100600100238,2017년 10월 6일 15시,금요일,서울특별시 강남구 도곡동,부상신고사고,0,0,0,1,차대차 - 기타,안전운전불이행,포장 - 건조,맑음,단일로 - 기타,승용,여,36세,상해없음,자전거,남,79세,부상신고
2017100600100255,2017년 10월 6일 16시,금요일,서울특별시 마포구 중동,경상사고,0,0,1,0,차대차 - 기타,신호위반,포장 - 건조,맑음,교차로 - 교차로횡단보도내,승용,남,40세,상해없음,자전거,남,12세,경상
2017100600100397,2017년 10월 6일 22시,금요일,서울특별시 영등포구 여의도동,부상신고사고,0,0,0,1,차대차 - 기타,안전운전불이행,포장 - 건조,맑음,교차로 - 교차로안,자전거,여,48세,부상신고,자전거,남,38세,상해없음
2017100700100178,2017년 10월 7일 12시,토요일,서울특별시 영등포구 여의도동,중상사고,0,1,0,0,차대차 - 기타,안전운전불이행,포장 - 건조,맑음,교차로 - 교차로안,승합,남,59세,상해없음,자전거,남,41세,중상
2017100700100299,2017년 10월 7일 16시,토요일,서울특별시 종로구 효자동,중상사고,0,1,0,0,차대차 - 측면충돌,안전운전불이행,포장 - 건조,흐림,교차로 - 교차로안,승용,남,36세,상해없음,자전거,남,28세,중상
2017100700100301,2017년 10월 7일 16시,토요일,서울특별시 성동구 옥수동,중상사고,0,1,2,0,차대차 - 측면충돌,안전운전불이행,포장 - 기타,맑음,단일로 - 기타,자전거,여,43세,경상,자전거,남,73세,경상
2017100700100302,2017년 10월 7일 16시,토요일,서울특별시 동작구 본동,중상사고,0,1,0,0,차대차 - 기타,안전운전불이행,포장 - 건조,맑음,단일로 - 기타,자전거,기타불명,미분류,기타불명,자전거,여,36세,중상
2017100700100305,2017년 10월 7일 16시,토요일,서울특별시 송파구 신천동,중상사고,0,1,0,0,차대차 - 측면충돌,신호위반,포장 - 건조,맑음,교차로 - 교차로부근,승용,여,28세,상해없음,자전거,남,14세,중상
2017100700100398,2017년 10월 7일 19시,토요일,서울특별시 노원구 중계동,경상사고,0,0,1,0,차대차 - 측면충돌,안전운전불이행,포장 - 건조,맑음,단일로 - 기타,승용,남,50세,상해없음,자전거,남,14세,경상
2017100800100297,2017년 10월 8일 18시,일요일,서울특별시 구로구 구로동,경상사고,0,0,1,0,차대차 - 측면충돌,신호위반,포장 - 건조,맑음,교차로 - 교차로횡단보도내,승용,여,46세,상해없음,자전거,남,57세,경상
2017100800100298,2017년 10월 8일 18시,일요일,서울특별시 도봉구 쌍문동,경상사고,0,0,1,0,차대차 - 기타,안전운전불이행,포장 - 건조,맑음,교차로 - 교차로안,승용,남,48세,상해없음,자전거,여,50세,경상
2017100800100373,2017년 10월 8일 21시,일요일,서울특별시 서대문구 창천동,경상사고,0,0,1,0,차대차 - 측면충돌,신호위반,포장 - 건조,맑음,교차로 - 교차로부근,승용,남,20세,상해없음,자전거,남,25세,경상
2017100900100076,2017년 10월 9일 06시,월요일,서울특별시 강남구 삼성동,중상사고,0,1,0,0,차대차 - 측면충돌,신호위반,포장 - 건조,맑음,교차로 - 교차로횡단보도내,승용,남,57세,상해없음,자전거,여,74세,중상
2017100900100105,2017년 10월 9일 09시,월요일,서울특별시 성동구 성수동2가,경상사고,0,0,1,0,차대차 - 측면충돌,안전운전불이행,포장 - 건조,맑음,단일로 - 기타,승용,남,65세,상해없음,자전거,여,28세,경상
2017100900100139,2017년 10월 9일 11시,월요일,서울특별시 강동구 성내동,경상사고,0,0,2,0,차대차 - 측면충돌,안전운전불이행,포장 - 건조,맑음,단일로 - 기타,원동기,남,27세,기타불명,자전거,남,71세,상해없음
2017100900100338,2017년 10월 9일 18시,월요일,서울특별시 금천구 시흥동,경상사고,0,0,1,0,차대차 - 측면충돌,안전운전불이행,포장 - 건조,맑음,교차로 - 교차로안,자전거,남,60세,상해없음,자전거,남,25세,경상
2017100900100440,2017년 10월 9일 22시,월요일,서울특별시 동대문구 장안동,중상사고,0,1,0,0,차대차 - 측면충돌,기타,포장 - 건조,맑음,교차로 - 교차로부근,승용,남,65세,상해없음,자전거,여,31세,중상
2017101000100143,2017년 10월 10일 09시,화요일,서울특별시 노원구 월계동,경상사고,0,0,1,0,차대차 - 측면충돌,안전운전불이행,포장 - 건조,맑음,단일로 - 기타,승용,남,74세,상해없음,자전거,여,73세,경상
2017101000100265,2017년 10월 10일 13시,화요일,서울특별시 광진구 자양동,경상사고,0,0,1,0,차대차 - 기타,신호위반,포장 - 건조,맑음,단일로 - 기타,승용,남,36세,상해없음,자전거,여,46세,경상
2017101000100330,2017년 10월 10일 15시,화요일,서울특별시 강동구 천호동,경상사고,0,0,1,0,차대차 - 기타,신호위반,포장 - 건조,흐림,교차로 - 교차로안,원동기,남,63세,상해없음,자전거,여,61세,경상
2017101000100539,2017년 10월 10일 21시,화요일,서울특별시 강북구 수유동,경상사고,0,0,1,0,차대차 - 기타,중앙선침범,포장 - 건조,흐림,단일로 - 기타,승용,여,59세,상해없음,자전거,여,57세,경상
2017101100100074,2017년 10월 11일 05시,수요일,서울특별시 양천구 신월동,사망사고,1,0,0,0,차대차 - 측면충돌,안전운전불이행,포장 - 젖음/습기,비,교차로 - 교차로부근,승용,남,62세,상해없음,자전거,남,83세,사망
2017101100100087,2017년 10월 11일 06시,수요일,서울특별시 성동구 마장동,부상신고사고,0,0,0,1,차대차 - 기타,안전운전불이행,포장 - 건조,맑음,교차로 - 교차로부근,기타불명,기타불명,미분류,기타불명,자전거,여,71세,부상신고