사고번호,사고일시,요일,시군구,사고내용,사망자수,중상자수,경상자수,부상신고자수,사고유형,법규위반,노면상태,기상상태,도로형태,가해운전자 차종,가해운전자 성별,가해운전자 연령,가해운전자 상해정도,피해운전자 차종,피해운전자 성별,피해운전자 연령,피해운전자 상해정도
2017101100100098,2017년 10월 11일 07시,수요일,서울특별시 은평구 신사동,경상사고,0,0,1,0,차대차 - 측면충돌,신호위반,포장 - 젖음/습기,비,교차로 - 교차로부근,화물,남,45세,상해없음,자전거,여,41세,경상
2017101100100100,2017년 10월 11일 07시,수요일,서울특별시 강동구 성내동,경상사고,0,0,1,0,차대차 - 측면충돌,신호위반,포장 - 젖음/습기,비,단일로 - 기타,승용,여,43세,상해없음,자전거,여,47세,경상
2017101100100203,2017년 10월 11일 10시,수요일,서울특별시 도봉구 방학동,중상사고,0,1,0,0,차대차 - 추돌,안전운전불이행,포장 - 건조,맑음,교차로 - 교차로안,승용,여,65세,상해없음,자전거,남,82세,중상
2017101100100431,2017년 10월 11일 18시,수요일,서울특별시 동대문구 장안동,중상사고,0,1,0,0,차대차 - 기타,안전운전불이행,포장 - 건조,맑음,단일로 - 기타,원동기,남,44세,상해없음,자전거,여,54세,중상
2017101100100485,2017년 10월 11일 19시,수요일,서울특별시 중랑구 면목동,경상사고,0,0,1,0,차대차 - 기타,기타,포장 - 건조,맑음,단일로 - 기타,승용,남,53세,상해없음,자전거,남,51세,경상
2017101200100023,2017년 10월 12일 00시,목요일,서울특별시 강동구 명일동,중상사고,0,1,0,0,차대차 - 기타,신호위반,포장 - 건조,맑음,교차로 - 교차로안,원동기,남,19세,상해없음,자전거,남,43세,중상
2017101200100051,2017년 10월 12일 03시,목요일,서울특별시 마포구 동교동,중상사고,0,1,0,0,차대차 - 측면충돌,신호위반,포장 - 건조,맑음,교차로 - 교차로횡단보도내,승용,남,63세,상해없음,자전거,여,64세,중상
2017101200100176,2017년 10월 12일 10시,목요일,서울특별시 구로구 구로동,경상사고,0,0,1,0,차대차 - 기타,안전운전불이행,포장 - 건조,맑음,단일로 - 기타,승합,남,61세,상해없음,자전거,남,73세,경상
2017101200100225,2017년 10월 12일 12시,목요일,서울특별시 종로구 예지동,경상사고,0,0,1,0,차대차 - 정면충돌,안전운전불이행,포장 - 건조,맑음,단일로 - 기타,이륜,남,52세,상해없음,자전거,여,51세,경상
2017101200100231,2017년 10월 12일 12시,목요일,서울특별시 중랑구 묵동,중상사고,0,1,0,0,차대차 - 기타,교차로운행방법위반,포장 - 건조,맑음,교차로 - 교차로안,화물,남,72세,상해없음,자전거,여,62세,중상
2017101200100361,2017년 10월 12일 16시,목요일,서울특별시 구로구 고척동,부상신고사고,0,0,0,1,차대차 - 기타,안전운전불이행,포장 - 건조,맑음,단일로 - 기타,이륜,남,17세,상해없음,자전거,남,18세,부상신고
2017101200100531,2017년 10월 12일 20시,목요일,서울특별시 용산구 서빙고동,중상사고,0,1,0,0,차대차 - 추돌,안전거리미확보,포장 - 건조,맑음,교차로 - 교차로부근,자전거,남,30세,기타불명,자전거,남,52세,중상
2017101200100559,2017년 10월 12일 21시,목요일,서울특별시 중랑구 면목동,중상사고,0,1,0,0,차대차 - 측면충돌,신호위반,포장 - 건조,맑음,단일로 - 기타,화물,남,22세,상해없음,자전거,남,53세,중상
2017101200100614,2017년 10월 12일 23시,목요일,서울특별시 도봉구 창동,중상사고,0,1,0,0,차대차 - 기타,교차로운행방법위반,포장 - 기타,맑음,교차로 - 교차로안,승용,여,48세,상해없음,자전거,남,55세,중상
2017101300100061,2017년 10월 13일 04시,금요일,서울특별시 금천구 가산동,중상사고,0,1,0,0,차대차 - 측면충돌,신호위반,포장 - 건조,맑음,교차로 - 교차로안,승용,남,38세,상해없음,자전거,여,51세,중상
2017101300100174,2017년 10월 13일 09시,금요일,서울특별시 강동구 암사동,중상사고,0,1,0,0,차대차 - 측면충돌,신호위반,포장 - 건조,맑음,교차로 - 교차로안,승용,남,41세,상해없음,자전거,여,57세,중상
2017101300100461,2017년 10월 13일 17시,금요일,서울특별시 노원구 중계동,경상사고,0,0,1,0,차대차 - 기타,기타,포장 - 건조,맑음,단일로 - 기타,승용,남,65세,상해없음,자전거,남,48세,경상
2017101300100572,2017년 10월 13일 19시,금요일,서울특별시 노원구 상계동,경상사고,0,0,1,0,차대차 - 측면충돌,기타,포장 - 건조,맑음,단일로 - 기타,승용,남,58세,상해없음,자전거,남,17세,경상
2017101300100641,2017년 10월 13일 21시,금요일,서울특별시 동작구 신대방동,경상사고,0,0,1,0,차대차 - 측면충돌,신호위반,포장 - 건조,맑음,기타 - 기타,원동기,남,53세,상해없음,자전거,여,58세,경상
2017101300100697,2017년 10월 13일 23시,금요일,서울특별시 동작구 신대방동,경상사고,0,0,1,0,차대차 - 측면충돌,안전운전불이행,포장 - 건조,맑음,단일로 - 기타,승용,남,66세,상해없음,자전거,여,32세,경상
2017101400100286,2017년 10월 14일 13시,토요일,서울특별시 성북구 안암동5가,경상사고,0,0,1,0,차대차 - 후진중충돌,안전운전불이행,포장 - 건조,맑음,기타 - 기타,화물,남,56세,상해없음,자전거,여,26세,경상
2017101400100413,2017년 10월 14일 16시,토요일,서울특별시 동작구 동작동,경상사고,0,0,3,0,차대차 - 추돌,안전운전불이행,포장 - 건조,맑음,단일로 - 기타,자전거,남,12세,경상,자전거,여,19세,경상
2017101500100092,2017년 10월 15일 06시,일요일,서울특별시 광진구 광장동,사망사고,1,0,0,0,차대차 - 기타,안전운전불이행,포장 - 건조,맑음,단일로 - 교량,승용,남,59세,상해없음,자전거,남,33세,사망
2017101500100095,2017년 10월 15일 06시,일요일,서울특별시 서초구 잠원동,경상사고,0,0,1,0,차대차 - 측면충돌,신호위반,포장 - 건조,맑음,단일로 - 기타,승용,남,49세,상해없음,자전거,남,31세,경상
2017101500100146,2017년 10월 15일 10시,일요일,서울특별시 용산구 용산동6가,경상사고,0,0,1,0,차대차 - 기타,안전운전불이행,포장 - 건조,맑음,기타 - 기타,기타불명,기타불명,미분류,기타불명,자전거,남,39세,경상
2017101500100174,2017년 10월 15일 12시,일요일,서울특별시 서대문구 북가좌동,경상사고,0,0,1,0,차대차 - 측면충돌,교차로운행방법위반,포장 - 건조,맑음,교차로 - 교차로안,승용,남,79세,상해없음,자전거,남,71세,경상
2017101500100176,2017년 10월 15일 12시,일요일,서울특별시 송파구 오금동,부상신고사고,0,0,0,1,차대차 - 측면충돌,안전운전불이행,포장 - 건조,맑음,단일로 - 기타,승용,남,33세,상해없음,자전거,남,18세,부상신고
2017101500100292,2017년 10월 15일 16시,일요일,서울특별시 송파구 신천동,경상사고,0,0,1,0,차대차 - 기타,신호위반,포장 - 건조,맑음,단일로 - 기타,승용,남,70세,상해없음,자전거,남,55세,경상
2017101500100321,2017년 10월 15일 17시,일요일,서울특별시 서초구 우면동,부상신고사고,0,0,0,1,차대차 - 기타,안전운전불이행,포장 - 건조,맑음,기타 - 기타,승용,남,48세,상해없음,자전거,남,11세,부상신고
2017101500100347,2017년 10월 15일 18시,일요일,서울특별시 용산구 서빙고동,부상신고사고,0,0,0,1,차대차 - 기타,안전운전불이행,포장 - 건조,맑음,단일로 - 기타,자전거,남,14세,기타불명,자전거,남,29세,부상신고
2017101500100348,2017년 10월 15일 18시,일요일,서울특별시 영등포구 양평동3가,경상사고,0,0,1,0,차대차 - 정면충돌,안전운전불이행,포장 - 건조,맑음,단일로 - 기타,자전거,남,55세,경상,자전거,남,24세,상해없음
2017101600100155,2017년 10월 16일 10시,월요일,서울특별시 강서구 염창동,경상사고,0,0,1,0,차대차 - 측면충돌,안전운전불이행,포장 - 건조,맑음,단일로 - 기타,자전거,여,42세,상해없음,자전거,여,57세,경상
2017101600100218,2017년 10월 16일 12시,월요일,서울특별시 용산구 서빙고동,경상사고,0,0,1,0,차대차 - 기타,신호위반,포장 - 건조,맑음,단일로 - 기타,승용,여,38세,상해없음,자전거,남,71세,경상
2017101600100220,2017년 10월 16일 12시,월요일,서울특별시 송파구 잠실동,경상사고,0,0,1,0,차대차 - 측면충돌,안전운전불이행,포장 - 건조,맑음,교차로 - 교차로횡단보도내,기타불명,기타불명,미분류,기타불명,자전거,남,25세,경상
2017101600100543,2017년 10월 16일 21시,월요일,서울특별시 강북구 수유동,경상사고,0,0,3,0,차대차 - 측면충돌,안전운전불이행,포장 - 건조,맑음,교차로 - 교차로부근,이륜,남,16세,경상,자전거,남,45세,경상
2017101700100022,2017년 10월 17일 00시,화요일,서울특별시 강북구 수유동,중상사고,0,1,0,0,차대차 - 측면충돌,안전운전불이행,포장 - 건조,맑음,교차로 - 교차로횡단보도내,자전거,남,38세,상해없음,자전거,남,15세,중상
2017101700100083,2017년 10월 17일 06시,화요일,서울특별시 구로구 개봉동,부상신고사고,0,0,0,1,차대차 - 측면충돌,안전운전불이행,포장 - 건조,맑음,교차로 - 교차로안,화물,남,40세,상해없음,자전거,남,67세,부상신고
2017101700100125,2017년 10월 17일 08시,화요일,서울특별시 동작구 신대방동,부상신고사고,0,0,0,1,차대차 - 기타,안전운전불이행,포장 - 건조,맑음,단일로 - 기타,승용,남,42세,상해없음,자전거,남,15세,부상신고
2017101700100176,2017년 10월 17일 09시,화요일,서울특별시 구로구 구로동,경상사고,0,0,1,0,차대차 - 기타,안전운전불이행,포장 - 건조,맑음,교차로 - 교차로안,승용,여,43세,상해없음,자전거,남,33세,경상
2017101700100582,2017년 10월 17일 20시,화요일,서울특별시 서대문구 남가좌동,경상사고,0,0,1,0,차대차 - 기타,안전운전불이행,포장 - 건조,맑음,단일로 - 기타,자전거,남,16세,상해없음,자전거,남,32세,경상
2017101800100125,2017년 10월 18일 08시,수요일,서울특별시 마포구 마포동,경상사고,0,0,1,0,차대차 - 기타,기타,포장 - 건조,맑음,단일로 - 기타,승용,남,64세,상해없음,자전거,남,39세,경상
2017101800100131,2017년 10월 18일 08시,수요일,서울특별시 강남구 수서동,중상사고,0,1,0,0,차대차 - 측면충돌,안전운전불이행,포장 - 건조,맑음,교차로 - 교차로횡단보도내,승용,여,33세,상해없음,자전거,남,62세,중상
2017101900100023,2017년 10월 19일 00시,목요일,서울특별시 서초구 방배동,경상사고,0,0,1,0,차대차 - 추돌,불법유턴,포장 - 건조,맑음,단일로 - 기타,승용,남,44세,상해없음,자전거,남,28세,경상
2017101900100058,2017년 10월 19일 04시,목요일,서울특별시 영등포구 영등포동3가,부상신고사고,0,0,0,1,차대차 - 추돌,안전운전불이행,포장 - 건조,맑음,단일로 - 기타,승용,남,59세,상해없음,자전거,남,55세,부상신고
2017101900100061,2017년 10월 19일 05시,목요일,서울특별시 구로구 구로동,경상사고,0,0,1,0,차대차 - 기타,안전운전불이행,포장 - 건조,맑음,단일로 - 기타,승용,남,38세,상해없음,자전거,남,67세,경상
2017101900100252,2017년 10월 19일 11시,목요일,서울특별시 양천구 신월동,경상사고,0,0,1,0,차대차 - 정면충돌,안전운전불이행,포장 - 건조,맑음,교차로 - 교차로안,승용,남,48세,상해없음,자전거,여,60세,경상
2017101900100346,2017년 10월 19일 15시,목요일,서울특별시 송파구 삼전동,중상사고,0,1,0,0,차대차 - 측면충돌,신호위반,포장 - 건조,맑음,교차로 - 교차로부근,승합,남,75세,상해없음,자전거,남,29세,중상
2017101900100622,2017년 10월 19일 22시,목요일,서울특별시 영등포구 영등포동,중상사고,0,1,0,0,차대차 - 기타,안전운전불이행,포장 - 건조,맑음,교차로 - 교차로안,이륜,남,20세,상해없음,자전거,남,36세,중상
2017101900100650,2017년 10월 19일 23시,목요일,서울특별시 서대문구 대현동,경상사고,0,0,1,0,차대차 - 측면충돌,안전운전불이행,포장 - 건조,맑음,교차로 - 교차로안,이륜,남,28세,상해없음,자전거,여,52세,경상
2017102000100027,2017년 10월 20일 00시,금요일,서울특별시 중랑구 상봉동,경상사고,0,0,1,0,차대차 - 후진중충돌,안전운전불이행,포장 - 건조,맑음,교차로 - 교차로안,승용,남,65세,상해없음,자전거,여,52세,경상
2017102000100084,2017년 10월 20일 06시,금요일,서울특별시 관악구 신림동,중상사고,0,1,0,0,차대차 - 측면충돌,안전거리미확보,포장 - 건조,맑음,교차로 - 교차로부근,승용,남,48세,상해없음,자전거,남,55세,중상
2017102000100085,2017년 10월 20일 06시,금요일,서울특별시 관악구 신림동,중상사고,0,1,0,0,차대차 - 기타,안전운전불이행,포장 - 건조,맑음,교차로 - 교차로안,승용,남,20세,상해없음,자전거,남,83세,중상
2017102000100087,2017년 10월 20일 06시,금요일,서울특별시 노원구 중계동,경상사고,0,0,1,0,차대차 - 측면충돌,안전운전불이행,포장 - 건조,맑음,교차로 - 교차로부근,승용,남,63세,상해없음,자전거,여,51세,경상
2017102000100184,2017년 10월 20일 09시,금요일,서울특별시 강북구 수유동,경상사고,0,0,1,0,차대차 - 측면충돌,안전운전불이행,포장 - 건조,맑음,단일로 - 기타,원동기,남,38세,상해없음,자전거,남,56세,경상
2017102000100297,2017년 10월 20일 12시,금요일,서울특별시 성동구 성수동2가,중상사고,0,1,0,0,차대차 - 기타,안전운전불이행,포장 - 건조,흐림,단일로 - 기타,화물,남,76세,상해없음,자전거,여,75세,중상
2017102000100335,2017년 10월 20일 13시,금요일,서울특별시 성동구 마장동,중상사고,0,1,0,0,차대차 - 측면충돌,안전운전불이행,포장 - 건조,맑음,교차로 - 교차로횡단보도내,화물,남,49세,상해없음,자전거,남,27세,중상
2017102000100374,2017년 10월 20일 14시,금요일,서울특별시 강동구 고덕동,경상사고,0,0,1,0,차대차 - 정면충돌,안전운전불이행,포장 - 건조,맑음,교차로 - 교차로안,이륜,남,56세,상해없음,자전거,남,13세,경상
2017102000100553,2017년 10월 20일 18시,금요일,서울특별시 영등포구 신길동,경상사고,0,0,1,0,차대차 - 기타,안전운전불이행,포장 - 건조,맑음,교차로 - 교차로안,승용,남,52세,상해없음,자전거,남,42세,경상
2017102000100559,2017년 10월 20일 18시,금요일,서울특별시 강서구 화곡동,중상사고,0,1,0,0,차대차 - 기타,직진우회전진행방해,포장 - 건조,맑음,교차로 - 교차로안,승용,여,55세,상해없음,자전거,여,25세,중상
2017102000100633,2017년 10월 20일 19시,금요일,서울특별시 서대문구 북가좌동,부상신고사고,0,0,0,1,차대차 - 측면충돌,안전운전불이행,포장 - 건조,맑음,단일로 - 기타,승용,남,54세,상해없음,자전거,여,24세,부상신고
2017102000100636,2017년 10월 20일 19시,금요일,서울특별시 송파구 잠실동,경상사고,0,0,1,0,차대차 - 정면충돌,안전운전불이행,포장 - 건조,맑음,단일로 - 기타,승용,남,73세,상해없음,자전거,남,12세,경상
2017102100100216,2017년 10월 21일 09시,토요일,서울특별시 강동구 암사동,경상사고,0,0,1,0,차대차 - 기타,안전운전불이행,포장 - 건조,맑음,단일로 - 기타,승용,남,40세,상해없음,자전거,여,42세,경상
2017102100100247,2017년 10월 21일 10시,토요일,서울특별시 중랑구 중화동,중상사고,0,1,0,0,차대차 - 후진중충돌,안전운전불이행,포장 - 건조,맑음,단일로 - 기타,승용,여,60세,상해없음,자전거,남,73세,중상
2017102100100447,2017년 10월 21일 15시,토요일,서울특별시 영등포구 여의도동,경상사고,0,0,2,0,차대차 - 정면충돌,안전운전불이행,포장 - 건조,맑음,단일로 - 기타,자전거,남,51세,경상,자전거,남,52세,경상
2017102100100514,2017년 10월 21일 17시,토요일,서울특별시 서대문구 홍은동,경상사고,0,0,1,0,차대차 - 기타,기타,포장 - 건조,맑음,단일로 - 기타,승용,남,70세,상해없음,자전거,남,15세,경상
2017102100100517,2017년 10월 21일 17시,토요일,서울특별시 마포구 하중동,경상사고,0,0,1,0,차대차 - 기타,안전운전불이행,포장 - 기타,맑음,기타 - 기타,자전거,남,62세,상해없음,자전거,여,56세,경상
2017102100100524,2017년 10월 21일 17시,토요일,서울특별시 노원구 공릉동,경상사고,0,0,1,1,차대차 - 측면충돌,신호위반,포장 - 건조,맑음,교차로 - 교차로안,승용,남,54세,상해없음,자전거,남,10세,부상신고
2017102100100698,2017년 10월 21일 21시,토요일,서울특별시 중랑구 중화동,경상사고,0,0,1,0,차대차 - 기타,안전운전불이행,포장 - 건조,맑음,기타 - 기타,자전거,남,15세,상해없음,자전거,여,50세,경상
2017102200100026,2017년 10월 22일 00시,일요일,서울특별시 도봉구 방학동,중상사고,0,1,0,0,차대차 - 정면충돌,중앙선침범,포장 - 건조,맑음,단일로 - 기타,자전거,남,24세,상해없음,자전거,여,24세,중상
2017102200100242,2017년 10월 22일 13시,일요일,서울특별시 성북구 종암동,경상사고,0,0,1,0,차대차 - 측면충돌,신호위반,포장 - 건조,맑음,교차로 - 교차로횡단보도내,이륜,남,33세,상해없음,자전거,남,62세,경상
2017102200100430,2017년 10월 22일 18시,일요일,서울특별시 양천구 신정동,중상사고,0,1,0,0,차대차 - 기타,안전운전불이행,포장 - 건조,맑음,단일로 - 기타,기타불명,기타불명,미분류,기타불명,자전거,남,49세,중상
2017102200100484,2017년 10월 22일 19시,일요일,서울특별시 서초구 방배동,경상사고,0,0,1,0,차대차 - 측면충돌,안전운전불이행,포장 - 건조,맑음,교차로 - 교차로횡단보도내,승용,남,30세,상해없음,자전거,남,32세,경상
2017102200100510,2017년 10월 22일 20시,일요일,서울특별시 양천구 신월동,경상사고,0,0,1,0,차대차 - 측면충돌,안전운전불이행,포장 - 건조,맑음,단일로 - 기타,승용,남,68세,상해없음,자전거,여,55세,경상
2017102300100070,2017년 10월 23일 06시,월요일,서울특별시 도봉구 창동,부상신고사고,0,0,0,1,차대차 - 추돌,안전운전불이행,포장 - 건조,맑음,교차로 - 교차로안,승합,남,42세,상해없음,자전거,남,65세,부상신고
2017102300100090,2017년 10월 23일 07시,월요일,서울특별시 강동구 둔촌동,중상사고,0,1,0,0,차대차 - 측면충돌,기타,포장 - 건조,맑음,교차로 - 교차로부근,승용,여,57세,상해없음,자전거,남,47세,중상
2017102300100118,2017년 10월 23일 08시,월요일,서울특별시 중랑구 중화동,경상사고,0,0,1,0,차대차 - 기타,기타,포장 - 건조,맑음,단일로 - 기타,승용,남,67세,상해없음,자전거,남,35세,경상
2017102300100406,2017년 10월 23일 16시,월요일,서울특별시 성동구 성수동2가,경상사고,0,0,1,0,차대차 - 기타,안전운전불이행,포장 - 건조,맑음,단일로 - 기타,이륜,남,42세,상해없음,자전거,여,75세,경상
2017102300100507,2017년 10월 23일 18시,월요일,서울특별시 노원구 중계동,경상사고,0,0,1,0,차대차 - 측면충돌,안전거리미확보,포장 - 건조,맑음,단일로 - 기타,승용,남,56세,상해없음,자전거,남,14세,경상
2017102300100707,2017년 10월 23일 23시,월요일,서울특별시 구로구 구로동,중상사고,0,1,0,0,차대차 - 측면충돌,신호위반,포장 - 건조,맑음,교차로 - 교차로횡단보도내,승용,남,58세,상해없음,자전거,남,32세,중상
2017102400100135,2017년 10월 24일 08시,화요일,서울특별시 강동구 천호동,경상사고,0,0,1,0,차대차 - 측면충돌,기타,포장 - 건조,맑음,단일로 - 기타,승용,남,48세,상해없음,자전거,남,49세,경상
2017102400100211,2017년 10월 24일 10시,화요일,서울특별시 동대문구 제기동,중상사고,0,1,0,0,차대차 - 기타,기타,포장 - 건조,맑음,단일로 - 기타,승용,남,75세,상해없음,자전거,남,51세,중상
2017102400100250,2017년 10월 24일 11시,화요일,서울특별시 구로구 구로동,중상사고,0,1,0,0,차대차 - 기타,신호위반,포장 - 건조,맑음,교차로 - 교차로횡단보도내,승용,남,71세,상해없음,자전거,남,78세,중상
2017102400100381,2017년 10월 24일 15시,화요일,서울특별시 송파구 삼전동,경상사고,0,0,1,0,차대차 - 측면충돌,안전운전불이행,포장 - 건조,맑음,단일로 - 기타,승용,여,54세,상해없음,자전거,남,58세,경상
2017102400100412,2017년 10월 24일 16시,화요일,서울특별시 은평구 불광동,경상사고,0,0,1,0,차대차 - 추돌,안전운전불이행,포장 - 건조,맑음,단일로 - 기타,원동기,남,60세,상해없음,자전거,여,41세,경상
2017102400100448,2017년 10월 24일 17시,화요일,서울특별시 동작구 사당동,중상사고,0,2,0,0,차대차 - 기타,신호위반,포장 - 건조,맑음,단일로 - 기타,자전거,남,16세,중상,자전거,남,10세,중상
2017102400100554,2017년 10월 24일 19시,화요일,서울특별시 중구 신당동,경상사고,0,0,1,0,차대차 - 기타,중앙선침범,포장 - 건조,맑음,단일로 - 기타,기타불명,기타불명,미분류,기타불명,자전거,남,52세,경상
2017102400100692,2017년 10월 24일 23시,화요일,서울특별시 송파구 잠실동,경상사고,0,0,1,0,차대차 - 측면충돌,안전거리미확보,포장 - 건조,맑음,교차로 - 교차로안,이륜,남,22세,상해없음,자전거,남,35세,경상
2017102500100125,2017년 10월 25일 08시,수요일,서울특별시 마포구 염리동,경상사고,0,0,1,0,차대차 - 기타,기타,포장 - 건조,맑음,단일로 - 기타,승용,남,66세,상해없음,자전거,남,32세,경상
2017102500100221,2017년 10월 25일 10시,수요일,서울특별시 영등포구 대림동,부상신고사고,0,0,0,1,차대차 - 측면충돌,안전운전불이행,포장 - 건조,맑음,단일로 - 기타,자전거,남,47세,상해없음,자전거,남,49세,부상신고
2017102500100470,2017년 10월 25일 17시,수요일,서울특별시 양천구 목동,경상사고,0,0,1,0,차대차 - 추돌,신호위반,포장 - 건조,맑음,교차로 - 교차로횡단보도내,승용,남,62세,상해없음,자전거,남,25세,경상
2017102500100521,2017년 10월 25일 18시,수요일,서울특별시 노원구 월계동,경상사고,0,0,1,0,차대차 - 기타,안전거리미확보,포장 - 건조,맑음,기타 - 기타,승용,남,67세,상해없음,자전거,남,15세,경상
2017102500100598,2017년 10월 25일 19시,수요일,서울특별시 도봉구 방학동,경상사고,0,0,1,1,차대차 - 기타,안전운전불이행,포장 - 건조,맑음,단일로 - 기타,자전거,남,12세,부상신고,자전거,여,51세,경상
2017102600100074,2017년 10월 26일 06시,목요일,서울특별시 송파구 문정동,중상사고,0,1,0,0,차대차 - 측면충돌,안전운전불이행,포장 - 건조,맑음,교차로 - 교차로횡단보도내,이륜,남,47세,상해없음,자전거,남,62세,중상
2017102600100075,2017년 10월 26일 06시,목요일,서울특별시 구로구 개봉동,경상사고,0,0,1,0,차대차 - 측면충돌,직진우회전진행방해,포장 - 건조,맑음,교차로 - 교차로안,승합,남,67세,상해없음,자전거,남,17세,경상
2017102600100405,2017년 10월 26일 17시,목요일,서울특별시 도봉구 방학동,중상사고,0,1,0,0,차대차 - 측면충돌,직진우회전진행방해,포장 - 건조,맑음,교차로 - 교차로안,승용,남,61세,상해없음,자전거,남,53세,중상
2017102600100556,2017년 10월 26일 20시,목요일,서울특별시 송파구 잠실동,경상사고,0,0,1,0,차대차 - 기타,기타,포장 - 건조,맑음,기타 - 기타,기타불명,기타불명,미분류,기타불명,자전거,여,63세,경상
2017102700100206,2017년 10월 27일 10시,금요일,서울특별시 동대문구 장안동,중상사고,0,1,0,0,차대차 - 기타,직진우회전진행방해,포장 - 건조,맑음,교차로 - 교차로안,승용,남,62세,상해없음,자전거,여,45세,중상
2017102700100354,2017년 10월 27일 14시,금요일,서울특별시 서초구 서초동,중상사고,0,1,0,0,차대차 - 기타,기타,포장 - 건조,맑음,단일로 - 기타,화물,남,53세,상해없음,자전거,여,49세,중상
2017102700100428,2017년 10월 27일 16시,금요일,서울특별시 마포구 연남동,경상사고,0,0,1,0,차대차 - 측면충돌,교차로운행방법위반,포장 - 건조,맑음,교차로 - 교차로안,승용,남,48세,상해없음,자전거,남,13세,경상
2017102700100521,2017년 10월 27일 18시,금요일,서울특별시 서대문구 북아현동,중상사고,0,1,0,0,차대차 - 측면충돌,안전운전불이행,포장 - 건조,맑음,교차로 - 교차로부근,승용,여,33세,상해없음,자전거,남,13세,중상
2017102700100749,2017년 10월 27일 22시,금요일,서울특별시 송파구 잠실동,중상사고,0,1,0,0,차대차 - 기타,안전운전불이행,포장 - 건조,맑음,교차로 - 교차로부근,승용,여,50세,상해없음,자전거,남,15세,중상
2017102800100047,2017년 10월 28일 01시,토요일,서울특별시 서초구 반포동,부상신고사고,0,0,0,1,차대차 - 측면충돌,안전운전불이행,포장 - 건조,맑음,교차로 - 교차로횡단보도내,기타불명,기타불명,미분류,기타불명,자전거,남,48세,부상신고
2017102800100185,2017년 10월 28일 09시,토요일,서울특별시 송파구 방이동,중상사고,0,1,0,0,차대차 - 추돌,안전운전불이행,포장 - 건조,맑음,단일로 - 기타,자전거,남,16세,상해없음,자전거,여,60세,중상
2017102800100266,2017년 10월 28일 11시,토요일,서울특별시 강동구 상일동,경상사고,0,0,1,0,차대차 - 기타,신호위반,포장 - 건조,맑음,교차로 - 교차로안,화물,남,59세,상해없음,자전거,남,87세,경상
2017102800100528,2017년 10월 28일 17시,토요일,서울특별시 구로구 신도림동,경상사고,0,0,1,0,차대차 - 측면충돌,안전운전불이행,포장 - 건조,맑음,단일로 - 기타,자전거,여,30세,경상,자전거,남,68세,상해없음
2017102800100636,2017년 10월 28일 19시,토요일,서울특별시 동대문구 청량리동,중상사고,0,1,0,0,차대차 - 측면충돌,직진우회전진행방해,포장 - 건조,맑음,교차로 - 교차로안,화물,남,40세,상해없음,자전거,남,46세,중상
2017102900100127,2017년 10월 29일 09시,일요일,서울특별시 동대문구 장안동,부상신고사고,0,0,0,1,차대차 - 추돌,안전운전불이행,포장 - 건조,맑음,교차로 - 교차로부근,승용,남,53세,상해없음,자전거,남,74세,부상신고
2017102900100316,2017년 10월 29일 16시,일요일,서울특별시 노원구 하계동,경상사고,0,0,1,0,차대차 - 기타,안전운전불이행,포장 - 건조,맑음,교차로 - 교차로안,이륜,남,55세,상해없음,자전거,남,60세,경상
2017102900100351,2017년 10월 29일 17시,일요일,서울특별시 금천구 시흥동,경상사고,0,0,1,0,차대차 - 측면충돌,신호위반,포장 - 건조,맑음,교차로 - 교차로안,승용,남,57세,상해없음,자전거,남,13세,경상
2017102900100381,2017년 10월 29일 18시,일요일,서울특별시 종로구 청진동,경상사고,0,0,1,0,차대차 - 측면충돌,안전거리미확보,포장 - 건조,맑음,단일로 - 기타,승용,남,31세,상해없음,자전거,남,56세,경상
2017102900100522,2017년 10월 29일 22시,일요일,서울특별시 중랑구 면목동,경상사고,0,0,1,0,차대차 - 기타,기타,포장 - 건조,맑음,단일로 - 기타,승용,남,47세,상해없음,자전거,여,29세,경상
2017103000100144,2017년 10월 30일 08시,월요일,서울특별시 강동구 길동,중상사고,0,1,0,0,차대차 - 추돌,안전운전불이행,포장 - 건조,맑음,단일로 - 기타,승용,남,59세,상해없음,자전거,남,64세,중상
2017103000100334,2017년 10월 30일 13시,월요일,서울특별시 강동구 둔촌동,중상사고,0,1,0,0,차대차 - 기타,안전운전불이행,포장 - 건조,맑음,단일로 - 기타,승용,남,37세,상해없음,자전거,남,30세,중상
2017103000100368,2017년 10월 30일 14시,월요일,서울특별시 성동구 마장동,중상사고,0,1,0,0,차대차 - 추돌,안전운전불이행,포장 - 건조,맑음,기타 - 기타,이륜,남,33세,상해없음,자전거,남,78세,중상
2017103000100406,2017년 10월 30일 15시,월요일,서울특별시 마포구 성산동,경상사고,0,0,1,0,차대차 - 측면충돌,안전운전불이행,포장 - 건조,맑음,교차로 - 교차로안,승합,남,52세,상해없음,자전거,남,13세,경상