사고번호,사고일시,요일,시군구,사고내용,사망자수,중상자수,경상자수,부상신고자수,사고유형,법규위반,노면상태,기상상태,도로형태,가해운전자 차종,가해운전자 성별,가해운전자 연령,가해운전자 상해정도,피해운전자 차종,피해운전자 성별,피해운전자 연령,피해운전자 상해정도
2018050400100538,2018년 5월 4일 19시,금요일,서울특별시 송파구 방이동,중상사고,0,1,0,0,차대차 - 기타,안전운전불이행,포장 - 건조,맑음,기타 - 기타,자전거,남,22세,상해없음,자전거,여,56세,중상
2018050400100581,2018년 5월 4일 20시,금요일,서울특별시 강서구 등촌동,경상사고,0,0,1,0,차대차 - 측면충돌,직진우회전진행방해,포장 - 건조,맑음,교차로 - 교차로안,승용,남,34세,상해없음,자전거,남,24세,경상
2018050500100004,2018년 5월 5일 00시,토요일,서울특별시 강남구 압구정동,경상사고,0,0,1,0,차대차 - 추돌,안전운전불이행,포장 - 건조,맑음,단일로 - 기타,자전거,남,36세,상해없음,자전거,여,34세,경상
2018050500100104,2018년 5월 5일 06시,토요일,서울특별시 성북구 종암동,경상사고,0,0,1,0,차대차 - 측면충돌,기타,포장 - 건조,맑음,단일로 - 기타,승용,남,70세,상해없음,자전거,남,40세,경상
2018050500100120,2018년 5월 5일 07시,토요일,서울특별시 서초구 반포동,부상신고사고,0,0,0,1,차대차 - 기타,안전운전불이행,포장 - 건조,맑음,기타 - 기타,자전거,남,12세,상해없음,자전거,남,51세,부상신고
2018050500100172,2018년 5월 5일 09시,토요일,서울특별시 은평구 진관동,중상사고,0,1,0,0,차대차 - 추돌,안전운전불이행,포장 - 건조,맑음,단일로 - 기타,승용,여,30세,상해없음,자전거,남,60세,중상
2018050500100479,2018년 5월 5일 18시,토요일,서울특별시 강남구 압구정동,중상사고,0,1,0,0,차대차 - 기타,안전운전불이행,포장 - 건조,맑음,단일로 - 기타,자전거,남,67세,상해없음,자전거,여,21세,중상
2018050500100483,2018년 5월 5일 18시,토요일,서울특별시 양천구 신정동,경상사고,0,0,1,0,차대차 - 측면충돌,신호위반,포장 - 건조,맑음,단일로 - 기타,승용,남,39세,상해없음,자전거,남,48세,경상
2018050500100509,2018년 5월 5일 19시,토요일,서울특별시 도봉구 방학동,경상사고,0,0,1,0,차대차 - 측면충돌,신호위반,포장 - 건조,맑음,교차로 - 교차로횡단보도내,이륜,남,37세,상해없음,자전거,남,48세,경상
2018050600100235,2018년 5월 6일 14시,일요일,서울특별시 중랑구 중화동,경상사고,0,0,1,1,차대차 - 측면충돌,안전운전불이행,포장 - 건조,맑음,교차로 - 교차로횡단보도내,이륜,남,69세,부상신고,자전거,남,76세,경상
2018050600100317,2018년 5월 6일 18시,일요일,서울특별시 양천구 신정동,부상신고사고,0,0,0,1,차대차 - 기타,안전운전불이행,포장 - 건조,맑음,교차로 - 교차로횡단보도내,승용,남,70세,상해없음,자전거,남,13세,부상신고
2018050700100099,2018년 5월 7일 08시,월요일,서울특별시 광진구 중곡동,경상사고,0,0,1,0,차대차 - 기타,안전거리미확보,포장 - 건조,맑음,단일로 - 기타,승용,여,53세,상해없음,자전거,남,44세,경상
2018050700100218,2018년 5월 7일 13시,월요일,서울특별시 강남구 수서동,중상사고,0,1,0,0,차대차 - 측면충돌,안전운전불이행,포장 - 건조,맑음,단일로 - 기타,자전거,여,48세,상해없음,자전거,남,31세,중상
2018050700100347,2018년 5월 7일 17시,월요일,서울특별시 도봉구 방학동,중상사고,0,1,0,0,차대차 - 기타,안전운전불이행,포장 - 건조,맑음,교차로 - 교차로안,기타불명,기타불명,미분류,기타불명,자전거,남,16세,중상
2018050700100384,2018년 5월 7일 18시,월요일,서울특별시 송파구 잠실동,중상사고,0,1,0,0,차대차 - 측면충돌,신호위반,포장 - 건조,맑음,단일로 - 기타,승용,남,50세,상해없음,자전거,남,46세,중상
2018050800100022,2018년 5월 8일 01시,화요일,서울특별시 강동구 천호동,경상사고,0,0,2,0,차대차 - 기타,안전운전불이행,포장 - 건조,맑음,교차로 - 교차로안,자전거,남,57세,경상,자전거,남,54세,경상
2018050800100054,2018년 5월 8일 06시,화요일,서울특별시 강남구 개포동,경상사고,0,0,1,0,차대차 - 기타,안전운전불이행,포장 - 건조,맑음,교차로 - 교차로부근,자전거,남,43세,기타불명,자전거,남,9세,경상
2018050800100161,2018년 5월 8일 10시,화요일,서울특별시 서대문구 충정로3가,중상사고,0,1,0,0,차대차 - 추돌,안전운전불이행,포장 - 건조,맑음,교차로 - 교차로부근,승용,남,64세,상해없음,자전거,남,55세,중상
2018050800100353,2018년 5월 8일 16시,화요일,서울특별시 마포구 성산동,경상사고,0,0,1,0,차대차 - 측면충돌,안전운전불이행,포장 - 건조,맑음,단일로 - 기타,화물,남,65세,상해없음,자전거,남,17세,경상
2018050800100497,2018년 5월 8일 19시,화요일,서울특별시 영등포구 대림동,경상사고,0,0,1,0,차대차 - 측면충돌,신호위반,포장 - 건조,맑음,단일로 - 기타,자전거,남,41세,상해없음,자전거,여,47세,경상
2018050800100532,2018년 5월 8일 20시,화요일,서울특별시 양천구 목동,중상사고,0,1,0,0,차대차 - 기타,신호위반,포장 - 건조,맑음,교차로 - 교차로횡단보도내,이륜,남,17세,상해없음,자전거,여,58세,중상
2018050900100040,2018년 5월 9일 06시,수요일,서울특별시 양천구 신정동,중상사고,0,1,0,0,차대차 - 기타,신호위반,포장 - 건조,맑음,교차로 - 교차로횡단보도내,이륜,남,36세,상해없음,자전거,여,75세,중상
2018050900100087,2018년 5월 9일 08시,수요일,서울특별시 강동구 암사동,사망사고,1,0,0,0,차대차 - 기타,안전운전불이행,포장 - 건조,맑음,교차로 - 교차로안,건설기계,남,52세,상해없음,자전거,남,18세,사망
2018050900100172,2018년 5월 9일 10시,수요일,서울특별시 송파구 방이동,중상사고,0,1,0,0,차대차 - 기타,교차로운행방법위반,포장 - 건조,맑음,교차로 - 교차로부근,승용,남,64세,상해없음,자전거,남,35세,중상
2018050900100259,2018년 5월 9일 13시,수요일,서울특별시 마포구 상암동,경상사고,0,0,1,0,차대차 - 측면충돌,안전운전불이행,포장 - 건조,맑음,교차로 - 교차로부근,승용,남,66세,상해없음,자전거,남,51세,경상
2018050900100374,2018년 5월 9일 16시,수요일,서울특별시 도봉구 창동,경상사고,0,0,1,0,차대차 - 기타,안전운전불이행,포장 - 건조,맑음,기타 - 기타,승용,남,62세,상해없음,자전거,남,67세,경상
2018050900100505,2018년 5월 9일 19시,수요일,서울특별시 구로구 궁동,경상사고,0,0,1,0,차대차 - 측면충돌,교차로운행방법위반,포장 - 건조,맑음,교차로 - 교차로안,승용,남,46세,상해없음,자전거,남,49세,경상
2018050900100554,2018년 5월 9일 21시,수요일,서울특별시 동대문구 제기동,경상사고,0,0,1,0,차대차 - 측면충돌,신호위반,포장 - 건조,맑음,교차로 - 교차로안,승용,남,59세,상해없음,자전거,남,59세,경상
2018051000100248,2018년 5월 10일 12시,목요일,서울특별시 성동구 하왕십리동,중상사고,0,1,0,0,차대차 - 기타,신호위반,포장 - 건조,맑음,교차로 - 교차로안,화물,남,52세,상해없음,자전거,남,62세,중상
2018051000100354,2018년 5월 10일 15시,목요일,서울특별시 도봉구 창동,경상사고,0,0,1,0,차대차 - 측면충돌,안전운전불이행,포장 - 건조,맑음,단일로 - 기타,이륜,남,37세,상해없음,자전거,남,68세,경상
2018051000100355,2018년 5월 10일 15시,목요일,서울특별시 강남구 수서동,중상사고,0,1,0,0,차대차 - 측면충돌,안전운전불이행,포장 - 건조,맑음,교차로 - 교차로부근,승용,여,43세,상해없음,자전거,남,79세,중상
2018051000100428,2018년 5월 10일 17시,목요일,서울특별시 송파구 풍납동,부상신고사고,0,0,0,1,차대차 - 측면충돌,안전운전불이행,포장 - 건조,맑음,교차로 - 교차로안,승용,남,58세,상해없음,자전거,남,9세,부상신고
2018051100100338,2018년 5월 11일 15시,금요일,서울특별시 동대문구 장안동,중상사고,0,1,1,0,차대차 - 측면충돌,안전운전불이행,포장 - 건조,맑음,단일로 - 기타,자전거,남,33세,상해없음,자전거,남,42세,중상
2018051100100464,2018년 5월 11일 18시,금요일,서울특별시 구로구 신도림동,중상사고,0,1,0,0,차대차 - 기타,기타,포장 - 건조,맑음,단일로 - 기타,화물,남,69세,기타불명,자전거,남,53세,중상
2018051100100590,2018년 5월 11일 21시,금요일,서울특별시 광진구 구의동,중상사고,0,1,0,0,차대차 - 정면충돌,안전운전불이행,포장 - 건조,흐림,단일로 - 기타,자전거,남,29세,중상,자전거,남,35세,상해없음
2018051200100095,2018년 5월 12일 06시,토요일,서울특별시 광진구 중곡동,중상사고,0,1,1,0,차대차 - 측면충돌,안전운전불이행,포장 - 젖음/습기,비,교차로 - 교차로안,승합,남,54세,상해없음,자전거,남,48세,중상
2018051300100227,2018년 5월 13일 14시,일요일,서울특별시 광진구 화양동,경상사고,0,0,1,0,차대차 - 측면충돌,신호위반,포장 - 건조,맑음,단일로 - 기타,승용,남,70세,상해없음,자전거,남,33세,경상
2018051300100300,2018년 5월 13일 16시,일요일,서울특별시 광진구 중곡동,중상사고,0,1,0,0,차대차 - 측면충돌,안전운전불이행,포장 - 건조,맑음,기타 - 기타,자전거,남,41세,상해없음,자전거,남,12세,중상
2018051300100337,2018년 5월 13일 17시,일요일,서울특별시 용산구 갈월동,경상사고,0,0,1,0,차대차 - 측면충돌,교차로운행방법위반,포장 - 건조,맑음,단일로 - 기타,승용,여,61세,상해없음,자전거,남,17세,경상
2018051300100339,2018년 5월 13일 17시,일요일,서울특별시 송파구 삼전동,중상사고,0,1,0,0,차대차 - 측면충돌,안전운전불이행,포장 - 건조,맑음,기타 - 기타,이륜,남,35세,상해없음,자전거,남,70세,중상
2018051300100436,2018년 5월 13일 20시,일요일,서울특별시 영등포구 대림동,중상사고,0,1,0,0,차대차 - 기타,안전운전불이행,포장 - 건조,맑음,교차로 - 교차로안,승용,남,64세,상해없음,자전거,여,59세,중상
2018051400100160,2018년 5월 14일 10시,월요일,서울특별시 강북구 수유동,경상사고,0,0,1,0,차대차 - 기타,직진우회전진행방해,포장 - 건조,맑음,교차로 - 교차로안,승용,남,49세,상해없음,자전거,남,75세,경상
2018051400100276,2018년 5월 14일 14시,월요일,서울특별시 동대문구 제기동,중상사고,0,1,0,0,차대차 - 기타,안전운전불이행,포장 - 건조,맑음,기타 - 기타,승용,남,26세,상해없음,자전거,남,79세,중상
2018051400100279,2018년 5월 14일 14시,월요일,서울특별시 광진구 자양동,중상사고,0,1,0,0,차대차 - 기타,안전운전불이행,포장 - 건조,맑음,단일로 - 기타,승용,남,48세,상해없음,자전거,여,69세,중상
2018051400100433,2018년 5월 14일 18시,월요일,서울특별시 동대문구 장안동,경상사고,0,0,1,0,차대차 - 기타,안전운전불이행,포장 - 건조,맑음,교차로 - 교차로횡단보도내,승용,남,48세,상해없음,자전거,남,40세,경상
2018051500100063,2018년 5월 15일 07시,화요일,서울특별시 성동구 성수동1가,중상사고,0,1,0,0,차대차 - 기타,안전운전불이행,포장 - 건조,맑음,교차로 - 교차로안,승용,여,51세,상해없음,자전거,남,68세,중상
2018051500100066,2018년 5월 15일 07시,화요일,서울특별시 송파구 문정동,경상사고,0,0,1,0,차대차 - 측면충돌,안전운전불이행,포장 - 건조,맑음,기타 - 기타,승용,남,50세,상해없음,자전거,여,41세,경상
2018051500100094,2018년 5월 15일 08시,화요일,서울특별시 구로구 구로동,경상사고,0,0,1,0,차대차 - 기타,기타,포장 - 건조,맑음,단일로 - 기타,승용,남,64세,상해없음,자전거,남,30세,경상
2018051500100347,2018년 5월 15일 16시,화요일,서울특별시 광진구 중곡동,경상사고,0,0,2,0,차대차 - 추돌,안전운전불이행,포장 - 건조,맑음,교차로 - 교차로안,기타불명,기타불명,미분류,기타불명,자전거,남,11세,경상
2018051500100417,2018년 5월 15일 18시,화요일,서울특별시 중랑구 면목동,중상사고,0,1,0,0,차대차 - 기타,신호위반,포장 - 젖음/습기,맑음,교차로 - 교차로안,승용,여,57세,상해없음,자전거,남,76세,중상
2018051600100038,2018년 5월 16일 05시,수요일,서울특별시 강북구 미아동,경상사고,0,0,1,0,차대차 - 기타,안전운전불이행,비포장 - 젖음/습기,비,교차로 - 교차로부근,승용,남,58세,기타불명,자전거,남,28세,경상
2018051600100392,2018년 5월 16일 19시,수요일,서울특별시 송파구 신천동,경상사고,0,0,1,0,차대차 - 측면충돌,신호위반,포장 - 젖음/습기,흐림,교차로 - 교차로횡단보도내,승합,남,35세,상해없음,자전거,남,42세,경상
2018051600100453,2018년 5월 16일 21시,수요일,서울특별시 영등포구 문래동3가,경상사고,0,0,1,0,차대차 - 기타,안전운전불이행,포장 - 건조,흐림,교차로 - 교차로안,승용,남,66세,상해없음,자전거,여,63세,경상
2018051800100167,2018년 5월 18일 09시,금요일,서울특별시 서초구 양재동,경상사고,0,0,1,0,차대차 - 측면충돌,안전운전불이행,포장 - 건조,맑음,교차로 - 교차로안,화물,남,66세,상해없음,자전거,남,75세,경상
2018051800100424,2018년 5월 18일 17시,금요일,서울특별시 동대문구 답십리동,중상사고,0,1,0,0,차대차 - 측면충돌,안전운전불이행,포장 - 건조,맑음,교차로 - 교차로안,승용,남,75세,상해없음,자전거,여,58세,중상
2018051800100427,2018년 5월 18일 17시,금요일,서울특별시 강동구 명일동,중상사고,0,1,0,0,차대차 - 측면충돌,기타,포장 - 건조,맑음,단일로 - 기타,승용,여,42세,상해없음,자전거,남,13세,중상
2018051900100034,2018년 5월 19일 01시,토요일,서울특별시 중랑구 묵동,경상사고,0,0,1,0,차대차 - 기타,교차로운행방법위반,포장 - 건조,맑음,교차로 - 교차로안,승용,남,66세,상해없음,자전거,남,35세,경상
2018051900100051,2018년 5월 19일 02시,토요일,서울특별시 서대문구 신촌동,경상사고,0,0,1,0,차대차 - 측면충돌,신호위반,포장 - 건조,맑음,단일로 - 기타,이륜,여,61세,상해없음,자전거,남,31세,경상
2018051900100173,2018년 5월 19일 09시,토요일,서울특별시 노원구 공릉동,중상사고,0,1,0,0,차대차 - 측면충돌,직진우회전진행방해,포장 - 건조,맑음,교차로 - 교차로안,승용,남,61세,상해없음,자전거,남,74세,중상
2018051900100200,2018년 5월 19일 10시,토요일,서울특별시 노원구 하계동,중상사고,0,1,0,0,차대차 - 측면충돌,안전운전불이행,포장 - 건조,맑음,기타 - 기타,자전거,남,75세,상해없음,자전거,남,56세,상해없음
2018051900100250,2018년 5월 19일 11시,토요일,서울특별시 노원구 상계동,중상사고,0,1,0,0,차대차 - 측면충돌,안전운전불이행,포장 - 건조,맑음,교차로 - 교차로부근,화물,남,53세,상해없음,자전거,여,67세,중상
2018051900100382,2018년 5월 19일 14시,토요일,서울특별시 송파구 잠실동,중상사고,0,1,0,0,차대차 - 측면충돌,신호위반,포장 - 건조,맑음,교차로 - 교차로안,승용,남,47세,상해없음,자전거,여,30세,중상
2018051900100683,2018년 5월 19일 22시,토요일,서울특별시 중랑구 면목동,경상사고,0,0,1,0,차대차 - 측면충돌,안전운전불이행,포장 - 건조,맑음,단일로 - 기타,승용,여,37세,상해없음,자전거,남,61세,경상
2018051900100712,2018년 5월 19일 23시,토요일,서울특별시 서초구 반포동,경상사고,0,0,1,0,차대차 - 기타,안전운전불이행,포장 - 건조,맑음,단일로 - 기타,승용,남,64세,상해없음,자전거,여,25세,경상
2018052000100120,2018년 5월 20일 09시,일요일,서울특별시 송파구 잠실동,경상사고,0,0,2,0,차대차 - 추돌,안전거리미확보,포장 - 건조,맑음,단일로 - 기타,자전거,남,54세,경상,자전거,여,24세,경상
2018052000100137,2018년 5월 20일 10시,일요일,서울특별시 성동구 금호동4가,중상사고,0,1,0,1,차대차 - 기타,안전운전불이행,포장 - 건조,맑음,기타 - 기타,자전거,기타불명,미분류,기타불명,자전거,남,58세,중상
2018052000100303,2018년 5월 20일 16시,일요일,서울특별시 송파구 방이동,경상사고,0,0,1,0,차대차 - 측면충돌,교차로운행방법위반,포장 - 건조,맑음,교차로 - 교차로안,승용,남,62세,상해없음,자전거,남,45세,경상
2018052000100336,2018년 5월 20일 17시,일요일,서울특별시 강남구 역삼동,경상사고,0,0,1,0,차대차 - 기타,안전운전불이행,포장 - 건조,맑음,교차로 - 교차로안,승용,남,62세,상해없음,자전거,여,22세,경상
2018052100100089,2018년 5월 21일 08시,월요일,서울특별시 성북구 석관동,중상사고,0,1,0,0,차대차 - 측면충돌,기타,포장 - 건조,맑음,단일로 - 기타,승용,남,53세,상해없음,자전거,여,64세,중상
2018052100100153,2018년 5월 21일 10시,월요일,서울특별시 영등포구 당산동3가,경상사고,0,0,1,0,차대차 - 정면충돌,신호위반,포장 - 건조,맑음,단일로 - 기타,승용,여,67세,상해없음,자전거,여,45세,경상
2018052100100156,2018년 5월 21일 10시,월요일,서울특별시 송파구 가락동,경상사고,0,0,1,0,차대차 - 측면충돌,안전운전불이행,포장 - 건조,맑음,교차로 - 교차로횡단보도내,승용,남,68세,상해없음,자전거,여,68세,경상
2018052100100330,2018년 5월 21일 15시,월요일,서울특별시 마포구 상암동,중상사고,0,1,0,0,차대차 - 기타,안전운전불이행,포장 - 건조,맑음,단일로 - 기타,자전거,남,44세,중상,자전거,남,6세,상해없음
2018052100100446,2018년 5월 21일 18시,월요일,서울특별시 도봉구 창동,경상사고,0,0,1,0,차대차 - 측면충돌,안전운전불이행,포장 - 건조,맑음,교차로 - 교차로안,승용,남,46세,상해없음,자전거,남,68세,경상
2018052100100484,2018년 5월 21일 19시,월요일,서울특별시 강남구 개포동,부상신고사고,0,0,0,1,차대차 - 측면충돌,안전운전불이행,포장 - 건조,맑음,교차로 - 교차로부근,기타불명,기타불명,미분류,기타불명,자전거,여,39세,부상신고
2018052100100576,2018년 5월 21일 22시,월요일,서울특별시 동작구 상도동,중상사고,0,1,0,0,차대차 - 측면충돌,기타,포장 - 건조,맑음,단일로 - 기타,승용,남,57세,상해없음,자전거,남,49세,중상
2018052200100175,2018년 5월 22일 10시,화요일,서울특별시 양천구 신정동,중상사고,0,1,0,0,차대차 - 기타,안전운전불이행,포장 - 건조,맑음,단일로 - 기타,자전거,남,22세,상해없음,자전거,남,63세,중상
2018052200100346,2018년 5월 22일 15시,화요일,서울특별시 구로구 신도림동,경상사고,0,0,1,0,차대차 - 정면충돌,신호위반,포장 - 젖음/습기,비,교차로 - 교차로부근,승용,남,68세,상해없음,자전거,남,40세,경상
2018052200100466,2018년 5월 22일 19시,화요일,서울특별시 송파구 가락동,중상사고,0,1,0,0,차대차 - 측면충돌,안전운전불이행,포장 - 젖음/습기,비,교차로 - 교차로안,승용,남,64세,상해없음,자전거,남,58세,중상
2018052300100065,2018년 5월 23일 07시,수요일,서울특별시 광진구 자양동,경상사고,0,0,1,0,차대차 - 측면충돌,신호위반,포장 - 건조,맑음,단일로 - 기타,승용,남,63세,상해없음,자전거,남,61세,경상
2018052300100072,2018년 5월 23일 07시,수요일,서울특별시 도봉구 창동,경상사고,0,0,1,0,차대차 - 기타,신호위반,포장 - 건조,맑음,교차로 - 교차로횡단보도내,화물,남,78세,상해없음,자전거,남,37세,경상
2018052300100190,2018년 5월 23일 10시,수요일,서울특별시 마포구 신수동,중상사고,0,1,0,0,차대차 - 측면충돌,기타,포장 - 건조,맑음,단일로 - 기타,승용,남,64세,상해없음,자전거,남,44세,중상
2018052300100330,2018년 5월 23일 14시,수요일,서울특별시 노원구 월계동,중상사고,0,1,0,0,차대차 - 기타,안전거리미확보,포장 - 건조,맑음,기타 - 기타,승용,남,84세,상해없음,자전거,남,66세,중상
2018052300100389,2018년 5월 23일 16시,수요일,서울특별시 영등포구 양평동6가,경상사고,0,0,3,0,차대차 - 정면충돌,안전운전불이행,포장 - 건조,맑음,단일로 - 기타,자전거,여,21세,상해없음,자전거,남,32세,경상
2018052300100396,2018년 5월 23일 16시,수요일,서울특별시 강동구 성내동,경상사고,0,0,1,0,차대차 - 기타,중앙선침범,포장 - 건조,맑음,단일로 - 기타,승용,여,60세,상해없음,자전거,남,59세,경상
2018052300100489,2018년 5월 23일 18시,수요일,서울특별시 강동구 성내동,경상사고,0,0,1,0,차대차 - 추돌,안전운전불이행,포장 - 건조,맑음,교차로 - 교차로부근,승용,남,58세,상해없음,자전거,남,21세,경상
2018052300100496,2018년 5월 23일 18시,수요일,서울특별시 강남구 대치동,경상사고,0,0,1,0,차대차 - 기타,불법유턴,포장 - 건조,맑음,단일로 - 기타,승용,여,46세,상해없음,자전거,남,12세,경상
2018052300100610,2018년 5월 23일 21시,수요일,서울특별시 구로구 구로동,중상사고,0,1,0,0,차대차 - 정면충돌,안전운전불이행,포장 - 건조,기타,단일로 - 기타,자전거,남,28세,상해없음,자전거,여,51세,중상
2018052400100067,2018년 5월 24일 07시,목요일,서울특별시 도봉구 쌍문동,경상사고,0,0,1,0,차대차 - 측면충돌,안전운전불이행,포장 - 건조,맑음,교차로 - 교차로안,승용,남,27세,상해없음,자전거,남,59세,경상
2018052400100102,2018년 5월 24일 08시,목요일,서울특별시 노원구 상계동,경상사고,0,0,1,0,차대차 - 기타,신호위반,포장 - 건조,맑음,단일로 - 기타,기타불명,기타불명,미분류,기타불명,자전거,여,64세,경상
2018052400100104,2018년 5월 24일 08시,목요일,서울특별시 은평구 불광동,경상사고,0,0,1,0,차대차 - 기타,안전운전불이행,포장 - 건조,맑음,단일로 - 기타,승용,여,53세,상해없음,자전거,남,22세,경상
2018052400100179,2018년 5월 24일 10시,목요일,서울특별시 은평구 역촌동,경상사고,0,0,1,0,차대차 - 추돌,기타,포장 - 건조,맑음,단일로 - 기타,승용,남,47세,상해없음,자전거,여,45세,경상
2018052400100500,2018년 5월 24일 19시,목요일,서울특별시 동작구 신대방동,경상사고,0,0,1,0,차대차 - 정면충돌,안전운전불이행,포장 - 건조,맑음,단일로 - 기타,자전거,남,49세,상해없음,자전거,남,36세,경상
2018052500100444,2018년 5월 25일 17시,금요일,서울특별시 송파구 문정동,경상사고,0,0,1,0,차대차 - 추돌,안전운전불이행,포장 - 건조,맑음,단일로 - 기타,자전거,남,48세,상해없음,자전거,여,25세,경상
2018052500100446,2018년 5월 25일 17시,금요일,서울특별시 도봉구 창동,경상사고,0,0,1,0,차대차 - 기타,안전운전불이행,포장 - 건조,맑음,기타 - 기타,승용,남,63세,상해없음,자전거,남,52세,경상
2018052600100070,2018년 5월 26일 04시,토요일,서울특별시 광진구 자양동,경상사고,0,0,1,0,차대차 - 기타,기타,포장 - 건조,기타,단일로 - 기타,승용,남,47세,상해없음,자전거,남,40세,경상
2018052600100195,2018년 5월 26일 10시,토요일,서울특별시 강동구 암사동,경상사고,0,0,1,0,차대차 - 기타,안전운전불이행,포장 - 건조,맑음,단일로 - 기타,자전거,남,32세,경상,자전거,남,37세,상해없음
2018052600100297,2018년 5월 26일 13시,토요일,서울특별시 성동구 송정동,경상사고,0,0,1,0,차대차 - 기타,안전운전불이행,포장 - 건조,맑음,단일로 - 기타,자전거,남,12세,상해없음,자전거,남,40세,경상
2018052600100461,2018년 5월 26일 17시,토요일,서울특별시 광진구 광장동,중상사고,0,1,0,0,차대차 - 기타,신호위반,포장 - 건조,맑음,단일로 - 교량,승용,남,45세,상해없음,자전거,남,32세,중상
2018052600100514,2018년 5월 26일 18시,토요일,서울특별시 중랑구 면목동,중상사고,0,1,0,0,차대차 - 측면충돌,신호위반,포장 - 건조,맑음,교차로 - 교차로안,승용,남,32세,상해없음,자전거,남,77세,중상
2018052700100218,2018년 5월 27일 14시,일요일,서울특별시 영등포구 여의도동,경상사고,0,0,1,0,차대차 - 측면충돌,안전운전불이행,포장 - 건조,맑음,단일로 - 기타,자전거,남,61세,경상,자전거,남,15세,상해없음
2018052700100300,2018년 5월 27일 17시,일요일,서울특별시 서초구 잠원동,부상신고사고,0,0,0,1,차대차 - 추돌,안전거리미확보,포장 - 건조,맑음,단일로 - 기타,자전거,여,33세,부상신고,자전거,여,35세,상해없음
2018052700100368,2018년 5월 27일 20시,일요일,서울특별시 은평구 증산동,경상사고,0,0,2,0,차대차 - 측면충돌,안전운전불이행,포장 - 건조,맑음,기타 - 기타,자전거,여,40세,경상,자전거,여,32세,경상
2018052800100197,2018년 5월 28일 10시,월요일,서울특별시 강동구 암사동,경상사고,0,0,1,0,차대차 - 추돌,안전운전불이행,포장 - 건조,맑음,기타 - 기타,자전거,남,58세,상해없음,자전거,남,29세,경상
2018052800100199,2018년 5월 28일 10시,월요일,서울특별시 구로구 구로동,부상신고사고,0,0,0,1,차대차 - 측면충돌,신호위반,포장 - 건조,맑음,교차로 - 교차로횡단보도내,승용,여,43세,상해없음,자전거,남,67세,부상신고
2018052800100341,2018년 5월 28일 15시,월요일,서울특별시 양천구 신정동,경상사고,0,0,1,0,차대차 - 기타,보행자보호의무위반,포장 - 건조,맑음,단일로 - 기타,승용,여,47세,상해없음,자전거,남,9세,경상
2018052800100373,2018년 5월 28일 16시,월요일,서울특별시 관악구 봉천동,중상사고,0,1,0,0,차대차 - 측면충돌,교차로운행방법위반,포장 - 건조,맑음,교차로 - 교차로안,승합,남,72세,상해없음,자전거,남,54세,중상
2018052800100376,2018년 5월 28일 16시,월요일,서울특별시 강동구 천호동,경상사고,0,0,1,0,차대차 - 측면충돌,안전운전불이행,포장 - 건조,맑음,교차로 - 교차로안,화물,남,49세,상해없음,자전거,여,16세,경상
2018052800100419,2018년 5월 28일 17시,월요일,서울특별시 은평구 불광동,중상사고,0,1,0,0,차대차 - 측면충돌,안전운전불이행,포장 - 건조,맑음,단일로 - 기타,승용,여,35세,상해없음,자전거,여,44세,중상
2018052800100588,2018년 5월 28일 22시,월요일,서울특별시 영등포구 신길동,경상사고,0,0,1,0,차대차 - 측면충돌,안전운전불이행,포장 - 건조,맑음,단일로 - 교량,화물,남,54세,상해없음,자전거,남,24세,경상
2018052900100049,2018년 5월 29일 07시,화요일,서울특별시 광진구 구의동,경상사고,0,0,1,0,차대차 - 기타,교차로운행방법위반,포장 - 건조,흐림,교차로 - 교차로안,승합,남,65세,상해없음,자전거,남,14세,경상
2018052900100051,2018년 5월 29일 07시,화요일,서울특별시 구로구 가리봉동,경상사고,0,0,1,0,차대차 - 기타,안전운전불이행,포장 - 건조,맑음,교차로 - 교차로안,승용,여,57세,상해없음,자전거,남,49세,경상
2018052900100124,2018년 5월 29일 09시,화요일,서울특별시 강서구 가양동,중상사고,0,1,0,0,차대차 - 측면충돌,안전운전불이행,포장 - 건조,맑음,단일로 - 기타,승용,남,60세,상해없음,자전거,남,55세,중상
2018052900100211,2018년 5월 29일 12시,화요일,서울특별시 강북구 수유동,중상사고,0,1,0,0,차대차 - 측면충돌,신호위반,포장 - 건조,맑음,교차로 - 교차로부근,승용,여,39세,상해없음,자전거,남,74세,중상
2018052900100278,2018년 5월 29일 14시,화요일,서울특별시 동대문구 제기동,경상사고,0,0,1,0,차대차 - 정면충돌,안전운전불이행,포장 - 건조,맑음,기타 - 기타,자전거,여,66세,상해없음,자전거,남,35세,경상
2018052900100302,2018년 5월 29일 15시,화요일,서울특별시 용산구 한남동,중상사고,0,1,2,1,차대차 - 기타,안전운전불이행,포장 - 건조,맑음,단일로 - 기타,자전거,남,60세,부상신고,자전거,남,46세,경상
2018052900100341,2018년 5월 29일 16시,화요일,서울특별시 동작구 대방동,중상사고,0,1,0,0,차대차 - 측면충돌,안전운전불이행,포장 - 건조,맑음,단일로 - 기타,승합,남,31세,상해없음,자전거,여,76세,중상