사고번호,사고일시,요일,시군구,사고내용,사망자수,중상자수,경상자수,부상신고자수,사고유형,법규위반,노면상태,기상상태,도로형태,가해운전자 차종,가해운전자 성별,가해운전자 연령,가해운전자 상해정도,피해운전자 차종,피해운전자 성별,피해운전자 연령,피해운전자 상해정도
2018061700100095,2018년 6월 17일 07시,일요일,서울특별시 영등포구 영등포동,경상사고,0,0,1,0,차대차 - 측면충돌,안전운전불이행,포장 - 건조,맑음,교차로 - 교차로횡단보도내,승용,여,57세,상해없음,자전거,남,61세,경상
2018061700100149,2018년 6월 17일 11시,일요일,서울특별시 성동구 성수동1가,사망사고,1,0,0,0,차대차 - 기타,안전운전불이행,포장 - 건조,맑음,교차로 - 교차로부근,자전거,남,73세,사망,자전거,남,11세,상해없음
2018061700100226,2018년 6월 17일 14시,일요일,서울특별시 강북구 번동,경상사고,0,0,1,0,차대차 - 정면충돌,안전운전불이행,비포장 - 기타,맑음,기타 - 기타,자전거,남,24세,상해없음,자전거,남,27세,경상
2018061700100307,2018년 6월 17일 17시,일요일,서울특별시 양천구 신월동,부상신고사고,0,0,0,1,차대차 - 측면충돌,안전운전불이행,포장 - 건조,맑음,교차로 - 교차로안,기타불명,기타불명,미분류,기타불명,자전거,남,8세,부상신고
2018061700100395,2018년 6월 17일 20시,일요일,서울특별시 동대문구 장안동,경상사고,0,0,1,0,차대차 - 기타,기타,포장 - 건조,기타,교차로 - 교차로부근,승용,남,63세,상해없음,자전거,여,55세,경상
2018061700100439,2018년 6월 17일 22시,일요일,서울특별시 동작구 본동,중상사고,0,1,0,0,차대차 - 측면충돌,신호위반,포장 - 건조,맑음,교차로 - 교차로부근,승용,남,28세,상해없음,자전거,남,35세,중상
2018061800100022,2018년 6월 18일 04시,월요일,서울특별시 동대문구 장안동,중상사고,0,1,0,0,차대차 - 기타,안전운전불이행,포장 - 건조,맑음,단일로 - 기타,승용,남,49세,상해없음,자전거,남,69세,중상
2018061800100083,2018년 6월 18일 08시,월요일,서울특별시 중랑구 망우동,경상사고,0,0,1,0,차대차 - 기타,직진우회전진행방해,포장 - 건조,맑음,교차로 - 교차로안,승용,남,53세,상해없음,자전거,남,14세,경상
2018061800100183,2018년 6월 18일 10시,월요일,서울특별시 양천구 목동,중상사고,0,2,1,0,차대차 - 기타,안전운전불이행,포장 - 건조,맑음,단일로 - 기타,자전거,남,71세,중상,자전거,여,49세,중상
2018061800100217,2018년 6월 18일 11시,월요일,서울특별시 마포구 성산동,경상사고,0,0,1,0,차대차 - 기타,안전거리미확보,포장 - 건조,맑음,단일로 - 기타,승용,남,71세,상해없음,자전거,남,60세,경상
2018061800100428,2018년 6월 18일 17시,월요일,서울특별시 성동구 성수동1가,경상사고,0,0,1,0,차대차 - 기타,직진우회전진행방해,포장 - 건조,맑음,교차로 - 교차로안,기타불명,기타불명,미분류,기타불명,자전거,여,61세,경상
2018061800100488,2018년 6월 18일 18시,월요일,서울특별시 중랑구 면목동,부상신고사고,0,0,0,1,차대차 - 기타,차로위반,포장 - 건조,맑음,교차로 - 교차로부근,화물,남,39세,상해없음,자전거,남,49세,부상신고
2018061800100578,2018년 6월 18일 20시,월요일,서울특별시 양천구 신월동,중상사고,0,1,0,0,차대차 - 후진중충돌,안전운전불이행,포장 - 건조,맑음,교차로 - 교차로부근,승용,남,47세,상해없음,자전거,남,70세,중상
2018061800100619,2018년 6월 18일 21시,월요일,서울특별시 강동구 고덕동,중상사고,0,1,0,0,차대차 - 기타,신호위반,포장 - 건조,맑음,교차로 - 교차로안,이륜,남,31세,상해없음,자전거,남,16세,중상
2018061800100620,2018년 6월 18일 21시,월요일,서울특별시 강동구 강일동,경상사고,0,0,1,0,차대차 - 측면충돌,신호위반,포장 - 건조,맑음,교차로 - 교차로안,승용,남,58세,상해없음,자전거,남,51세,경상
2018061800100650,2018년 6월 18일 22시,월요일,서울특별시 중랑구 면목동,경상사고,0,0,1,0,차대차 - 측면충돌,신호위반,포장 - 건조,맑음,교차로 - 교차로안,승용,여,51세,상해없음,자전거,여,53세,경상
2018061900100197,2018년 6월 19일 11시,화요일,서울특별시 서초구 방배동,경상사고,0,0,1,0,차대차 - 기타,안전운전불이행,포장 - 건조,맑음,교차로 - 교차로안,화물,남,66세,상해없음,자전거,남,71세,경상
2018061900100355,2018년 6월 19일 16시,화요일,서울특별시 강동구 천호동,중상사고,0,1,0,0,차대차 - 측면충돌,안전운전불이행,포장 - 건조,맑음,단일로 - 지하차도(도로)내,승용,남,52세,상해없음,자전거,여,65세,중상
2018061900100443,2018년 6월 19일 18시,화요일,서울특별시 은평구 대조동,경상사고,0,0,1,0,차대차 - 기타,안전운전불이행,포장 - 건조,맑음,단일로 - 기타,승용,남,79세,상해없음,자전거,여,30세,경상
2018061900100512,2018년 6월 19일 20시,화요일,서울특별시 송파구 잠실동,경상사고,0,0,1,1,차대차 - 측면충돌,안전운전불이행,포장 - 건조,맑음,단일로 - 기타,자전거,남,15세,부상신고,자전거,남,33세,경상
2018062000100025,2018년 6월 20일 02시,수요일,서울특별시 은평구 증산동,경상사고,0,0,1,0,차대차 - 측면충돌,안전운전불이행,포장 - 건조,맑음,단일로 - 기타,승용,남,68세,상해없음,자전거,남,57세,경상
2018062000100062,2018년 6월 20일 07시,수요일,서울특별시 강북구 수유동,중상사고,0,1,0,0,차대차 - 측면충돌,안전운전불이행,포장 - 건조,맑음,교차로 - 교차로부근,승용,남,33세,상해없음,자전거,여,56세,중상
2018062000100147,2018년 6월 20일 10시,수요일,서울특별시 송파구 잠실동,경상사고,0,0,1,1,차대차 - 측면충돌,안전운전불이행,포장 - 건조,맑음,단일로 - 기타,자전거,남,52세,부상신고,자전거,여,59세,경상
2018062000100338,2018년 6월 20일 16시,수요일,서울특별시 송파구 잠실동,중상사고,0,1,0,0,차대차 - 측면충돌,안전운전불이행,포장 - 건조,맑음,단일로 - 기타,건설기계,남,58세,상해없음,자전거,남,67세,중상
2018062000100381,2018년 6월 20일 17시,수요일,서울특별시 영등포구 문래동1가,경상사고,0,0,1,0,차대차 - 기타,기타,포장 - 건조,맑음,단일로 - 기타,승용,남,75세,상해없음,자전거,남,18세,경상
2018062000100558,2018년 6월 20일 22시,수요일,서울특별시 영등포구 당산동3가,경상사고,0,0,1,0,차대차 - 측면충돌,교차로운행방법위반,포장 - 건조,맑음,교차로 - 교차로안,승용,남,68세,상해없음,자전거,남,73세,경상
2018062000100560,2018년 6월 20일 22시,수요일,서울특별시 송파구 가락동,경상사고,0,0,1,0,차대차 - 기타,안전운전불이행,포장 - 건조,맑음,교차로 - 교차로횡단보도내,승용,여,61세,상해없음,자전거,남,45세,경상
2018062000100579,2018년 6월 20일 23시,수요일,서울특별시 광진구 중곡동,경상사고,0,0,2,0,차대차 - 측면충돌,안전운전불이행,포장 - 건조,맑음,교차로 - 교차로부근,자전거,남,29세,경상,자전거,남,41세,경상
2018062100100166,2018년 6월 21일 10시,목요일,서울특별시 성동구 성수동1가,중상사고,0,1,0,0,차대차 - 측면충돌,안전운전불이행,포장 - 건조,맑음,단일로 - 기타,자전거,남,52세,상해없음,자전거,남,74세,중상
2018062100100349,2018년 6월 21일 16시,목요일,서울특별시 도봉구 방학동,중상사고,0,1,0,0,차대차 - 기타,안전운전불이행,포장 - 건조,맑음,교차로 - 교차로안,승용,여,36세,상해없음,자전거,남,76세,중상
2018062100100397,2018년 6월 21일 17시,목요일,서울특별시 송파구 가락동,경상사고,0,0,1,0,차대차 - 측면충돌,직진우회전진행방해,포장 - 건조,기타,교차로 - 교차로안,화물,남,56세,상해없음,자전거,여,31세,경상
2018062100100457,2018년 6월 21일 18시,목요일,서울특별시 은평구 증산동,경상사고,0,0,1,0,차대차 - 기타,기타,포장 - 건조,맑음,단일로 - 기타,승용,남,65세,상해없음,자전거,남,48세,경상
2018062100100574,2018년 6월 21일 21시,목요일,서울특별시 서대문구 연희동,부상신고사고,0,0,0,1,차대차 - 측면충돌,안전운전불이행,포장 - 건조,맑음,단일로 - 기타,기타불명,기타불명,미분류,기타불명,자전거,남,66세,부상신고
2018062100100577,2018년 6월 21일 21시,목요일,서울특별시 금천구 시흥동,중상사고,0,1,0,0,차대차 - 기타,신호위반,포장 - 건조,맑음,교차로 - 교차로안,승용,남,26세,상해없음,자전거,남,67세,중상
2018062200100063,2018년 6월 22일 06시,금요일,서울특별시 성북구 보문동7가,경상사고,0,0,1,0,차대차 - 측면충돌,안전운전불이행,포장 - 건조,맑음,단일로 - 기타,승용,남,38세,상해없음,자전거,남,80세,경상
2018062200100119,2018년 6월 22일 08시,금요일,서울특별시 광진구 자양동,경상사고,0,0,1,0,차대차 - 측면충돌,안전운전불이행,포장 - 건조,맑음,교차로 - 교차로부근,화물,남,30세,상해없음,자전거,남,29세,경상
2018062200100129,2018년 6월 22일 08시,금요일,서울특별시 양천구 신정동,경상사고,0,0,1,0,차대차 - 기타,안전운전불이행,포장 - 건조,맑음,단일로 - 기타,승용,남,47세,상해없음,자전거,남,14세,경상
2018062200100168,2018년 6월 22일 09시,금요일,서울특별시 은평구 신사동,중상사고,0,1,0,0,차대차 - 측면충돌,기타,포장 - 건조,맑음,단일로 - 기타,화물,남,40세,상해없음,자전거,남,70세,중상
2018062200100232,2018년 6월 22일 11시,금요일,서울특별시 노원구 상계동,경상사고,0,0,1,0,차대차 - 측면충돌,안전운전불이행,포장 - 건조,맑음,교차로 - 교차로횡단보도내,승용,남,57세,상해없음,자전거,여,57세,경상
2018062200100294,2018년 6월 22일 13시,금요일,서울특별시 강남구 수서동,중상사고,0,1,0,0,차대차 - 기타,안전운전불이행,포장 - 건조,맑음,단일로 - 기타,자전거,남,65세,상해없음,자전거,여,55세,중상
2018062200100473,2018년 6월 22일 17시,금요일,서울특별시 강북구 번동,중상사고,0,1,0,0,차대차 - 기타,안전운전불이행,포장 - 건조,맑음,교차로 - 교차로안,화물,남,54세,상해없음,자전거,여,60세,중상
2018062200100483,2018년 6월 22일 17시,금요일,서울특별시 구로구 구로동,경상사고,0,0,1,0,차대차 - 기타,안전운전불이행,포장 - 건조,맑음,단일로 - 기타,자전거,남,26세,상해없음,자전거,남,51세,경상
2018062200100635,2018년 6월 22일 20시,금요일,서울특별시 강남구 도곡동,경상사고,0,0,1,0,차대차 - 기타,안전운전불이행,포장 - 건조,맑음,교차로 - 교차로횡단보도내,승용,여,37세,상해없음,자전거,남,14세,경상
2018062300100113,2018년 6월 23일 08시,토요일,서울특별시 영등포구 여의도동,중상사고,0,1,0,0,차대차 - 측면충돌,안전운전불이행,포장 - 건조,맑음,교차로 - 교차로안,승용,남,54세,상해없음,자전거,남,57세,중상
2018062300100194,2018년 6월 23일 11시,토요일,서울특별시 동작구 노량진동,중상사고,0,1,0,0,차대차 - 기타,안전운전불이행,포장 - 건조,맑음,단일로 - 기타,자전거,남,15세,상해없음,자전거,남,68세,중상
2018062300100195,2018년 6월 23일 11시,토요일,서울특별시 중랑구 면목동,경상사고,0,0,1,0,차대차 - 기타,신호위반,포장 - 건조,맑음,교차로 - 교차로부근,승용,남,41세,상해없음,자전거,남,12세,경상
2018062300100240,2018년 6월 23일 12시,토요일,서울특별시 은평구 응암동,경상사고,0,0,1,0,차대차 - 기타,직진우회전진행방해,포장 - 건조,맑음,교차로 - 교차로안,승용,여,61세,상해없음,자전거,남,8세,경상
2018062300100355,2018년 6월 23일 15시,토요일,서울특별시 관악구 신림동,경상사고,0,0,1,0,차대차 - 추돌,안전운전불이행,포장 - 건조,맑음,단일로 - 기타,기타불명,기타불명,미분류,기타불명,자전거,여,70세,경상
2018062300100358,2018년 6월 23일 15시,토요일,서울특별시 양천구 신정동,중상사고,0,1,0,0,차대차 - 기타,안전운전불이행,포장 - 건조,맑음,단일로 - 기타,이륜,남,17세,상해없음,자전거,남,73세,중상
2018062300100458,2018년 6월 23일 18시,토요일,서울특별시 도봉구 도봉동,경상사고,0,0,1,0,차대차 - 기타,직진우회전진행방해,포장 - 건조,맑음,교차로 - 교차로안,승용,여,57세,상해없음,자전거,여,41세,경상
2018062300100506,2018년 6월 23일 20시,토요일,서울특별시 동대문구 휘경동,중상사고,0,1,0,0,차대차 - 기타,안전운전불이행,포장 - 건조,맑음,기타 - 기타,자전거,남,32세,중상,자전거,남,49세,상해없음
2018062300100588,2018년 6월 23일 23시,토요일,서울특별시 구로구 가리봉동,중상사고,0,1,0,0,차대차 - 기타,안전거리미확보,포장 - 건조,맑음,단일로 - 기타,승용,남,68세,상해없음,자전거,남,60세,중상
2018062400100087,2018년 6월 24일 07시,일요일,서울특별시 성동구 도선동,경상사고,0,0,1,0,차대차 - 측면충돌,안전운전불이행,포장 - 기타,맑음,교차로 - 교차로안,화물,남,69세,상해없음,자전거,남,48세,경상
2018062400100267,2018년 6월 24일 16시,일요일,서울특별시 도봉구 창동,부상신고사고,0,0,0,2,차대차 - 기타,안전운전불이행,포장 - 건조,맑음,교차로 - 교차로횡단보도내,승용,남,48세,부상신고,자전거,남,21세,부상신고
2018062400100295,2018년 6월 24일 17시,일요일,서울특별시 마포구 상암동,중상사고,0,1,1,0,차대차 - 기타,안전운전불이행,포장 - 건조,맑음,단일로 - 기타,자전거,남,75세,중상,자전거,남,30세,경상
2018062400100323,2018년 6월 24일 18시,일요일,서울특별시 성동구 성수동1가,경상사고,0,0,1,0,차대차 - 측면충돌,직진우회전진행방해,포장 - 건조,맑음,교차로 - 교차로안,승용,여,37세,상해없음,자전거,남,17세,경상
2018062400100358,2018년 6월 24일 19시,일요일,서울특별시 송파구 잠실동,경상사고,0,0,1,0,차대차 - 기타,안전운전불이행,포장 - 건조,맑음,단일로 - 기타,자전거,남,58세,상해없음,자전거,여,38세,경상
2018062500100040,2018년 6월 25일 05시,월요일,서울특별시 강서구 등촌동,중상사고,0,1,0,0,차대차 - 측면충돌,안전운전불이행,포장 - 건조,맑음,교차로 - 교차로안,화물,남,50세,상해없음,자전거,남,59세,중상
2018062500100093,2018년 6월 25일 08시,월요일,서울특별시 성동구 성수동1가,경상사고,0,0,1,0,차대차 - 기타,안전운전불이행,포장 - 건조,맑음,교차로 - 교차로부근,기타불명,기타불명,미분류,기타불명,자전거,여,48세,경상
2018062500100386,2018년 6월 25일 15시,월요일,서울특별시 성동구 홍익동,중상사고,0,1,0,0,차대차 - 기타,안전운전불이행,포장 - 건조,맑음,단일로 - 기타,이륜,남,42세,상해없음,자전거,남,74세,중상
2018062500100471,2018년 6월 25일 17시,월요일,서울특별시 동대문구 장안동,경상사고,0,0,1,0,차대차 - 기타,안전운전불이행,포장 - 건조,맑음,교차로 - 교차로안,승용,남,58세,상해없음,자전거,여,66세,경상
2018062500100566,2018년 6월 25일 19시,월요일,서울특별시 도봉구 도봉동,중상사고,0,1,0,0,차대차 - 기타,교차로운행방법위반,포장 - 건조,맑음,교차로 - 교차로부근,자전거,남,20세,상해없음,자전거,남,35세,중상
2018062700100134,2018년 6월 27일 09시,수요일,서울특별시 강동구 길동,중상사고,0,1,0,0,차대차 - 측면충돌,안전운전불이행,포장 - 건조,맑음,교차로 - 교차로횡단보도내,승용,남,61세,상해없음,자전거,여,38세,중상
2018062700100160,2018년 6월 27일 10시,수요일,서울특별시 용산구 한남동,경상사고,0,0,1,0,차대차 - 기타,안전운전불이행,포장 - 건조,맑음,기타 - 기타,자전거,남,74세,상해없음,자전거,여,26세,경상
2018062700100280,2018년 6월 27일 15시,수요일,서울특별시 동작구 상도동,경상사고,0,0,1,0,차대차 - 측면충돌,직진우회전진행방해,포장 - 건조,맑음,교차로 - 교차로안,승합,남,54세,상해없음,자전거,여,53세,경상
2018062700100315,2018년 6월 27일 16시,수요일,서울특별시 구로구 구로동,경상사고,0,0,1,0,차대차 - 기타,안전운전불이행,포장 - 건조,맑음,기타 - 기타,승용,여,27세,상해없음,자전거,남,51세,경상
2018062700100344,2018년 6월 27일 17시,수요일,서울특별시 금천구 시흥동,경상사고,0,0,1,0,차대차 - 기타,안전운전불이행,포장 - 건조,맑음,기타 - 기타,자전거,여,49세,경상,자전거,남,75세,상해없음
2018062800100119,2018년 6월 28일 08시,목요일,서울특별시 성북구 안암동2가,경상사고,0,0,1,0,차대차 - 측면충돌,직진우회전진행방해,포장 - 건조,맑음,교차로 - 교차로안,승용,남,54세,상해없음,자전거,남,13세,경상
2018062800100120,2018년 6월 28일 08시,목요일,서울특별시 중랑구 신내동,경상사고,0,0,1,0,차대차 - 측면충돌,안전운전불이행,포장 - 건조,맑음,기타 - 기타,승용,남,36세,상해없음,자전거,남,60세,경상
2018062800100182,2018년 6월 28일 10시,목요일,서울특별시 동작구 대방동,중상사고,0,1,0,0,차대차 - 기타,기타,포장 - 건조,흐림,단일로 - 기타,승용,남,68세,상해없음,자전거,남,16세,중상
2018062800100333,2018년 6월 28일 16시,목요일,서울특별시 성동구 용답동,중상사고,0,1,1,0,차대차 - 측면충돌,직진우회전진행방해,포장 - 기타,맑음,교차로 - 교차로안,자전거,남,20세,경상,자전거,여,64세,중상
2018062800100338,2018년 6월 28일 16시,목요일,서울특별시 도봉구 도봉동,중상사고,0,1,0,0,차대차 - 기타,안전운전불이행,포장 - 기타,맑음,교차로 - 교차로안,자전거,남,75세,상해없음,자전거,여,55세,중상
2018062900100001,2018년 6월 29일 00시,금요일,서울특별시 동대문구 청량리동,경상사고,0,0,1,0,차대차 - 측면충돌,기타,포장 - 건조,맑음,단일로 - 기타,승용,남,67세,상해없음,자전거,여,46세,경상
2018062900100099,2018년 6월 29일 08시,금요일,서울특별시 서초구 서초동,경상사고,0,0,1,0,차대차 - 기타,기타,포장 - 건조,맑음,단일로 - 기타,승용,남,41세,상해없음,자전거,남,13세,경상
2018062900100363,2018년 6월 29일 16시,금요일,서울특별시 강남구 압구정동,경상사고,0,0,2,0,차대차 - 기타,안전운전불이행,포장 - 건조,맑음,단일로 - 기타,자전거,남,21세,경상,자전거,남,19세,경상
2018062900100367,2018년 6월 29일 16시,금요일,서울특별시 은평구 갈현동,경상사고,0,0,1,0,차대차 - 측면충돌,안전운전불이행,포장 - 건조,맑음,교차로 - 교차로안,승용,남,52세,상해없음,자전거,여,10세,경상
2018062900100402,2018년 6월 29일 17시,금요일,서울특별시 마포구 성산동,경상사고,0,0,1,0,차대차 - 측면충돌,안전운전불이행,포장 - 건조,맑음,단일로 - 기타,건설기계,남,50세,상해없음,자전거,남,62세,경상
2018062900100451,2018년 6월 29일 18시,금요일,서울특별시 송파구 풍납동,중상사고,0,1,0,0,차대차 - 측면충돌,직진우회전진행방해,포장 - 건조,맑음,교차로 - 교차로안,자전거,남,54세,상해없음,자전거,남,84세,중상
2018063000100127,2018년 6월 30일 09시,토요일,서울특별시 강동구 암사동,중상사고,0,1,1,0,차대차 - 기타,안전운전불이행,포장 - 건조,맑음,기타 - 기타,자전거,남,62세,상해없음,자전거,남,46세,경상
2018063000100145,2018년 6월 30일 10시,토요일,서울특별시 송파구 삼전동,경상사고,0,0,1,0,차대차 - 측면충돌,안전운전불이행,포장 - 건조,맑음,교차로 - 교차로부근,이륜,남,45세,상해없음,자전거,남,13세,경상
2018070100100357,2018년 7월 1일 20시,일요일,서울특별시 동대문구 장안동,부상신고사고,0,0,0,1,차대차 - 기타,안전운전불이행,포장 - 젖음/습기,비,단일로 - 기타,기타불명,기타불명,미분류,기타불명,자전거,남,59세,부상신고
2018070200100203,2018년 7월 2일 11시,월요일,서울특별시 강남구 일원동,중상사고,0,1,0,0,차대차 - 기타,안전거리미확보,포장 - 젖음/습기,비,교차로 - 교차로횡단보도내,승용,남,61세,상해없음,자전거,남,72세,중상
2018070200100348,2018년 7월 2일 16시,월요일,서울특별시 용산구 보광동,경상사고,0,0,1,0,차대차 - 기타,기타,포장 - 젖음/습기,맑음,단일로 - 기타,승용,남,65세,상해없음,자전거,남,79세,경상
2018070300100095,2018년 7월 3일 08시,화요일,서울특별시 성북구 석관동,경상사고,0,0,1,0,차대차 - 측면충돌,안전운전불이행,포장 - 건조,맑음,단일로 - 기타,승용,여,65세,상해없음,자전거,남,12세,경상
2018070300100164,2018년 7월 3일 10시,화요일,서울특별시 강서구 방화동,중상사고,0,1,0,0,차대차 - 기타,안전운전불이행,포장 - 건조,맑음,기타 - 기타,승용,남,27세,상해없음,자전거,남,71세,중상
2018070300100193,2018년 7월 3일 11시,화요일,서울특별시 중랑구 면목동,경상사고,0,0,1,0,차대차 - 측면충돌,직진우회전진행방해,포장 - 건조,맑음,교차로 - 교차로안,화물,남,41세,상해없음,자전거,여,69세,경상
2018070300100267,2018년 7월 3일 14시,화요일,서울특별시 용산구 서빙고동,부상신고사고,0,0,0,1,차대차 - 기타,안전운전불이행,포장 - 건조,맑음,단일로 - 기타,자전거,남,73세,부상신고,자전거,남,55세,상해없음
2018070300100340,2018년 7월 3일 16시,화요일,서울특별시 노원구 중계동,중상사고,0,1,0,0,차대차 - 측면충돌,안전운전불이행,포장 - 건조,맑음,단일로 - 기타,자전거,남,83세,상해없음,자전거,남,27세,중상
2018070300100372,2018년 7월 3일 17시,화요일,서울특별시 성북구 동선동2가,중상사고,0,1,0,0,차대차 - 측면충돌,직진우회전진행방해,포장 - 건조,맑음,교차로 - 교차로부근,이륜,남,36세,상해없음,자전거,남,50세,중상
2018070300100376,2018년 7월 3일 17시,화요일,서울특별시 구로구 구로동,경상사고,0,0,1,0,차대차 - 기타,기타,포장 - 건조,흐림,단일로 - 기타,자전거,남,45세,상해없음,자전거,여,25세,경상
2018070300100482,2018년 7월 3일 20시,화요일,서울특별시 도봉구 창동,경상사고,0,0,1,0,차대차 - 기타,기타,포장 - 기타,맑음,단일로 - 기타,승용,남,63세,상해없음,자전거,여,38세,경상
2018070400100081,2018년 7월 4일 08시,수요일,서울특별시 송파구 잠실동,경상사고,0,0,1,0,차대차 - 측면충돌,안전운전불이행,포장 - 건조,맑음,기타 - 기타,자전거,남,14세,상해없음,자전거,남,69세,경상
2018070400100124,2018년 7월 4일 09시,수요일,서울특별시 송파구 잠실동,경상사고,0,0,1,0,차대차 - 측면충돌,기타,포장 - 건조,맑음,단일로 - 기타,자전거,남,19세,상해없음,자전거,남,71세,경상
2018070400100271,2018년 7월 4일 14시,수요일,서울특별시 성동구 성수동2가,중상사고,0,1,0,0,차대차 - 기타,안전운전불이행,포장 - 건조,맑음,교차로 - 교차로안,승용,여,34세,상해없음,자전거,여,38세,중상
2018070400100337,2018년 7월 4일 16시,수요일,서울특별시 광진구 중곡동,중상사고,0,1,0,0,차대차 - 측면충돌,안전운전불이행,포장 - 건조,맑음,교차로 - 교차로부근,승용,남,36세,상해없음,자전거,남,46세,중상
2018070400100342,2018년 7월 4일 16시,수요일,서울특별시 양천구 신정동,중상사고,0,1,0,0,차대차 - 측면충돌,안전운전불이행,포장 - 건조,맑음,교차로 - 교차로안,화물,남,29세,상해없음,자전거,남,17세,중상
2018070400100572,2018년 7월 4일 22시,수요일,서울특별시 영등포구 영등포동5가,중상사고,0,1,0,0,차대차 - 기타,안전운전불이행,포장 - 건조,맑음,교차로 - 교차로안,이륜,남,49세,상해없음,자전거,여,63세,중상
2018070400100573,2018년 7월 4일 22시,수요일,서울특별시 구로구 온수동,경상사고,0,0,1,0,차대차 - 측면충돌,중앙선침범,포장 - 건조,맑음,단일로 - 기타,승합,남,64세,상해없음,자전거,남,20세,경상
2018070500100397,2018년 7월 5일 17시,목요일,서울특별시 양천구 신정동,경상사고,0,0,1,0,차대차 - 기타,안전운전불이행,포장 - 건조,맑음,단일로 - 기타,승합,남,75세,상해없음,자전거,남,24세,경상
2018070500100433,2018년 7월 5일 18시,목요일,서울특별시 용산구 용문동,중상사고,0,1,0,0,차대차 - 기타,교차로운행방법위반,포장 - 건조,맑음,단일로 - 기타,승용,남,70세,상해없음,자전거,남,9세,중상
2018070500100434,2018년 7월 5일 18시,목요일,서울특별시 동대문구 답십리동,경상사고,0,0,1,0,차대차 - 측면충돌,안전운전불이행,포장 - 건조,맑음,교차로 - 교차로부근,승용,남,56세,상해없음,자전거,남,27세,경상
2018070500100472,2018년 7월 5일 19시,목요일,서울특별시 중랑구 묵동,경상사고,0,0,1,0,차대차 - 기타,교차로운행방법위반,포장 - 건조,맑음,교차로 - 교차로안,승용,남,28세,상해없음,자전거,남,23세,경상
2018070500100507,2018년 7월 5일 20시,목요일,서울특별시 마포구 성산동,경상사고,0,0,1,0,차대차 - 추돌,안전운전불이행,포장 - 건조,맑음,단일로 - 기타,승용,여,44세,상해없음,자전거,여,63세,경상
2018070500100538,2018년 7월 5일 21시,목요일,서울특별시 동작구 본동,경상사고,0,0,1,1,차대차 - 정면충돌,안전운전불이행,포장 - 건조,맑음,단일로 - 기타,자전거,여,19세,부상신고,자전거,남,18세,경상
2018070600100302,2018년 7월 6일 15시,금요일,서울특별시 용산구 이촌동,경상사고,0,0,1,0,차대차 - 기타,안전거리미확보,포장 - 건조,맑음,교차로 - 교차로부근,자전거,남,48세,상해없음,자전거,남,69세,경상
2018070600100474,2018년 7월 6일 19시,금요일,서울특별시 영등포구 양평동,경상사고,0,0,1,0,차대차 - 측면충돌,안전운전불이행,포장 - 건조,맑음,교차로 - 교차로안,자전거,남,50세,경상,자전거,남,51세,상해없음
2018070600100478,2018년 7월 6일 19시,금요일,서울특별시 노원구 공릉동,경상사고,0,0,1,0,차대차 - 기타,안전운전불이행,포장 - 건조,기타,교차로 - 교차로안,승용,남,59세,상해없음,자전거,남,10세,경상
2018070600100511,2018년 7월 6일 20시,금요일,서울특별시 서대문구 홍제동,중상사고,0,1,0,0,차대차 - 기타,안전운전불이행,포장 - 건조,맑음,단일로 - 기타,승용,여,43세,상해없음,자전거,남,60세,중상
2018070600100532,2018년 7월 6일 21시,금요일,서울특별시 동대문구 청량리동,중상사고,0,1,0,0,차대차 - 정면충돌,안전운전불이행,포장 - 건조,기타,교차로 - 교차로횡단보도내,승용,남,40세,상해없음,자전거,여,65세,중상
2018070600100563,2018년 7월 6일 22시,금요일,서울특별시 강서구 염창동,중상사고,0,1,0,0,차대차 - 추돌,안전운전불이행,포장 - 건조,맑음,단일로 - 기타,승용,여,52세,상해없음,자전거,남,57세,중상
2018070700100176,2018년 7월 7일 10시,토요일,서울특별시 강동구 길동,사망사고,1,0,0,0,차대차 - 정면충돌,안전운전불이행,포장 - 건조,맑음,교차로 - 교차로부근,승용,여,41세,상해없음,자전거,남,77세,사망
2018070700100318,2018년 7월 7일 14시,토요일,서울특별시 강동구 둔촌동,중상사고,0,1,0,0,차대차 - 기타,안전운전불이행,포장 - 건조,맑음,교차로 - 교차로부근,승용,남,67세,상해없음,자전거,남,67세,중상
2018070700100396,2018년 7월 7일 16시,토요일,서울특별시 송파구 잠실동,경상사고,0,0,1,1,차대차 - 정면충돌,안전운전불이행,포장 - 건조,맑음,단일로 - 기타,자전거,남,55세,경상,자전거,남,63세,부상신고
2018070700100425,2018년 7월 7일 17시,토요일,서울특별시 강서구 화곡동,경상사고,0,0,1,0,차대차 - 기타,안전거리미확보,포장 - 건조,맑음,단일로 - 기타,승용,남,68세,상해없음,자전거,남,72세,경상
2018070700100464,2018년 7월 7일 18시,토요일,서울특별시 구로구 개봉동,중상사고,0,1,0,0,차대차 - 측면충돌,안전운전불이행,포장 - 건조,맑음,단일로 - 기타,승용,남,78세,상해없음,자전거,남,32세,중상
2018070700100515,2018년 7월 7일 19시,토요일,서울특별시 영등포구 대림동,경상사고,0,0,1,0,차대차 - 기타,기타,포장 - 건조,맑음,단일로 - 기타,승용,남,67세,상해없음,자전거,남,29세,경상