사고번호,사고일시,요일,시군구,사고내용,사망자수,중상자수,경상자수,부상신고자수,사고유형,법규위반,노면상태,기상상태,도로형태,가해운전자 차종,가해운전자 성별,가해운전자 연령,가해운전자 상해정도,피해운전자 차종,피해운전자 성별,피해운전자 연령,피해운전자 상해정도
2018073000100498,2018년 7월 30일 18시,월요일,서울특별시 강남구 대치동,경상사고,0,0,1,0,차대차 - 측면충돌,안전운전불이행,포장 - 건조,맑음,교차로 - 교차로횡단보도내,승용,남,26세,상해없음,자전거,남,48세,경상
2018073100100099,2018년 7월 31일 08시,화요일,서울특별시 성북구 석관동,중상사고,0,1,0,0,차대차 - 측면충돌,신호위반,포장 - 건조,맑음,단일로 - 기타,승용,남,28세,상해없음,자전거,남,57세,중상
2018073100100134,2018년 7월 31일 09시,화요일,서울특별시 은평구 역촌동,중상사고,0,1,0,0,차대차 - 측면충돌,신호위반,포장 - 건조,맑음,교차로 - 교차로부근,원동기,남,39세,상해없음,자전거,여,64세,중상
2018073100100167,2018년 7월 31일 10시,화요일,서울특별시 구로구 구로동,경상사고,0,0,1,0,차대차 - 측면충돌,신호위반,포장 - 건조,맑음,교차로 - 교차로횡단보도내,화물,남,67세,상해없음,자전거,남,76세,경상
2018073100100203,2018년 7월 31일 11시,화요일,서울특별시 강서구 등촌동,경상사고,0,0,1,0,차대차 - 기타,신호위반,포장 - 건조,맑음,교차로 - 교차로횡단보도내,승용,여,57세,상해없음,자전거,여,23세,경상
2018073100100496,2018년 7월 31일 19시,화요일,서울특별시 관악구 봉천동,경상사고,0,0,1,0,차대차 - 기타,안전운전불이행,포장 - 기타,맑음,교차로 - 교차로안,승용,여,37세,상해없음,자전거,남,40세,경상
2018080100100002,2018년 8월 1일 00시,수요일,서울특별시 강남구 신사동,경상사고,0,0,1,0,차대차 - 기타,신호위반,포장 - 건조,맑음,단일로 - 기타,승용,남,68세,상해없음,자전거,여,43세,경상
2018080100100077,2018년 8월 1일 06시,수요일,서울특별시 노원구 상계동,경상사고,0,0,1,0,차대차 - 기타,안전운전불이행,포장 - 건조,맑음,기타 - 기타,자전거,기타불명,미분류,기타불명,자전거,남,73세,경상
2018080100100119,2018년 8월 1일 08시,수요일,서울특별시 송파구 잠실동,경상사고,0,0,1,0,차대차 - 기타,교차로운행방법위반,포장 - 건조,맑음,교차로 - 교차로안,승용,남,79세,상해없음,자전거,남,32세,경상
2018080100100221,2018년 8월 1일 11시,수요일,서울특별시 동작구 사당동,경상사고,0,0,1,0,차대차 - 정면충돌,안전운전불이행,포장 - 건조,맑음,단일로 - 기타,이륜,남,26세,상해없음,자전거,남,75세,경상
2018080100100281,2018년 8월 1일 13시,수요일,서울특별시 서대문구 남가좌동,중상사고,0,1,0,0,차대차 - 측면충돌,안전운전불이행,포장 - 건조,맑음,교차로 - 교차로부근,승용,남,32세,상해없음,자전거,여,19세,중상
2018080100100535,2018년 8월 1일 19시,수요일,서울특별시 은평구 역촌동,경상사고,0,0,1,0,차대차 - 기타,중앙선침범,포장 - 건조,맑음,단일로 - 기타,원동기,남,45세,상해없음,자전거,남,16세,경상
2018080200100466,2018년 8월 2일 18시,목요일,서울특별시 도봉구 방학동,경상사고,0,0,1,0,차대차 - 기타,신호위반,포장 - 건조,맑음,교차로 - 교차로안,승용,남,52세,상해없음,자전거,남,15세,경상
2018080200100592,2018년 8월 2일 22시,목요일,서울특별시 광진구 자양동,경상사고,0,0,1,0,차대차 - 기타,기타,포장 - 건조,맑음,단일로 - 기타,승용,남,58세,상해없음,자전거,여,24세,경상
2018080300100080,2018년 8월 3일 07시,금요일,서울특별시 중랑구 면목동,경상사고,0,0,1,0,차대차 - 측면충돌,안전운전불이행,포장 - 건조,맑음,교차로 - 교차로부근,승용,남,62세,상해없음,자전거,남,60세,경상
2018080300100355,2018년 8월 3일 16시,금요일,서울특별시 구로구 고척동,중상사고,0,1,0,0,차대차 - 기타,안전운전불이행,포장 - 건조,맑음,교차로 - 교차로횡단보도내,승용,남,66세,상해없음,자전거,남,17세,중상
2018080300100519,2018년 8월 3일 20시,금요일,서울특별시 송파구 잠실동,경상사고,0,0,1,0,차대차 - 측면충돌,안전운전불이행,포장 - 건조,맑음,단일로 - 기타,자전거,남,69세,경상,자전거,여,57세,상해없음
2018080300100550,2018년 8월 3일 21시,금요일,서울특별시 서대문구 홍제동,부상신고사고,0,0,0,1,차대차 - 기타,기타,포장 - 건조,흐림,단일로 - 기타,승용,남,58세,상해없음,자전거,남,31세,부상신고
2018080400100089,2018년 8월 4일 05시,토요일,서울특별시 양천구 목동,경상사고,0,0,1,0,차대차 - 기타,안전운전불이행,포장 - 건조,맑음,단일로 - 기타,기타불명,기타불명,미분류,기타불명,자전거,남,71세,경상
2018080400100124,2018년 8월 4일 08시,토요일,서울특별시 성동구 성수동2가,경상사고,0,0,1,0,차대차 - 측면충돌,신호위반,포장 - 건조,맑음,단일로 - 기타,이륜,남,21세,상해없음,자전거,여,56세,경상
2018080400100194,2018년 8월 4일 11시,토요일,서울특별시 양천구 목동,경상사고,0,0,1,0,차대차 - 기타,안전운전불이행,포장 - 건조,맑음,교차로 - 교차로횡단보도내,이륜,남,36세,상해없음,자전거,남,12세,경상
2018080400100285,2018년 8월 4일 14시,토요일,서울특별시 도봉구 방학동,중상사고,0,1,0,0,차대차 - 측면충돌,직진우회전진행방해,포장 - 건조,맑음,교차로 - 교차로안,승용,남,33세,상해없음,자전거,남,72세,중상
2018080400100368,2018년 8월 4일 17시,토요일,서울특별시 서초구 서초동,중상사고,0,1,0,0,차대차 - 측면충돌,신호위반,포장 - 건조,맑음,단일로 - 기타,승용,남,73세,상해없음,자전거,여,27세,중상
2018080500100110,2018년 8월 5일 09시,일요일,서울특별시 강동구 암사동,경상사고,0,0,1,0,차대차 - 기타,안전운전불이행,포장 - 건조,맑음,단일로 - 교량,자전거,여,29세,상해없음,자전거,여,67세,경상
2018080500100291,2018년 8월 5일 16시,일요일,서울특별시 양천구 목동,경상사고,0,0,1,0,차대차 - 기타,신호위반,포장 - 건조,맑음,단일로 - 기타,화물,남,62세,상해없음,자전거,여,9세,경상
2018080600100001,2018년 8월 6일 00시,월요일,서울특별시 영등포구 양평동6가,중상사고,0,1,0,0,차대차 - 기타,안전운전불이행,포장 - 건조,맑음,단일로 - 기타,자전거,남,26세,상해없음,자전거,남,43세,중상
2018080600100302,2018년 8월 6일 15시,월요일,서울특별시 강동구 길동,경상사고,0,0,1,0,차대차 - 기타,안전운전불이행,포장 - 건조,맑음,단일로 - 기타,승용,남,38세,상해없음,자전거,남,10세,경상
2018080600100520,2018년 8월 6일 21시,월요일,서울특별시 은평구 신사동,중상사고,0,1,0,0,차대차 - 측면충돌,안전운전불이행,포장 - 건조,맑음,교차로 - 교차로안,승합,남,26세,상해없음,자전거,여,52세,중상
2018080700100085,2018년 8월 7일 08시,화요일,서울특별시 도봉구 쌍문동,경상사고,0,0,1,0,차대차 - 기타,안전운전불이행,포장 - 기타,맑음,교차로 - 교차로횡단보도내,승용,여,46세,상해없음,자전거,남,72세,경상
2018080700100148,2018년 8월 7일 10시,화요일,서울특별시 송파구 삼전동,부상신고사고,0,0,0,1,차대차 - 기타,안전운전불이행,포장 - 건조,맑음,교차로 - 교차로안,기타불명,기타불명,미분류,기타불명,자전거,남,37세,부상신고
2018080700100186,2018년 8월 7일 11시,화요일,서울특별시 강동구 성내동,경상사고,0,0,1,0,차대차 - 기타,안전운전불이행,포장 - 건조,맑음,단일로 - 기타,원동기,남,26세,상해없음,자전거,남,64세,경상
2018080700100439,2018년 8월 7일 18시,화요일,서울특별시 노원구 상계동,경상사고,0,0,1,0,차대차 - 측면충돌,안전운전불이행,포장 - 건조,맑음,교차로 - 교차로안,기타불명,기타불명,미분류,기타불명,자전거,여,10세,경상
2018080700100484,2018년 8월 7일 19시,화요일,서울특별시 동작구 상도동,경상사고,0,0,1,0,차대차 - 기타,안전운전불이행,포장 - 건조,맑음,단일로 - 기타,승용,여,40세,상해없음,자전거,남,33세,경상
2018080700100485,2018년 8월 7일 19시,화요일,서울특별시 양천구 신정동,경상사고,0,0,1,0,차대차 - 기타,안전운전불이행,포장 - 건조,맑음,단일로 - 기타,승용,여,49세,상해없음,자전거,여,9세,경상
2018080800100012,2018년 8월 8일 01시,수요일,서울특별시 중랑구 중화동,중상사고,0,1,0,0,차대차 - 기타,안전운전불이행,포장 - 건조,맑음,교차로 - 교차로횡단보도내,승용,남,66세,상해없음,자전거,남,23세,중상
2018080800100049,2018년 8월 8일 06시,수요일,서울특별시 마포구 상암동,중상사고,0,1,0,0,차대차 - 기타,중앙선침범,포장 - 건조,맑음,교차로 - 교차로안,자전거,남,41세,상해없음,자전거,여,61세,중상
2018080800100052,2018년 8월 8일 06시,수요일,서울특별시 송파구 거여동,경상사고,0,0,1,0,차대차 - 측면충돌,교차로운행방법위반,포장 - 건조,맑음,교차로 - 교차로부근,승합,여,53세,상해없음,자전거,남,64세,경상
2018080800100083,2018년 8월 8일 08시,수요일,서울특별시 동대문구 장안동,경상사고,0,0,1,0,차대차 - 기타,기타,포장 - 건조,맑음,단일로 - 기타,승용,남,72세,상해없음,자전거,남,34세,경상
2018080800100086,2018년 8월 8일 08시,수요일,서울특별시 강동구 천호동,경상사고,0,0,1,0,차대차 - 측면충돌,안전운전불이행,포장 - 건조,맑음,교차로 - 교차로안,승용,여,37세,상해없음,자전거,여,56세,경상
2018080800100272,2018년 8월 8일 14시,수요일,서울특별시 관악구 신림동,경상사고,0,0,1,0,차대차 - 측면충돌,신호위반,포장 - 건조,맑음,단일로 - 기타,화물,남,52세,상해없음,자전거,남,12세,경상
2018080800100374,2018년 8월 8일 17시,수요일,서울특별시 서초구 우면동,중상사고,0,1,0,0,차대차 - 기타,안전운전불이행,포장 - 건조,맑음,교차로 - 교차로횡단보도내,승용,여,75세,상해없음,자전거,남,66세,중상
2018080800100538,2018년 8월 8일 22시,수요일,서울특별시 강북구 번동,경상사고,0,0,1,0,차대차 - 기타,안전운전불이행,포장 - 건조,맑음,단일로 - 기타,승용,여,33세,상해없음,자전거,여,54세,경상
2018080900100001,2018년 8월 9일 00시,목요일,서울특별시 은평구 신사동,경상사고,0,0,1,0,차대차 - 측면충돌,안전운전불이행,포장 - 건조,맑음,교차로 - 교차로횡단보도내,승용,남,55세,상해없음,자전거,여,50세,경상
2018080900100456,2018년 8월 9일 18시,목요일,서울특별시 양천구 목동,경상사고,0,0,1,0,차대차 - 기타,안전운전불이행,포장 - 건조,맑음,단일로 - 기타,승용,여,33세,상해없음,자전거,남,13세,경상
2018080900100501,2018년 8월 9일 19시,목요일,서울특별시 성동구 사근동,경상사고,0,0,1,0,차대차 - 기타,안전운전불이행,포장 - 건조,맑음,단일로 - 기타,자전거,남,52세,상해없음,자전거,남,24세,경상
2018080900100582,2018년 8월 9일 22시,목요일,서울특별시 동대문구 답십리동,경상사고,0,0,1,0,차대차 - 측면충돌,기타,포장 - 건조,맑음,단일로 - 기타,승용,남,63세,상해없음,자전거,여,64세,경상
2018080900100609,2018년 8월 9일 23시,목요일,서울특별시 영등포구 여의도동,중상사고,0,1,0,0,차대차 - 기타,안전운전불이행,포장 - 건조,맑음,단일로 - 기타,자전거,남,28세,상해없음,자전거,남,35세,중상
2018081000100050,2018년 8월 10일 05시,금요일,서울특별시 노원구 상계동,경상사고,0,0,1,0,차대차 - 측면충돌,안전운전불이행,포장 - 건조,맑음,교차로 - 교차로안,화물,남,60세,상해없음,자전거,남,62세,경상
2018081000100062,2018년 8월 10일 06시,금요일,서울특별시 영등포구 영등포동1가,중상사고,0,1,0,0,차대차 - 측면충돌,안전운전불이행,포장 - 건조,맑음,교차로 - 교차로부근,승용,남,58세,상해없음,자전거,여,37세,중상
2018081000100064,2018년 8월 10일 06시,금요일,서울특별시 구로구 개봉동,경상사고,0,0,1,0,차대차 - 기타,안전운전불이행,포장 - 건조,맑음,교차로 - 교차로부근,화물,남,56세,상해없음,자전거,남,68세,경상
2018081000100164,2018년 8월 10일 10시,금요일,서울특별시 양천구 신정동,경상사고,0,0,1,0,차대차 - 기타,신호위반,포장 - 건조,맑음,교차로 - 교차로횡단보도내,승용,여,55세,상해없음,자전거,남,17세,경상
2018081000100196,2018년 8월 10일 11시,금요일,서울특별시 송파구 잠실동,중상사고,0,1,0,0,차대차 - 측면충돌,신호위반,포장 - 건조,맑음,단일로 - 기타,승용,남,61세,상해없음,자전거,남,41세,중상
2018081000100380,2018년 8월 10일 16시,금요일,서울특별시 성북구 석관동,경상사고,0,0,1,0,차대차 - 측면충돌,안전운전불이행,포장 - 건조,맑음,단일로 - 기타,화물,남,24세,상해없음,자전거,여,60세,경상
2018081000100416,2018년 8월 10일 17시,금요일,서울특별시 강동구 성내동,경상사고,0,0,1,0,차대차 - 측면충돌,교차로운행방법위반,포장 - 건조,맑음,교차로 - 교차로안,승용,여,42세,상해없음,자전거,여,73세,경상
2018081000100591,2018년 8월 10일 21시,금요일,서울특별시 강북구 수유동,중상사고,0,1,0,0,차대차 - 추돌,안전운전불이행,포장 - 건조,맑음,단일로 - 기타,승용,남,73세,상해없음,자전거,여,59세,중상
2018081000100619,2018년 8월 10일 22시,금요일,서울특별시 금천구 독산동,중상사고,0,1,0,0,차대차 - 기타,안전운전불이행,포장 - 건조,맑음,교차로 - 교차로부근,승용,남,47세,상해없음,자전거,남,30세,중상
2018081100100003,2018년 8월 11일 00시,토요일,서울특별시 용산구 한강로2가,부상신고사고,0,0,0,1,차대차 - 측면충돌,안전운전불이행,포장 - 건조,맑음,단일로 - 기타,기타불명,기타불명,미분류,기타불명,자전거,남,60세,부상신고
2018081100100080,2018년 8월 11일 06시,토요일,서울특별시 구로구 신도림동,경상사고,0,0,1,0,차대차 - 기타,안전운전불이행,포장 - 건조,맑음,교차로 - 교차로안,자전거,남,55세,경상,자전거,여,62세,상해없음
2018081100100140,2018년 8월 11일 09시,토요일,서울특별시 도봉구 창동,중상사고,0,1,0,0,차대차 - 기타,직진우회전진행방해,포장 - 건조,맑음,교차로 - 교차로안,승용,남,38세,상해없음,자전거,여,65세,중상
2018081100100193,2018년 8월 11일 11시,토요일,서울특별시 강북구 미아동,경상사고,0,0,1,0,차대차 - 기타,직진우회전진행방해,포장 - 건조,맑음,교차로 - 교차로부근,승합,남,60세,상해없음,자전거,남,42세,경상
2018081100100255,2018년 8월 11일 13시,토요일,서울특별시 중구 오장동,중상사고,0,1,0,0,차대차 - 측면충돌,안전운전불이행,포장 - 건조,맑음,교차로 - 교차로부근,화물,남,49세,상해없음,자전거,남,62세,중상
2018081100100470,2018년 8월 11일 19시,토요일,서울특별시 동작구 노량진동,중상사고,0,1,0,0,차대차 - 측면충돌,안전거리미확보,포장 - 건조,맑음,단일로 - 기타,자전거,남,22세,상해없음,자전거,남,47세,상해없음
2018081100100499,2018년 8월 11일 20시,토요일,서울특별시 노원구 월계동,경상사고,0,0,1,0,차대차 - 기타,안전운전불이행,포장 - 건조,맑음,단일로 - 기타,자전거,여,49세,경상,자전거,남,19세,상해없음
2018081100100545,2018년 8월 11일 22시,토요일,서울특별시 성동구 성수동1가,부상신고사고,0,0,0,1,차대차 - 측면충돌,안전운전불이행,포장 - 건조,맑음,단일로 - 기타,자전거,남,41세,상해없음,자전거,여,43세,부상신고
2018081300100102,2018년 8월 13일 08시,월요일,서울특별시 금천구 시흥동,경상사고,0,0,1,0,차대차 - 추돌,안전거리미확보,포장 - 건조,맑음,단일로 - 기타,승용,남,62세,상해없음,자전거,남,25세,경상
2018081300100530,2018년 8월 13일 19시,월요일,서울특별시 동대문구 휘경동,경상사고,0,0,1,0,차대차 - 정면충돌,안전운전불이행,포장 - 건조,맑음,단일로 - 기타,원동기,남,38세,경상,자전거,남,32세,상해없음
2018081300100531,2018년 8월 13일 19시,월요일,서울특별시 영등포구 신길동,경상사고,0,0,1,0,차대차 - 기타,안전운전불이행,포장 - 건조,맑음,교차로 - 교차로안,승용,여,39세,상해없음,자전거,남,13세,경상
2018081400100033,2018년 8월 14일 02시,화요일,서울특별시 동대문구 장안동,경상사고,0,0,1,0,차대차 - 기타,신호위반,포장 - 기타,맑음,단일로 - 기타,기타불명,기타불명,미분류,기타불명,자전거,여,58세,경상
2018081400100151,2018년 8월 14일 09시,화요일,서울특별시 송파구 문정동,경상사고,0,0,1,0,차대차 - 측면충돌,신호위반,포장 - 건조,맑음,교차로 - 교차로부근,승용,여,59세,상해없음,자전거,여,50세,경상
2018081400100185,2018년 8월 14일 10시,화요일,서울특별시 서초구 반포동,중상사고,0,1,0,0,차대차 - 측면충돌,안전운전불이행,포장 - 건조,맑음,단일로 - 기타,승용,남,33세,상해없음,자전거,여,20세,중상
2018081400100425,2018년 8월 14일 17시,화요일,서울특별시 서초구 반포동,중상사고,0,1,0,0,차대차 - 측면충돌,안전운전불이행,포장 - 건조,맑음,미분류 - 미분류,승용,여,47세,상해없음,자전거,남,13세,중상
2018081400100475,2018년 8월 14일 18시,화요일,서울특별시 영등포구 신길동,경상사고,0,0,1,0,차대차 - 기타,안전운전불이행,포장 - 건조,맑음,단일로 - 기타,승용,남,63세,상해없음,자전거,여,16세,경상
2018081400100575,2018년 8월 14일 20시,화요일,서울특별시 구로구 구로동,경상사고,0,0,2,0,차대차 - 기타,안전운전불이행,포장 - 건조,맑음,교차로 - 교차로부근,이륜,남,18세,경상,자전거,남,48세,경상
2018081400100598,2018년 8월 14일 21시,화요일,서울특별시 강동구 성내동,경상사고,0,0,1,0,차대차 - 측면충돌,기타,포장 - 건조,맑음,단일로 - 기타,승용,여,50세,상해없음,자전거,남,18세,경상
2018081400100624,2018년 8월 14일 22시,화요일,서울특별시 송파구 풍납동,경상사고,0,0,1,0,차대차 - 측면충돌,신호위반,포장 - 건조,맑음,교차로 - 교차로안,승용,남,55세,상해없음,자전거,남,31세,경상
2018081500100097,2018년 8월 15일 07시,수요일,서울특별시 영등포구 여의도동,경상사고,0,0,1,0,차대차 - 측면충돌,안전운전불이행,포장 - 건조,맑음,단일로 - 기타,화물,남,58세,상해없음,자전거,남,41세,경상
2018081500100138,2018년 8월 15일 09시,수요일,서울특별시 서초구 반포동,경상사고,0,0,1,0,차대차 - 정면충돌,안전운전불이행,포장 - 건조,맑음,단일로 - 기타,자전거,남,17세,상해없음,자전거,남,42세,경상
2018081500100139,2018년 8월 15일 09시,수요일,서울특별시 서초구 반포동,경상사고,0,0,1,0,차대차 - 기타,안전거리미확보,포장 - 건조,맑음,단일로 - 기타,자전거,남,41세,상해없음,자전거,여,55세,경상
2018081500100148,2018년 8월 15일 10시,수요일,서울특별시 서대문구 홍은동,부상신고사고,0,0,0,2,차대차 - 기타,안전운전불이행,포장 - 건조,맑음,단일로 - 기타,자전거,여,37세,부상신고,자전거,남,32세,부상신고
2018081500100297,2018년 8월 15일 15시,수요일,서울특별시 서대문구 연희동,경상사고,0,0,1,0,차대차 - 측면충돌,안전운전불이행,포장 - 건조,맑음,단일로 - 기타,승용,남,61세,상해없음,자전거,남,32세,경상
2018081600100220,2018년 8월 16일 11시,목요일,서울특별시 도봉구 창동,부상신고사고,0,0,0,1,차대차 - 기타,안전운전불이행,포장 - 기타,맑음,단일로 - 기타,자전거,남,34세,상해없음,자전거,남,72세,부상신고
2018081600100620,2018년 8월 16일 22시,목요일,서울특별시 중랑구 신내동,경상사고,0,0,1,0,차대차 - 기타,안전운전불이행,포장 - 건조,맑음,교차로 - 교차로횡단보도내,기타불명,기타불명,미분류,기타불명,자전거,남,14세,경상
2018081700100005,2018년 8월 17일 00시,금요일,서울특별시 도봉구 방학동,경상사고,0,0,1,0,차대차 - 기타,신호위반,포장 - 건조,맑음,단일로 - 기타,원동기,남,17세,상해없음,자전거,여,39세,경상
2018081700100080,2018년 8월 17일 07시,금요일,서울특별시 성북구 돈암동,경상사고,0,0,1,0,차대차 - 기타,안전운전불이행,포장 - 건조,맑음,단일로 - 기타,승용,남,32세,상해없음,자전거,남,29세,경상
2018081700100150,2018년 8월 17일 09시,금요일,서울특별시 용산구 한남동,경상사고,0,0,1,0,차대차 - 측면충돌,안전운전불이행,포장 - 건조,맑음,단일로 - 기타,승용,남,31세,상해없음,자전거,여,48세,경상
2018081700100194,2018년 8월 17일 10시,금요일,서울특별시 양천구 신정동,중상사고,0,1,0,0,차대차 - 기타,교차로운행방법위반,포장 - 건조,맑음,교차로 - 교차로안,승용,남,46세,상해없음,자전거,남,80세,중상
2018081700100289,2018년 8월 17일 13시,금요일,서울특별시 강서구 개화동,중상사고,0,1,0,0,차대차 - 기타,안전운전불이행,포장 - 건조,맑음,기타 - 기타,자전거,남,67세,상해없음,자전거,여,52세,중상
2018081700100320,2018년 8월 17일 14시,금요일,서울특별시 강북구 미아동,중상사고,0,1,0,0,차대차 - 측면충돌,직진우회전진행방해,포장 - 건조,맑음,교차로 - 교차로안,승용,남,63세,상해없음,자전거,여,18세,중상
2018081700100321,2018년 8월 17일 14시,금요일,서울특별시 금천구 가산동,경상사고,0,0,1,0,차대차 - 기타,기타,포장 - 건조,맑음,기타 - 기타,승용,남,77세,상해없음,자전거,남,23세,경상
2018081700100369,2018년 8월 17일 15시,금요일,서울특별시 성동구 성수동2가,경상사고,0,0,1,0,차대차 - 기타,안전운전불이행,포장 - 건조,맑음,교차로 - 교차로부근,화물,남,65세,상해없음,자전거,여,65세,경상
2018081700100373,2018년 8월 17일 15시,금요일,서울특별시 은평구 구산동,경상사고,0,0,1,0,차대차 - 측면충돌,신호위반,포장 - 건조,맑음,단일로 - 기타,승용,남,32세,상해없음,자전거,남,12세,경상
2018081700100411,2018년 8월 17일 16시,금요일,서울특별시 동작구 동작동,경상사고,0,0,1,1,차대차 - 정면충돌,안전운전불이행,포장 - 건조,맑음,교차로 - 교차로부근,자전거,여,53세,경상,자전거,남,30세,부상신고
2018081700100466,2018년 8월 17일 17시,금요일,서울특별시 동작구 신대방동,부상신고사고,0,0,0,1,차대차 - 측면충돌,안전운전불이행,포장 - 건조,맑음,단일로 - 기타,승용,여,35세,상해없음,자전거,남,49세,부상신고
2018081700100469,2018년 8월 17일 17시,금요일,서울특별시 강동구 고덕동,경상사고,0,0,1,0,차대차 - 기타,신호위반,포장 - 건조,맑음,단일로 - 기타,원동기,남,18세,상해없음,자전거,남,9세,경상
2018081700100600,2018년 8월 17일 20시,금요일,서울특별시 송파구 오금동,경상사고,0,0,1,0,차대차 - 기타,안전운전불이행,포장 - 건조,맑음,교차로 - 교차로안,화물,여,31세,상해없음,자전거,여,52세,경상
2018081800100151,2018년 8월 18일 09시,토요일,서울특별시 동대문구 장안동,경상사고,0,0,1,0,차대차 - 기타,직진우회전진행방해,포장 - 건조,맑음,교차로 - 교차로안,승용,남,50세,상해없음,자전거,남,86세,경상
2018081800100405,2018년 8월 18일 16시,토요일,서울특별시 영등포구 영등포동2가,경상사고,0,0,1,0,차대차 - 추돌,안전운전불이행,포장 - 건조,맑음,단일로 - 기타,자전거,남,53세,경상,자전거,남,27세,상해없음
2018081800100478,2018년 8월 18일 18시,토요일,서울특별시 강서구 마곡동,경상사고,0,0,1,0,차대차 - 추돌,안전운전불이행,포장 - 건조,맑음,단일로 - 기타,자전거,남,46세,상해없음,자전거,여,9세,경상
2018081800100543,2018년 8월 18일 20시,토요일,서울특별시 은평구 역촌동,경상사고,0,0,1,0,차대차 - 측면충돌,신호위반,포장 - 건조,맑음,교차로 - 교차로안,승용,남,60세,상해없음,자전거,여,52세,경상
2018081800100602,2018년 8월 18일 22시,토요일,서울특별시 종로구 세종로,경상사고,0,0,1,0,차대차 - 측면충돌,기타,포장 - 건조,맑음,단일로 - 기타,승용,남,59세,상해없음,자전거,남,16세,경상
2018081900100113,2018년 8월 19일 08시,일요일,서울특별시 강남구 삼성동,경상사고,0,0,1,0,차대차 - 측면충돌,안전운전불이행,포장 - 건조,맑음,교차로 - 교차로안,자전거,남,37세,상해없음,자전거,남,40세,경상
2018081900100127,2018년 8월 19일 09시,일요일,서울특별시 영등포구 영등포동7가,경상사고,0,0,1,0,차대차 - 측면충돌,기타,포장 - 건조,맑음,단일로 - 기타,자전거,남,48세,상해없음,자전거,여,62세,경상
2018081900100162,2018년 8월 19일 11시,일요일,서울특별시 송파구 문정동,경상사고,0,0,1,0,차대차 - 기타,신호위반,포장 - 건조,맑음,단일로 - 기타,승용,남,67세,상해없음,자전거,남,44세,경상
2018081900100224,2018년 8월 19일 13시,일요일,서울특별시 성북구 하월곡동,중상사고,0,1,0,0,차대차 - 측면충돌,기타,포장 - 건조,맑음,단일로 - 기타,승용,남,61세,상해없음,자전거,남,65세,중상
2018081900100404,2018년 8월 19일 19시,일요일,서울특별시 강동구 둔촌동,중상사고,0,1,0,0,차대차 - 기타,안전운전불이행,포장 - 건조,맑음,교차로 - 교차로안,승용,남,66세,상해없음,자전거,남,61세,중상
2018081900100435,2018년 8월 19일 20시,일요일,서울특별시 동대문구 휘경동,경상사고,0,0,1,0,차대차 - 측면충돌,기타,포장 - 건조,맑음,교차로 - 교차로부근,승용,남,60세,상해없음,자전거,남,16세,경상
2018081900100436,2018년 8월 19일 20시,일요일,서울특별시 동대문구 장안동,경상사고,0,0,1,0,차대차 - 기타,안전운전불이행,포장 - 건조,맑음,기타 - 기타,자전거,남,미분류,기타불명,자전거,남,62세,경상
2018081900100460,2018년 8월 19일 21시,일요일,서울특별시 종로구 종로2가,경상사고,0,0,1,0,차대차 - 측면충돌,신호위반,포장 - 건조,맑음,교차로 - 교차로횡단보도내,승용,남,24세,상해없음,자전거,남,30세,경상
2018081900100495,2018년 8월 19일 22시,일요일,서울특별시 노원구 월계동,경상사고,0,0,2,0,차대차 - 정면충돌,안전운전불이행,포장 - 건조,맑음,단일로 - 기타,자전거,여,59세,경상,자전거,남,36세,경상
2018082000100311,2018년 8월 20일 14시,월요일,서울특별시 양천구 신월동,중상사고,0,1,0,0,차대차 - 측면충돌,직진우회전진행방해,포장 - 건조,맑음,교차로 - 교차로안,승용,여,38세,상해없음,자전거,여,48세,중상
2018082000100366,2018년 8월 20일 16시,월요일,서울특별시 동대문구 장안동,부상신고사고,0,0,0,1,차대차 - 기타,안전운전불이행,포장 - 건조,맑음,교차로 - 교차로안,화물,남,50세,상해없음,자전거,남,10세,부상신고
2018082000100367,2018년 8월 20일 16시,월요일,서울특별시 성동구 용답동,경상사고,0,0,1,0,차대차 - 기타,안전운전불이행,포장 - 건조,맑음,단일로 - 기타,기타불명,기타불명,미분류,기타불명,자전거,남,9세,경상
2018082000100408,2018년 8월 20일 17시,월요일,서울특별시 마포구 성산동,경상사고,0,0,1,0,차대차 - 측면충돌,안전운전불이행,포장 - 건조,맑음,교차로 - 교차로안,승용,남,70세,상해없음,자전거,남,24세,경상
2018082100100065,2018년 8월 21일 06시,화요일,서울특별시 구로구 가리봉동,사망사고,1,0,0,0,차대차 - 측면충돌,신호위반,포장 - 젖음/습기,비,교차로 - 교차로안,승용,남,66세,상해없음,자전거,여,64세,사망
2018082100100282,2018년 8월 21일 13시,화요일,서울특별시 송파구 오금동,경상사고,0,0,1,0,차대차 - 측면충돌,기타,포장 - 건조,맑음,단일로 - 기타,기타불명,기타불명,미분류,기타불명,자전거,남,25세,경상
2018082100100342,2018년 8월 21일 15시,화요일,서울특별시 마포구 망원동,경상사고,0,0,1,0,차대차 - 측면충돌,기타,포장 - 건조,맑음,단일로 - 기타,승용,남,67세,상해없음,자전거,남,17세,경상
2018082100100346,2018년 8월 21일 15시,화요일,서울특별시 강동구 암사동,경상사고,0,0,1,0,차대차 - 측면충돌,기타,포장 - 젖음/습기,비,단일로 - 기타,화물,남,28세,상해없음,자전거,여,49세,경상