사고번호,사고일시,요일,시군구,사고내용,사망자수,중상자수,경상자수,부상신고자수,사고유형,법규위반,노면상태,기상상태,도로형태,가해운전자 차종,가해운전자 성별,가해운전자 연령,가해운전자 상해정도,피해운전자 차종,피해운전자 성별,피해운전자 연령,피해운전자 상해정도
2018082100100534,2018년 8월 21일 19시,화요일,서울특별시 동대문구 장안동,경상사고,0,0,1,0,차대차 - 기타,신호위반,포장 - 건조,맑음,교차로 - 교차로안,이륜,남,45세,상해없음,자전거,남,62세,경상
2018082100100606,2018년 8월 21일 21시,화요일,서울특별시 성북구 종암동,경상사고,0,0,1,0,차대차 - 기타,신호위반,포장 - 건조,맑음,교차로 - 교차로부근,승용,남,51세,상해없음,자전거,남,34세,경상
2018082200100111,2018년 8월 22일 08시,수요일,서울특별시 강동구 암사동,경상사고,0,0,1,0,차대차 - 기타,안전운전불이행,포장 - 건조,맑음,교차로 - 교차로부근,승용,남,28세,상해없음,자전거,남,39세,경상
2018082200100347,2018년 8월 22일 15시,수요일,서울특별시 영등포구 당산동1가,경상사고,0,0,1,0,차대차 - 측면충돌,직진우회전진행방해,포장 - 건조,맑음,교차로 - 교차로안,승용,남,54세,상해없음,자전거,남,14세,경상
2018082200100483,2018년 8월 22일 18시,수요일,서울특별시 노원구 상계동,경상사고,0,0,1,0,차대차 - 측면충돌,신호위반,포장 - 건조,맑음,교차로 - 교차로부근,승용,남,57세,상해없음,자전거,여,29세,경상
2018082200100485,2018년 8월 22일 18시,수요일,서울특별시 은평구 불광동,경상사고,0,0,1,0,차대차 - 측면충돌,안전운전불이행,포장 - 건조,맑음,단일로 - 기타,승용,남,52세,상해없음,자전거,여,55세,경상
2018082300100005,2018년 8월 23일 00시,목요일,서울특별시 영등포구 양화동,경상사고,0,0,1,0,차대차 - 측면충돌,안전운전불이행,포장 - 건조,맑음,교차로 - 교차로안,자전거,여,28세,기타불명,자전거,남,24세,경상
2018082300100046,2018년 8월 23일 05시,목요일,서울특별시 성동구 행당동,중상사고,0,1,0,0,차대차 - 기타,신호위반,포장 - 건조,맑음,교차로 - 교차로횡단보도내,승용,남,66세,상해없음,자전거,남,66세,중상
2018082300100139,2018년 8월 23일 10시,목요일,서울특별시 영등포구 대림동,부상신고사고,0,0,0,1,차대차 - 측면충돌,신호위반,포장 - 건조,맑음,교차로 - 교차로안,승용,남,78세,상해없음,자전거,여,61세,부상신고
2018082300100332,2018년 8월 23일 18시,목요일,서울특별시 노원구 공릉동,경상사고,0,0,1,0,차대차 - 추돌,안전운전불이행,포장 - 건조,맑음,단일로 - 기타,개인형이동수단(PM),남,32세,상해없음,자전거,여,27세,경상
2018082400100172,2018년 8월 24일 11시,금요일,서울특별시 강서구 화곡동,중상사고,0,1,0,0,차대차 - 측면충돌,안전운전불이행,포장 - 건조,맑음,교차로 - 교차로안,승용,여,57세,상해없음,자전거,남,59세,중상
2018082400100332,2018년 8월 24일 16시,금요일,서울특별시 도봉구 창동,중상사고,0,1,0,0,차대차 - 기타,직진우회전진행방해,포장 - 건조,맑음,교차로 - 교차로안,승용,남,63세,상해없음,자전거,남,13세,중상
2018082400100445,2018년 8월 24일 19시,금요일,서울특별시 노원구 상계동,중상사고,0,1,0,0,차대차 - 측면충돌,기타,포장 - 건조,맑음,교차로 - 교차로부근,승용,남,69세,상해없음,자전거,남,55세,중상
2018082400100542,2018년 8월 24일 22시,금요일,서울특별시 동작구 노량진동,경상사고,0,0,1,0,차대차 - 측면충돌,안전운전불이행,포장 - 건조,맑음,단일로 - 교량,승용,여,54세,상해없음,자전거,여,20세,경상
2018082400100546,2018년 8월 24일 22시,금요일,서울특별시 구로구 구로동,중상사고,0,1,0,0,차대차 - 기타,안전거리미확보,포장 - 건조,맑음,단일로 - 기타,승용,여,44세,상해없음,자전거,남,25세,중상
2018082500100035,2018년 8월 25일 01시,토요일,서울특별시 광진구 구의동,경상사고,0,0,1,0,차대차 - 측면충돌,신호위반,포장 - 건조,맑음,단일로 - 기타,승용,여,34세,상해없음,자전거,여,48세,경상
2018082500100070,2018년 8월 25일 03시,토요일,서울특별시 영등포구 양평동4가,경상사고,0,0,1,0,차대차 - 측면충돌,안전운전불이행,포장 - 건조,맑음,교차로 - 교차로안,승용,남,41세,상해없음,자전거,남,49세,경상
2018082500100126,2018년 8월 25일 08시,토요일,서울특별시 동대문구 장안동,중상사고,0,1,0,1,차대차 - 측면충돌,교차로운행방법위반,포장 - 건조,맑음,교차로 - 교차로안,승합,남,47세,중상,자전거,남,15세,부상신고
2018082500100149,2018년 8월 25일 09시,토요일,서울특별시 강북구 미아동,중상사고,0,1,0,0,차대차 - 측면충돌,안전운전불이행,포장 - 건조,맑음,교차로 - 교차로안,승용,남,54세,상해없음,자전거,남,47세,중상
2018082500100173,2018년 8월 25일 10시,토요일,서울특별시 성동구 성수동1가,경상사고,0,0,1,0,차대차 - 기타,안전운전불이행,포장 - 건조,맑음,교차로 - 교차로부근,자전거,여,62세,상해없음,자전거,여,50세,경상
2018082500100397,2018년 8월 25일 16시,토요일,서울특별시 송파구 잠실동,경상사고,0,0,1,1,차대차 - 측면충돌,안전운전불이행,포장 - 건조,맑음,단일로 - 기타,자전거,남,46세,부상신고,자전거,여,55세,경상
2018082500100416,2018년 8월 25일 17시,토요일,서울특별시 종로구 종로6가,중상사고,0,1,0,0,차대차 - 측면충돌,안전운전불이행,포장 - 건조,맑음,교차로 - 교차로부근,기타불명,기타불명,미분류,기타불명,자전거,여,66세,중상
2018082500100452,2018년 8월 25일 18시,토요일,서울특별시 강남구 율현동,경상사고,0,0,1,0,차대차 - 기타,안전운전불이행,포장 - 건조,맑음,교차로 - 교차로부근,승용,남,63세,상해없음,자전거,여,8세,경상
2018082600100072,2018년 8월 26일 03시,일요일,서울특별시 양천구 신월동,부상신고사고,0,0,0,1,차대차 - 측면충돌,신호위반,포장 - 건조,맑음,교차로 - 교차로부근,승용,남,57세,상해없음,자전거,남,32세,부상신고
2018082600100080,2018년 8월 26일 04시,일요일,서울특별시 강북구 번동,경상사고,0,0,1,0,차대차 - 기타,신호위반,포장 - 건조,맑음,교차로 - 교차로부근,기타불명,기타불명,미분류,기타불명,자전거,남,20세,경상
2018082600100109,2018년 8월 26일 06시,일요일,서울특별시 도봉구 도봉동,중상사고,0,1,0,0,차대차 - 기타,교차로운행방법위반,포장 - 건조,맑음,교차로 - 교차로안,승합,남,57세,상해없음,자전거,남,51세,중상
2018082600100155,2018년 8월 26일 10시,일요일,서울특별시 구로구 구로동,경상사고,0,0,1,0,차대차 - 기타,안전운전불이행,포장 - 건조,맑음,단일로 - 기타,승용,남,25세,상해없음,자전거,남,65세,경상
2018082600100327,2018년 8월 26일 17시,일요일,서울특별시 송파구 방이동,경상사고,0,0,1,0,차대차 - 측면충돌,안전운전불이행,포장 - 건조,맑음,단일로 - 기타,승용,남,50세,상해없음,자전거,남,16세,경상
2018082700100117,2018년 8월 27일 08시,월요일,서울특별시 중랑구 면목동,경상사고,0,0,1,0,차대차 - 기타,교차로운행방법위반,포장 - 젖음/습기,비,교차로 - 교차로안,승용,남,66세,상해없음,자전거,여,58세,경상
2018082700100515,2018년 8월 27일 19시,월요일,서울특별시 은평구 응암동,경상사고,0,0,1,0,차대차 - 측면충돌,안전운전불이행,포장 - 건조,맑음,단일로 - 기타,승용,남,54세,상해없음,자전거,남,28세,경상
2018082800100272,2018년 8월 28일 14시,화요일,서울특별시 중랑구 면목동,경상사고,0,0,1,0,차대차 - 기타,안전운전불이행,포장 - 젖음/습기,흐림,단일로 - 기타,승용,남,44세,상해없음,자전거,남,9세,경상
2018082800100433,2018년 8월 28일 18시,화요일,서울특별시 강동구 성내동,경상사고,0,0,1,0,차대차 - 측면충돌,안전운전불이행,포장 - 젖음/습기,비,단일로 - 기타,화물,남,59세,상해없음,자전거,남,12세,경상
2018082800100591,2018년 8월 28일 22시,화요일,서울특별시 영등포구 여의도동,중상사고,0,1,0,0,차대차 - 측면충돌,안전운전불이행,포장 - 젖음/습기,비,단일로 - 기타,승용,남,53세,상해없음,자전거,남,50세,중상
2018082900100088,2018년 8월 29일 08시,수요일,서울특별시 종로구 서린동,경상사고,0,0,1,0,차대차 - 측면충돌,안전운전불이행,포장 - 젖음/습기,흐림,단일로 - 기타,승용,남,45세,상해없음,자전거,남,44세,경상
2018082900100137,2018년 8월 29일 09시,수요일,서울특별시 강북구 미아동,중상사고,0,1,0,0,차대차 - 측면충돌,안전운전불이행,포장 - 건조,흐림,교차로 - 교차로안,승용,남,51세,상해없음,자전거,남,41세,중상
2018082900100163,2018년 8월 29일 10시,수요일,서울특별시 관악구 봉천동,부상신고사고,0,0,0,1,차대차 - 추돌,안전운전불이행,포장 - 건조,맑음,기타 - 기타,승합,남,59세,상해없음,자전거,남,84세,부상신고
2018082900100333,2018년 8월 29일 16시,수요일,서울특별시 구로구 오류동,경상사고,0,0,1,0,차대차 - 측면충돌,안전운전불이행,포장 - 건조,맑음,교차로 - 교차로안,승용,여,41세,상해없음,자전거,남,15세,경상
2018083000100097,2018년 8월 30일 08시,목요일,서울특별시 광진구 능동,경상사고,0,0,1,0,차대차 - 측면충돌,안전운전불이행,포장 - 건조,맑음,단일로 - 기타,승용,남,39세,상해없음,자전거,남,24세,경상
2018083000100338,2018년 8월 30일 16시,목요일,서울특별시 송파구 가락동,경상사고,0,0,1,0,차대차 - 측면충돌,안전운전불이행,포장 - 건조,맑음,교차로 - 교차로안,화물,남,29세,상해없음,자전거,남,35세,경상
2018083000100368,2018년 8월 30일 17시,목요일,서울특별시 서대문구 연희동,경상사고,0,0,2,0,차대차 - 기타,안전운전불이행,포장 - 건조,맑음,단일로 - 기타,기타불명,기타불명,미분류,기타불명,자전거,여,31세,경상
2018083100100022,2018년 8월 31일 01시,금요일,서울특별시 동작구 신대방동,중상사고,0,1,0,0,차대차 - 측면충돌,안전운전불이행,포장 - 젖음/습기,비,교차로 - 교차로부근,기타불명,기타불명,미분류,기타불명,자전거,남,56세,중상
2018083100100096,2018년 8월 31일 07시,금요일,서울특별시 노원구 상계동,중상사고,0,1,0,0,차대차 - 기타,안전운전불이행,포장 - 건조,맑음,교차로 - 교차로부근,승용,여,58세,상해없음,자전거,여,59세,중상
2018083100100332,2018년 8월 31일 15시,금요일,서울특별시 노원구 중계동,경상사고,0,0,1,0,차대차 - 측면충돌,안전운전불이행,포장 - 건조,맑음,교차로 - 교차로안,승용,남,51세,상해없음,자전거,남,32세,경상
2018083100100440,2018년 8월 31일 18시,금요일,서울특별시 강동구 암사동,경상사고,0,0,1,0,차대차 - 기타,안전운전불이행,포장 - 건조,맑음,기타 - 기타,기타불명,기타불명,미분류,기타불명,자전거,남,50세,경상
2018090100100201,2018년 9월 1일 11시,토요일,서울특별시 용산구 원효로4가,부상신고사고,0,0,0,1,차대차 - 기타,안전운전불이행,포장 - 건조,맑음,단일로 - 기타,기타불명,기타불명,미분류,기타불명,자전거,남,63세,부상신고
2018090100100379,2018년 9월 1일 16시,토요일,서울특별시 송파구 방이동,경상사고,0,0,2,0,차대차 - 기타,안전운전불이행,포장 - 건조,맑음,단일로 - 기타,자전거,여,21세,경상,자전거,여,21세,경상
2018090100100382,2018년 9월 1일 16시,토요일,서울특별시 서초구 반포동,경상사고,0,0,1,0,차대차 - 측면충돌,안전운전불이행,포장 - 건조,맑음,미분류 - 미분류,자전거,남,38세,상해없음,자전거,여,38세,경상
2018090100100465,2018년 9월 1일 18시,토요일,서울특별시 송파구 풍납동,부상신고사고,0,0,0,1,차대차 - 추돌,안전운전불이행,포장 - 건조,맑음,단일로 - 기타,자전거,남,63세,부상신고,자전거,여,25세,상해없음
2018090200100359,2018년 9월 2일 19시,일요일,서울특별시 양천구 신정동,경상사고,0,0,1,0,차대차 - 기타,안전운전불이행,포장 - 건조,맑음,교차로 - 교차로안,원동기,남,57세,상해없음,자전거,남,40세,경상
2018090300100294,2018년 9월 3일 14시,월요일,서울특별시 용산구 한강로2가,중상사고,0,1,0,0,차대차 - 측면충돌,기타,포장 - 건조,맑음,교차로 - 교차로부근,승용,남,72세,상해없음,자전거,남,72세,중상
2018090300100447,2018년 9월 3일 18시,월요일,서울특별시 금천구 가산동,경상사고,0,0,1,0,차대차 - 측면충돌,기타,포장 - 건조,맑음,교차로 - 교차로부근,승용,남,65세,상해없음,자전거,남,76세,경상
2018090300100587,2018년 9월 3일 21시,월요일,서울특별시 관악구 봉천동,경상사고,0,0,1,0,차대차 - 기타,안전운전불이행,포장 - 젖음/습기,비,교차로 - 교차로부근,승용,남,62세,상해없음,자전거,남,76세,경상
2018090400100056,2018년 9월 4일 05시,화요일,서울특별시 관악구 신림동,중상사고,0,1,0,0,차대차 - 기타,안전운전불이행,포장 - 건조,맑음,교차로 - 교차로횡단보도내,승용,남,29세,상해없음,자전거,남,49세,중상
2018090400100131,2018년 9월 4일 09시,화요일,서울특별시 동대문구 장안동,중상사고,0,1,0,0,차대차 - 측면충돌,안전거리미확보,포장 - 건조,맑음,기타 - 기타,승용,남,71세,상해없음,자전거,남,59세,중상
2018090400100342,2018년 9월 4일 16시,화요일,서울특별시 영등포구 양평동6가,부상신고사고,0,0,0,1,차대차 - 기타,기타,포장 - 건조,맑음,단일로 - 기타,승용,남,65세,상해없음,자전거,여,58세,부상신고
2018090500100106,2018년 9월 5일 08시,수요일,서울특별시 동대문구 이문동,중상사고,0,1,0,0,차대차 - 기타,안전운전불이행,포장 - 건조,맑음,기타 - 기타,자전거,남,57세,상해없음,자전거,여,38세,중상
2018090500100112,2018년 9월 5일 08시,수요일,서울특별시 강동구 강일동,중상사고,0,1,0,0,차대차 - 기타,안전운전불이행,포장 - 건조,맑음,단일로 - 기타,화물,남,52세,상해없음,자전거,남,15세,중상
2018090500100493,2018년 9월 5일 18시,수요일,서울특별시 강남구 삼성동,경상사고,0,0,1,0,차대차 - 기타,안전운전불이행,포장 - 건조,맑음,단일로 - 기타,자전거,여,51세,상해없음,자전거,남,43세,경상
2018090500100613,2018년 9월 5일 21시,수요일,서울특별시 송파구 잠실동,경상사고,0,0,1,0,차대차 - 측면충돌,안전거리미확보,포장 - 건조,맑음,단일로 - 기타,자전거,남,42세,상해없음,자전거,남,19세,경상
2018090600100091,2018년 9월 6일 08시,목요일,서울특별시 광진구 구의동,경상사고,0,0,1,0,차대차 - 측면충돌,안전운전불이행,포장 - 건조,맑음,교차로 - 교차로안,화물,남,63세,상해없음,자전거,여,52세,경상
2018090600100227,2018년 9월 6일 13시,목요일,서울특별시 마포구 노고산동,중상사고,0,1,0,0,차대차 - 측면충돌,중앙선침범,포장 - 건조,맑음,단일로 - 기타,화물,남,36세,상해없음,자전거,남,73세,중상
2018090700100178,2018년 9월 7일 09시,금요일,서울특별시 중랑구 상봉동,중상사고,0,1,0,0,차대차 - 측면충돌,교차로운행방법위반,포장 - 건조,맑음,교차로 - 교차로안,승용,남,52세,상해없음,자전거,여,37세,중상
2018090700100314,2018년 9월 7일 13시,금요일,서울특별시 용산구 이촌동,중상사고,0,1,0,0,차대차 - 기타,기타,포장 - 건조,맑음,단일로 - 기타,승용,여,38세,기타불명,자전거,여,56세,중상
2018090700100349,2018년 9월 7일 14시,금요일,서울특별시 도봉구 도봉동,중상사고,0,1,0,0,차대차 - 측면충돌,안전운전불이행,포장 - 기타,맑음,단일로 - 기타,개인형이동수단(PM),남,60세,상해없음,자전거,여,67세,중상
2018090700100425,2018년 9월 7일 16시,금요일,서울특별시 노원구 월계동,경상사고,0,0,1,0,차대차 - 측면충돌,신호위반,포장 - 건조,맑음,교차로 - 교차로횡단보도내,승합,여,49세,상해없음,자전거,여,17세,경상
2018090700100502,2018년 9월 7일 18시,금요일,서울특별시 영등포구 양화동,경상사고,0,0,2,0,차대차 - 정면충돌,안전운전불이행,포장 - 건조,맑음,단일로 - 기타,자전거,남,59세,경상,자전거,남,38세,경상
2018090700100503,2018년 9월 7일 18시,금요일,서울특별시 영등포구 여의도동,경상사고,0,0,1,0,차대차 - 측면충돌,안전운전불이행,포장 - 건조,맑음,단일로 - 기타,자전거,남,10세,기타불명,자전거,남,43세,경상
2018090700100560,2018년 9월 7일 19시,금요일,서울특별시 관악구 신림동,부상신고사고,0,0,0,1,차대차 - 기타,안전운전불이행,포장 - 기타,기타,교차로 - 교차로안,기타불명,기타불명,미분류,기타불명,자전거,남,28세,부상신고
2018090700100599,2018년 9월 7일 20시,금요일,서울특별시 광진구 중곡동,경상사고,0,0,1,0,차대차 - 측면충돌,기타,포장 - 건조,맑음,교차로 - 교차로부근,화물,남,34세,상해없음,자전거,남,30세,경상
2018090700100634,2018년 9월 7일 21시,금요일,서울특별시 양천구 신월동,중상사고,0,1,0,0,차대차 - 기타,안전운전불이행,포장 - 건조,맑음,단일로 - 기타,사륜오토바이(ATV),남,19세,상해없음,자전거,남,61세,중상
2018090700100635,2018년 9월 7일 21시,금요일,서울특별시 노원구 상계동,경상사고,0,0,1,0,차대차 - 측면충돌,안전운전불이행,포장 - 건조,맑음,교차로 - 교차로부근,승용,남,67세,상해없음,자전거,남,16세,경상
2018090800100116,2018년 9월 8일 07시,토요일,서울특별시 동대문구 전농동,중상사고,0,1,0,0,차대차 - 추돌,안전운전불이행,포장 - 건조,맑음,단일로 - 기타,화물,남,51세,상해없음,자전거,남,52세,중상
2018090800100119,2018년 9월 8일 07시,토요일,서울특별시 마포구 망원동,경상사고,0,0,1,0,차대차 - 측면충돌,안전운전불이행,포장 - 건조,맑음,단일로 - 기타,자전거,남,12세,상해없음,자전거,여,60세,경상
2018090800100121,2018년 9월 8일 07시,토요일,서울특별시 영등포구 당산동2가,중상사고,0,1,0,0,차대차 - 측면충돌,안전운전불이행,포장 - 건조,맑음,단일로 - 기타,승용,남,59세,상해없음,자전거,여,80세,중상
2018090800100221,2018년 9월 8일 11시,토요일,서울특별시 중랑구 망우동,중상사고,0,1,1,0,차대차 - 기타,기타,포장 - 건조,맑음,단일로 - 기타,승합,남,46세,상해없음,자전거,남,24세,경상
2018090800100309,2018년 9월 8일 13시,토요일,서울특별시 영등포구 양화동,경상사고,0,0,1,0,차대차 - 기타,안전운전불이행,포장 - 건조,맑음,단일로 - 기타,자전거,남,58세,상해없음,자전거,남,82세,경상
2018090800100461,2018년 9월 8일 17시,토요일,서울특별시 송파구 가락동,경상사고,0,0,1,0,차대차 - 측면충돌,안전운전불이행,포장 - 건조,맑음,단일로 - 기타,승용,남,36세,상해없음,자전거,남,17세,경상
2018090800100539,2018년 9월 8일 19시,토요일,서울특별시 노원구 공릉동,경상사고,0,0,1,0,차대차 - 측면충돌,안전운전불이행,포장 - 건조,맑음,단일로 - 기타,자전거,남,65세,경상,자전거,남,58세,상해없음
2018090800100576,2018년 9월 8일 20시,토요일,서울특별시 영등포구 대림동,경상사고,0,0,1,0,차대차 - 추돌,안전운전불이행,포장 - 건조,맑음,단일로 - 기타,이륜,남,52세,상해없음,자전거,여,55세,경상
2018090900100171,2018년 9월 9일 11시,일요일,서울특별시 서초구 서초동,경상사고,0,0,1,0,차대차 - 측면충돌,안전운전불이행,포장 - 건조,맑음,단일로 - 기타,승용,남,60세,상해없음,자전거,남,62세,경상
2018090900100256,2018년 9월 9일 14시,일요일,서울특별시 노원구 상계동,경상사고,0,0,1,0,차대차 - 측면충돌,신호위반,포장 - 건조,흐림,교차로 - 교차로안,승용,여,50세,상해없음,자전거,남,75세,경상
2018090900100405,2018년 9월 9일 18시,일요일,서울특별시 강북구 미아동,경상사고,0,0,1,0,차대차 - 기타,기타,포장 - 건조,맑음,교차로 - 교차로부근,승용,남,50세,상해없음,자전거,여,18세,경상
2018090900100424,2018년 9월 9일 19시,일요일,서울특별시 마포구 망원동,경상사고,0,0,1,0,차대차 - 추돌,안전거리미확보,포장 - 건조,맑음,단일로 - 기타,자전거,남,51세,상해없음,자전거,여,50세,경상
2018090900100426,2018년 9월 9일 19시,일요일,서울특별시 영등포구 문래동5가,경상사고,0,0,1,0,차대차 - 측면충돌,안전운전불이행,포장 - 건조,맑음,단일로 - 기타,자전거,남,62세,경상,자전거,남,54세,상해없음
2018090900100455,2018년 9월 9일 20시,일요일,서울특별시 강남구 신사동,경상사고,0,0,1,0,차대차 - 측면충돌,중앙선침범,포장 - 건조,맑음,단일로 - 기타,자전거,남,59세,상해없음,자전거,남,48세,경상
2018090900100481,2018년 9월 9일 21시,일요일,서울특별시 동작구 노량진동,중상사고,0,1,0,0,차대차 - 정면충돌,안전운전불이행,포장 - 건조,맑음,단일로 - 기타,자전거,남,59세,상해없음,자전거,남,14세,중상
2018090900100483,2018년 9월 9일 21시,일요일,서울특별시 강서구 화곡동,부상신고사고,0,0,0,1,차대차 - 측면충돌,안전운전불이행,포장 - 건조,맑음,기타 - 기타,승용,남,62세,상해없음,자전거,남,40세,부상신고
2018091000100008,2018년 9월 10일 00시,월요일,서울특별시 은평구 갈현동,경상사고,0,0,1,0,차대차 - 측면충돌,신호위반,포장 - 건조,맑음,교차로 - 교차로안,승용,남,57세,상해없음,자전거,남,10세,경상
2018091000100108,2018년 9월 10일 08시,월요일,서울특별시 성동구 성수동1가,경상사고,0,0,1,0,차대차 - 기타,안전운전불이행,포장 - 건조,맑음,교차로 - 교차로안,화물,남,44세,상해없음,자전거,남,55세,경상
2018091000100116,2018년 9월 10일 08시,월요일,서울특별시 양천구 목동,경상사고,0,0,1,0,차대차 - 기타,안전운전불이행,포장 - 건조,맑음,단일로 - 기타,이륜,남,20세,상해없음,자전거,남,26세,경상
2018091000100323,2018년 9월 10일 13시,월요일,서울특별시 용산구 원효로2가,경상사고,0,0,1,0,차대차 - 측면충돌,안전운전불이행,포장 - 건조,맑음,단일로 - 기타,승합,남,44세,상해없음,자전거,남,25세,경상
2018091000100438,2018년 9월 10일 16시,월요일,서울특별시 영등포구 여의도동,경상사고,0,0,1,0,차대차 - 기타,안전운전불이행,포장 - 건조,맑음,단일로 - 기타,자전거,남,30세,경상,자전거,남,69세,상해없음
2018091000100635,2018년 9월 10일 20시,월요일,서울특별시 서대문구 북가좌동,경상사고,0,0,1,1,차대차 - 측면충돌,신호위반,포장 - 건조,맑음,교차로 - 교차로부근,이륜,남,16세,부상신고,자전거,남,10세,경상
2018091000100636,2018년 9월 10일 20시,월요일,서울특별시 마포구 동교동,경상사고,0,0,1,0,차대차 - 기타,기타,포장 - 건조,맑음,기타 - 기타,승용,남,61세,상해없음,자전거,여,29세,경상
2018091000100707,2018년 9월 10일 22시,월요일,서울특별시 성동구 송정동,중상사고,0,2,0,0,차대차 - 기타,안전운전불이행,포장 - 건조,맑음,단일로 - 기타,이륜,남,31세,중상,자전거,여,50세,중상
2018091100100209,2018년 9월 11일 11시,화요일,서울특별시 양천구 신정동,중상사고,0,1,0,0,차대차 - 기타,신호위반,포장 - 건조,맑음,교차로 - 교차로안,승합,남,51세,상해없음,자전거,남,85세,중상
2018091100100237,2018년 9월 11일 12시,화요일,서울특별시 동대문구 장안동,경상사고,0,0,1,0,차대차 - 기타,중앙선침범,포장 - 건조,맑음,교차로 - 교차로안,화물,남,52세,상해없음,자전거,남,64세,경상
2018091100100260,2018년 9월 11일 13시,화요일,서울특별시 강서구 화곡동,경상사고,0,0,1,0,차대차 - 측면충돌,신호위반,포장 - 건조,맑음,교차로 - 교차로부근,승용,남,70세,상해없음,자전거,남,16세,경상
2018091100100433,2018년 9월 11일 18시,화요일,서울특별시 서초구 서초동,중상사고,0,1,0,0,차대차 - 기타,기타,포장 - 건조,맑음,단일로 - 기타,승용,남,58세,상해없음,자전거,남,71세,중상
2018091100100464,2018년 9월 11일 19시,화요일,서울특별시 용산구 원효로1가,중상사고,0,1,0,0,차대차 - 기타,안전운전불이행,포장 - 건조,맑음,단일로 - 기타,승용,남,36세,상해없음,자전거,남,24세,중상
2018091200100079,2018년 9월 12일 07시,수요일,서울특별시 구로구 궁동,중상사고,0,1,0,0,차대차 - 측면충돌,안전운전불이행,포장 - 건조,맑음,교차로 - 교차로횡단보도내,화물,남,59세,상해없음,자전거,남,16세,중상
2018091200100597,2018년 9월 12일 19시,수요일,서울특별시 은평구 녹번동,경상사고,0,0,1,0,차대차 - 측면충돌,안전운전불이행,포장 - 건조,맑음,교차로 - 교차로안,기타불명,기타불명,미분류,기타불명,자전거,남,12세,경상
2018091200100648,2018년 9월 12일 20시,수요일,서울특별시 강남구 대치동,경상사고,0,0,1,0,차대차 - 기타,안전운전불이행,포장 - 건조,맑음,단일로 - 기타,승용,남,42세,상해없음,자전거,남,16세,경상
2018091200100679,2018년 9월 12일 21시,수요일,서울특별시 노원구 상계동,경상사고,0,0,1,0,차대차 - 기타,안전운전불이행,포장 - 건조,기타,기타 - 기타,승용,남,49세,상해없음,자전거,남,39세,경상
2018091200100705,2018년 9월 12일 22시,수요일,서울특별시 성북구 동소문동5가,경상사고,0,0,1,0,차대차 - 측면충돌,교차로운행방법위반,포장 - 건조,맑음,단일로 - 기타,승용,남,39세,상해없음,자전거,남,43세,경상
2018091300100109,2018년 9월 13일 08시,목요일,서울특별시 양천구 신월동,경상사고,0,0,1,0,차대차 - 기타,안전운전불이행,포장 - 건조,흐림,단일로 - 기타,승용,남,58세,상해없음,자전거,남,13세,경상
2018091300100152,2018년 9월 13일 09시,목요일,서울특별시 서초구 서초동,중상사고,0,1,0,0,차대차 - 측면충돌,안전운전불이행,포장 - 건조,맑음,교차로 - 교차로횡단보도내,건설기계,남,37세,상해없음,자전거,남,33세,중상
2018091300100302,2018년 9월 13일 14시,목요일,서울특별시 마포구 연남동,중상사고,0,1,0,0,차대차 - 측면충돌,안전운전불이행,포장 - 건조,맑음,단일로 - 기타,승용,남,29세,상해없음,자전거,여,73세,중상
2018091300100427,2018년 9월 13일 17시,목요일,서울특별시 구로구 구로동,경상사고,0,0,1,0,차대차 - 기타,기타,포장 - 건조,맑음,단일로 - 기타,승용,남,65세,상해없음,자전거,여,48세,경상
2018091300100648,2018년 9월 13일 22시,목요일,서울특별시 영등포구 여의도동,경상사고,0,0,1,0,차대차 - 측면충돌,신호위반,포장 - 건조,맑음,교차로 - 교차로안,승용,남,75세,상해없음,자전거,남,14세,경상
2018091400100180,2018년 9월 14일 09시,금요일,서울특별시 송파구 풍납동,경상사고,0,0,1,0,차대차 - 정면충돌,안전운전불이행,포장 - 건조,맑음,단일로 - 기타,승용,남,65세,상해없음,자전거,남,73세,경상
2018091400100647,2018년 9월 14일 21시,금요일,서울특별시 강동구 강일동,부상신고사고,0,0,0,1,차대차 - 기타,안전운전불이행,포장 - 건조,맑음,기타 - 기타,기타불명,기타불명,미분류,기타불명,자전거,여,49세,부상신고
2018091500100229,2018년 9월 15일 11시,토요일,서울특별시 성북구 장위동,중상사고,0,1,0,0,차대차 - 기타,안전운전불이행,포장 - 건조,맑음,단일로 - 기타,승합,남,60세,상해없음,자전거,남,40세,중상
2018091500100408,2018년 9월 15일 16시,토요일,서울특별시 강동구 천호동,경상사고,0,0,1,0,차대차 - 측면충돌,신호위반,포장 - 건조,맑음,기타 - 기타,화물,남,67세,상해없음,자전거,남,35세,경상
2018091500100451,2018년 9월 15일 17시,토요일,서울특별시 구로구 구로동,부상신고사고,0,0,0,1,차대차 - 추돌,안전운전불이행,포장 - 건조,맑음,기타 - 기타,승용,남,52세,상해없음,자전거,여,28세,부상신고
2018091500100519,2018년 9월 15일 19시,토요일,서울특별시 강서구 화곡동,경상사고,0,0,1,0,차대차 - 측면충돌,안전운전불이행,포장 - 건조,맑음,교차로 - 교차로안,승용,여,53세,상해없음,자전거,남,36세,경상