사고번호,사고일시,요일,시군구,사고내용,사망자수,중상자수,경상자수,부상신고자수,사고유형,법규위반,노면상태,기상상태,도로형태,가해운전자 차종,가해운전자 성별,가해운전자 연령,가해운전자 상해정도,피해운전자 차종,피해운전자 성별,피해운전자 연령,피해운전자 상해정도
2018091500100585,2018년 9월 15일 21시,토요일,서울특별시 동작구 신대방동,경상사고,0,0,1,0,차대차 - 측면충돌,기타,포장 - 건조,맑음,단일로 - 기타,승용,남,56세,상해없음,자전거,남,56세,경상
2018091500100638,2018년 9월 15일 23시,토요일,서울특별시 중랑구 중화동,경상사고,0,0,1,0,차대차 - 기타,안전운전불이행,포장 - 건조,맑음,기타 - 기타,승용,남,30세,상해없음,자전거,여,17세,기타불명
2018091600100179,2018년 9월 16일 11시,일요일,서울특별시 영등포구 양화동,중상사고,0,1,0,0,차대차 - 측면충돌,안전운전불이행,포장 - 건조,흐림,단일로 - 기타,자전거,남,45세,기타불명,자전거,여,52세,중상
2018091600100180,2018년 9월 16일 11시,일요일,서울특별시 성동구 성수동1가,경상사고,0,0,1,0,차대차 - 기타,안전운전불이행,포장 - 건조,흐림,단일로 - 기타,승용,남,44세,상해없음,자전거,여,47세,경상
2018091600100183,2018년 9월 16일 11시,일요일,서울특별시 강서구 개화동,부상신고사고,0,0,0,1,차대차 - 추돌,안전운전불이행,포장 - 건조,흐림,단일로 - 기타,자전거,남,40세,부상신고,자전거,남,45세,상해없음
2018091600100201,2018년 9월 16일 12시,일요일,서울특별시 성동구 행당동,경상사고,0,0,1,0,차대차 - 기타,안전운전불이행,포장 - 건조,맑음,기타 - 기타,기타불명,기타불명,미분류,기타불명,자전거,여,72세,경상
2018091600100290,2018년 9월 16일 15시,일요일,서울특별시 관악구 신림동,경상사고,0,0,1,0,차대차 - 정면충돌,안전운전불이행,포장 - 젖음/습기,비,기타 - 기타,자전거,남,56세,상해없음,자전거,여,52세,경상
2018091700100068,2018년 9월 17일 07시,월요일,서울특별시 강동구 명일동,경상사고,0,0,1,0,차대차 - 기타,안전운전불이행,포장 - 건조,맑음,기타 - 기타,승용,남,46세,상해없음,자전거,여,16세,경상
2018091700100101,2018년 9월 17일 08시,월요일,서울특별시 성북구 석관동,경상사고,0,0,1,0,차대차 - 측면충돌,중앙선침범,포장 - 건조,흐림,단일로 - 기타,자전거,여,58세,상해없음,자전거,남,53세,경상
2018091700100210,2018년 9월 17일 11시,월요일,서울특별시 동대문구 답십리동,중상사고,0,1,0,0,차대차 - 추돌,안전운전불이행,포장 - 건조,맑음,단일로 - 기타,승용,남,79세,상해없음,자전거,남,80세,중상
2018091700100337,2018년 9월 17일 15시,월요일,서울특별시 노원구 월계동,경상사고,0,0,1,0,차대차 - 측면충돌,안전운전불이행,포장 - 건조,맑음,단일로 - 기타,승용,여,44세,상해없음,자전거,남,16세,경상
2018091700100421,2018년 9월 17일 17시,월요일,서울특별시 동대문구 제기동,경상사고,0,0,1,0,차대차 - 측면충돌,신호위반,포장 - 건조,맑음,교차로 - 교차로안,이륜,남,52세,상해없음,자전거,여,28세,경상
2018091800100334,2018년 9월 18일 14시,화요일,서울특별시 강동구 길동,경상사고,0,0,1,0,차대차 - 기타,안전운전불이행,포장 - 건조,맑음,교차로 - 교차로안,승용,남,67세,상해없음,자전거,남,68세,경상
2018091800100420,2018년 9월 18일 16시,화요일,서울특별시 구로구 구로동,경상사고,0,0,2,0,차대차 - 정면충돌,신호위반,포장 - 건조,맑음,교차로 - 교차로부근,이륜,남,22세,경상,자전거,남,12세,경상
2018091900100040,2018년 9월 19일 04시,수요일,서울특별시 성동구 하왕십리동,중상사고,0,1,0,0,차대차 - 정면충돌,안전운전불이행,포장 - 건조,맑음,기타 - 기타,자전거,남,29세,상해없음,자전거,남,57세,중상
2018091900100109,2018년 9월 19일 08시,수요일,서울특별시 영등포구 양평동2가,경상사고,0,0,1,0,차대차 - 기타,안전운전불이행,포장 - 건조,맑음,교차로 - 교차로안,기타불명,기타불명,미분류,기타불명,자전거,여,47세,경상
2018091900100154,2018년 9월 19일 09시,수요일,서울특별시 동대문구 장안동,경상사고,0,0,1,0,차대차 - 기타,안전운전불이행,포장 - 건조,맑음,교차로 - 교차로안,승용,남,40세,상해없음,자전거,남,83세,경상
2018091900100156,2018년 9월 19일 09시,수요일,서울특별시 강동구 천호동,경상사고,0,0,1,0,차대차 - 기타,기타,포장 - 건조,맑음,교차로 - 교차로부근,승용,남,64세,상해없음,자전거,남,38세,경상
2018091900100249,2018년 9월 19일 12시,수요일,서울특별시 서초구 잠원동,부상신고사고,0,0,0,1,차대차 - 기타,안전운전불이행,포장 - 건조,맑음,기타 - 기타,기타불명,기타불명,미분류,기타불명,자전거,남,15세,부상신고
2018091900100456,2018년 9월 19일 18시,수요일,서울특별시 광진구 구의동,경상사고,0,0,1,0,차대차 - 추돌,안전운전불이행,포장 - 건조,맑음,단일로 - 기타,화물,남,53세,상해없음,자전거,여,67세,경상
2018091900100466,2018년 9월 19일 18시,수요일,서울특별시 은평구 대조동,경상사고,0,0,1,0,차대차 - 측면충돌,안전운전불이행,포장 - 기타,비,교차로 - 교차로안,승합,남,28세,상해없음,자전거,남,72세,경상
2018091900100643,2018년 9월 19일 22시,수요일,서울특별시 성동구 성수동2가,경상사고,0,0,1,0,차대차 - 기타,안전운전불이행,포장 - 건조,맑음,교차로 - 교차로부근,화물,남,41세,상해없음,자전거,남,54세,경상
2018092000100173,2018년 9월 20일 09시,목요일,서울특별시 영등포구 영등포동5가,경상사고,0,0,1,0,차대차 - 측면충돌,신호위반,포장 - 젖음/습기,비,단일로 - 기타,화물,남,31세,상해없음,자전거,남,62세,경상
2018092000100413,2018년 9월 20일 16시,목요일,서울특별시 관악구 신림동,중상사고,0,1,0,0,차대차 - 측면충돌,안전운전불이행,포장 - 젖음/습기,비,교차로 - 교차로안,화물,남,21세,상해없음,자전거,남,68세,중상
2018092100100113,2018년 9월 21일 07시,금요일,서울특별시 마포구 망원동,경상사고,0,0,1,0,차대차 - 기타,안전운전불이행,포장 - 젖음/습기,비,교차로 - 교차로안,승용,남,44세,상해없음,자전거,남,54세,경상
2018092100100723,2018년 9월 21일 20시,금요일,서울특별시 은평구 불광동,중상사고,0,1,0,0,차대차 - 기타,안전운전불이행,포장 - 건조,맑음,교차로 - 교차로안,승용,남,45세,상해없음,자전거,남,29세,중상
2018092200100181,2018년 9월 22일 10시,토요일,서울특별시 송파구 풍납동,경상사고,0,0,2,0,차대차 - 기타,안전운전불이행,포장 - 건조,맑음,기타 - 기타,자전거,남,51세,상해없음,자전거,여,39세,경상
2018092200100477,2018년 9월 22일 17시,토요일,서울특별시 영등포구 여의도동,부상신고사고,0,0,0,1,차대차 - 추돌,안전운전불이행,포장 - 건조,맑음,단일로 - 기타,자전거,여,25세,상해없음,자전거,남,7세,부상신고
2018092200100531,2018년 9월 22일 18시,토요일,서울특별시 영등포구 양평동2가,경상사고,0,0,1,0,차대차 - 추돌,안전운전불이행,포장 - 건조,맑음,단일로 - 기타,자전거,남,37세,상해없음,자전거,남,11세,경상
2018092200100533,2018년 9월 22일 18시,토요일,서울특별시 강동구 천호동,중상사고,0,1,0,0,차대차 - 기타,기타,포장 - 건조,맑음,단일로 - 기타,화물,남,54세,상해없음,자전거,남,71세,중상
2018092200100631,2018년 9월 22일 20시,토요일,서울특별시 마포구 동교동,경상사고,0,0,1,0,차대차 - 측면충돌,기타,포장 - 건조,맑음,단일로 - 기타,승용,남,62세,상해없음,자전거,남,35세,경상
2018092200100661,2018년 9월 22일 21시,토요일,서울특별시 관악구 봉천동,중상사고,0,1,0,0,차대차 - 측면충돌,교차로운행방법위반,포장 - 건조,맑음,교차로 - 교차로안,승용,남,41세,상해없음,자전거,남,46세,중상
2018092200100665,2018년 9월 22일 21시,토요일,서울특별시 노원구 상계동,경상사고,0,0,1,0,차대차 - 후진중충돌,안전운전불이행,포장 - 건조,맑음,단일로 - 기타,승용,남,45세,상해없음,자전거,남,59세,경상
2018092300100001,2018년 9월 23일 00시,일요일,서울특별시 송파구 방이동,경상사고,0,0,1,0,차대차 - 추돌,안전운전불이행,포장 - 건조,맑음,단일로 - 기타,자전거,남,39세,상해없음,자전거,여,55세,경상
2018092300100226,2018년 9월 23일 15시,일요일,서울특별시 은평구 신사동,중상사고,0,1,0,0,차대차 - 측면충돌,안전운전불이행,포장 - 건조,맑음,단일로 - 기타,승용,남,55세,상해없음,자전거,남,70세,중상
2018092400100217,2018년 9월 24일 15시,월요일,서울특별시 강동구 명일동,경상사고,0,0,1,0,차대차 - 기타,신호위반,포장 - 건조,맑음,단일로 - 기타,승용,남,51세,상해없음,자전거,여,55세,경상
2018092500100233,2018년 9월 25일 15시,화요일,서울특별시 구로구 구로동,경상사고,0,0,1,0,차대차 - 기타,안전운전불이행,포장 - 건조,맑음,단일로 - 기타,승용,여,58세,상해없음,자전거,남,54세,경상
2018092500100301,2018년 9월 25일 17시,화요일,서울특별시 구로구 신도림동,중상사고,0,1,0,0,차대차 - 추돌,안전운전불이행,포장 - 건조,맑음,단일로 - 기타,자전거,남,58세,상해없음,자전거,남,46세,중상
2018092500100433,2018년 9월 25일 21시,화요일,서울특별시 서대문구 북가좌동,부상신고사고,0,0,0,2,차대차 - 기타,안전운전불이행,포장 - 건조,맑음,단일로 - 기타,자전거,남,16세,부상신고,자전거,남,16세,부상신고
2018092600100058,2018년 9월 26일 05시,수요일,서울특별시 동작구 신대방동,부상신고사고,0,0,0,1,차대차 - 기타,안전운전불이행,포장 - 건조,맑음,기타 - 기타,자전거,남,23세,상해없음,자전거,남,65세,부상신고
2018092600100111,2018년 9월 26일 11시,수요일,서울특별시 강서구 방화동,중상사고,0,1,0,0,차대차 - 기타,신호위반,포장 - 건조,맑음,단일로 - 기타,승용,남,50세,상해없음,자전거,여,51세,중상
2018092600100144,2018년 9월 26일 12시,수요일,서울특별시 구로구 구로동,경상사고,0,0,1,0,차대차 - 기타,기타,포장 - 건조,맑음,교차로 - 교차로안,승용,여,53세,상해없음,자전거,남,6세,경상
2018092600100204,2018년 9월 26일 14시,수요일,서울특별시 성동구 송정동,중상사고,0,1,0,0,차대차 - 기타,안전운전불이행,포장 - 건조,맑음,기타 - 기타,기타불명,기타불명,미분류,기타불명,자전거,남,46세,중상
2018092600100227,2018년 9월 26일 15시,수요일,서울특별시 강남구 압구정동,중상사고,0,1,1,0,차대차 - 측면충돌,안전운전불이행,포장 - 건조,맑음,단일로 - 기타,자전거,남,45세,경상,자전거,여,69세,중상
2018092600100229,2018년 9월 26일 15시,수요일,서울특별시 강서구 염창동,중상사고,0,1,0,0,차대차 - 추돌,안전운전불이행,포장 - 건조,맑음,단일로 - 기타,자전거,여,48세,상해없음,자전거,여,73세,중상
2018092700100047,2018년 9월 27일 07시,목요일,서울특별시 송파구 가락동,경상사고,0,0,1,0,차대차 - 측면충돌,안전운전불이행,포장 - 건조,맑음,교차로 - 교차로안,자전거,여,51세,상해없음,자전거,여,67세,경상
2018092700100296,2018년 9월 27일 14시,목요일,서울특별시 영등포구 대림동,경상사고,0,0,1,0,차대차 - 측면충돌,안전운전불이행,포장 - 건조,맑음,단일로 - 기타,승용,여,63세,상해없음,자전거,남,77세,경상
2018092700100341,2018년 9월 27일 15시,목요일,서울특별시 은평구 녹번동,중상사고,0,1,0,0,차대차 - 측면충돌,안전운전불이행,포장 - 건조,맑음,교차로 - 교차로안,승용,남,65세,상해없음,자전거,여,30세,중상
2018092700100387,2018년 9월 27일 16시,목요일,서울특별시 송파구 신천동,중상사고,0,1,0,0,차대차 - 측면충돌,신호위반,포장 - 건조,맑음,단일로 - 기타,승용,남,42세,기타불명,자전거,남,60세,중상
2018092700100393,2018년 9월 27일 16시,목요일,서울특별시 도봉구 창동,경상사고,0,0,1,0,차대차 - 추돌,안전거리미확보,포장 - 기타,맑음,단일로 - 기타,자전거,남,58세,상해없음,자전거,남,73세,경상
2018092700100483,2018년 9월 27일 18시,목요일,서울특별시 송파구 잠실동,중상사고,0,1,0,0,차대차 - 기타,안전운전불이행,포장 - 건조,맑음,기타 - 기타,자전거,여,21세,상해없음,자전거,남,44세,중상
2018092700100484,2018년 9월 27일 18시,목요일,서울특별시 송파구 오금동,경상사고,0,0,1,0,차대차 - 기타,기타,포장 - 건조,맑음,기타 - 기타,승용,남,42세,상해없음,자전거,남,17세,경상
2018092700100526,2018년 9월 27일 19시,목요일,서울특별시 동대문구 전농동,경상사고,0,0,1,0,차대차 - 기타,안전거리미확보,포장 - 건조,맑음,단일로 - 기타,승합,남,56세,상해없음,자전거,남,59세,경상
2018092700100533,2018년 9월 27일 19시,목요일,서울특별시 양천구 신정동,경상사고,0,0,1,0,차대차 - 기타,안전운전불이행,포장 - 건조,맑음,교차로 - 교차로안,자전거,남,59세,경상,자전거,남,14세,상해없음
2018092700100576,2018년 9월 27일 20시,목요일,서울특별시 영등포구 여의도동,경상사고,0,0,1,0,차대차 - 정면충돌,안전운전불이행,포장 - 건조,맑음,단일로 - 기타,개인형이동수단(PM),남,48세,상해없음,자전거,여,50세,경상
2018092700100649,2018년 9월 27일 23시,목요일,서울특별시 강남구 일원동,중상사고,0,1,0,0,차대차 - 측면충돌,안전운전불이행,포장 - 건조,맑음,단일로 - 기타,승용,여,28세,상해없음,자전거,남,27세,중상
2018092900100115,2018년 9월 29일 07시,토요일,서울특별시 강서구 내발산동,경상사고,0,0,1,0,차대차 - 기타,안전운전불이행,포장 - 건조,맑음,교차로 - 교차로횡단보도내,승용,남,64세,상해없음,자전거,남,16세,경상
2018092900100216,2018년 9월 29일 11시,토요일,서울특별시 동대문구 장안동,중상사고,0,1,0,0,차대차 - 기타,안전운전불이행,포장 - 건조,맑음,단일로 - 기타,승용,남,47세,상해없음,자전거,남,23세,중상
2018092900100221,2018년 9월 29일 11시,토요일,서울특별시 도봉구 창동,경상사고,0,0,1,0,차대차 - 기타,안전운전불이행,포장 - 건조,맑음,단일로 - 기타,기타불명,기타불명,미분류,기타불명,자전거,남,65세,경상
2018092900100249,2018년 9월 29일 12시,토요일,서울특별시 관악구 신림동,경상사고,0,0,1,0,차대차 - 후진중충돌,안전운전불이행,포장 - 건조,맑음,단일로 - 기타,승용,남,33세,상해없음,자전거,남,65세,경상
2018092900100329,2018년 9월 29일 14시,토요일,서울특별시 강남구 대치동,중상사고,0,1,0,0,차대차 - 기타,안전운전불이행,포장 - 건조,맑음,단일로 - 기타,자전거,남,48세,상해없음,자전거,남,53세,중상
2018092900100454,2018년 9월 29일 18시,토요일,서울특별시 성동구 금호동4가,중상사고,0,1,0,0,차대차 - 기타,안전운전불이행,포장 - 건조,맑음,기타 - 기타,자전거,남,15세,상해없음,자전거,여,41세,중상
2018092900100605,2018년 9월 29일 23시,토요일,서울특별시 양천구 신정동,중상사고,0,1,0,0,차대차 - 추돌,안전운전불이행,포장 - 건조,맑음,교차로 - 교차로부근,승용,남,22세,상해없음,자전거,남,72세,중상
2018093000100001,2018년 9월 30일 00시,일요일,서울특별시 마포구 아현동,경상사고,0,0,1,0,차대차 - 측면충돌,기타,포장 - 건조,맑음,단일로 - 기타,기타불명,기타불명,미분류,기타불명,자전거,남,41세,경상
2018093000100057,2018년 9월 30일 05시,일요일,서울특별시 구로구 구로동,경상사고,0,0,1,0,차대차 - 기타,안전운전불이행,포장 - 건조,맑음,교차로 - 교차로안,승용,남,25세,상해없음,자전거,남,20세,경상
2018093000100105,2018년 9월 30일 09시,일요일,서울특별시 영등포구 영등포동8가,중상사고,0,1,0,0,차대차 - 측면충돌,안전거리미확보,포장 - 건조,맑음,단일로 - 기타,승합,남,72세,상해없음,자전거,남,74세,중상
2018093000100169,2018년 9월 30일 12시,일요일,서울특별시 강남구 압구정동,사망사고,1,0,0,0,차대차 - 측면충돌,안전운전불이행,포장 - 건조,맑음,단일로 - 기타,승합,남,64세,상해없음,자전거,남,11세,사망
2018093000100410,2018년 9월 30일 19시,일요일,서울특별시 구로구 구로동,부상신고사고,0,0,0,1,차대차 - 기타,신호위반,포장 - 건조,맑음,단일로 - 기타,승용,남,63세,상해없음,자전거,남,11세,부상신고
2018093000100442,2018년 9월 30일 20시,일요일,서울특별시 영등포구 당산동6가,경상사고,0,0,1,0,차대차 - 기타,안전운전불이행,포장 - 건조,맑음,교차로 - 교차로안,승용,남,53세,상해없음,자전거,남,49세,경상
2018100100100048,2018년 10월 1일 06시,월요일,서울특별시 동대문구 휘경동,중상사고,0,1,0,0,차대차 - 측면충돌,안전운전불이행,포장 - 건조,맑음,교차로 - 교차로안,승용,남,71세,상해없음,자전거,남,72세,중상
2018100100100226,2018년 10월 1일 12시,월요일,서울특별시 강동구 둔촌동,경상사고,0,0,1,0,차대차 - 기타,안전운전불이행,포장 - 건조,맑음,교차로 - 교차로안,승용,남,57세,상해없음,자전거,남,18세,경상
2018100100100298,2018년 10월 1일 14시,월요일,서울특별시 은평구 응암동,중상사고,0,1,0,0,차대차 - 측면충돌,안전운전불이행,포장 - 건조,맑음,교차로 - 교차로부근,승합,남,60세,상해없음,자전거,남,77세,중상
2018100100100300,2018년 10월 1일 14시,월요일,서울특별시 동대문구 용두동,경상사고,0,0,1,0,차대차 - 기타,안전운전불이행,포장 - 건조,맑음,단일로 - 기타,승용,남,70세,상해없음,자전거,여,52세,경상
2018100100100374,2018년 10월 1일 16시,월요일,서울특별시 송파구 신천동,부상신고사고,0,0,0,1,차대차 - 기타,안전운전불이행,포장 - 건조,맑음,단일로 - 기타,자전거,여,58세,부상신고,자전거,여,21세,상해없음
2018100100100569,2018년 10월 1일 21시,월요일,서울특별시 도봉구 창동,경상사고,0,0,1,0,차대차 - 기타,불법유턴,포장 - 건조,맑음,단일로 - 기타,승용,남,24세,상해없음,자전거,여,51세,경상
2018100200100217,2018년 10월 2일 11시,화요일,서울특별시 송파구 잠실동,중상사고,0,1,0,0,차대차 - 측면충돌,신호위반,포장 - 건조,맑음,교차로 - 교차로횡단보도내,승용,여,51세,상해없음,자전거,여,44세,중상
2018100200100251,2018년 10월 2일 12시,화요일,서울특별시 마포구 망원동,중상사고,0,1,0,0,차대차 - 측면충돌,신호위반,포장 - 건조,맑음,교차로 - 교차로횡단보도내,승용,남,51세,상해없음,자전거,여,62세,중상
2018100200100319,2018년 10월 2일 14시,화요일,서울특별시 강북구 미아동,중상사고,0,1,0,0,차대차 - 기타,안전운전불이행,포장 - 건조,맑음,교차로 - 교차로횡단보도내,승용,남,34세,상해없음,자전거,남,70세,중상
2018100200100321,2018년 10월 2일 14시,화요일,서울특별시 성북구 석관동,경상사고,0,0,1,0,차대차 - 측면충돌,기타,포장 - 건조,맑음,기타 - 기타,승용,남,45세,상해없음,자전거,남,12세,경상
2018100200100389,2018년 10월 2일 16시,화요일,서울특별시 송파구 가락동,경상사고,0,0,1,0,차대차 - 측면충돌,안전운전불이행,포장 - 건조,맑음,교차로 - 교차로횡단보도내,승용,여,53세,상해없음,자전거,여,29세,경상
2018100200100390,2018년 10월 2일 16시,화요일,서울특별시 송파구 방이동,경상사고,0,0,1,0,차대차 - 기타,안전운전불이행,포장 - 건조,맑음,교차로 - 교차로부근,승용,남,58세,기타불명,자전거,남,9세,경상
2018100200100464,2018년 10월 2일 18시,화요일,서울특별시 동대문구 용두동,경상사고,0,0,1,0,차대차 - 정면충돌,안전운전불이행,포장 - 건조,맑음,기타 - 기타,자전거,여,25세,상해없음,자전거,남,54세,경상
2018100200100467,2018년 10월 2일 18시,화요일,서울특별시 송파구 방이동,중상사고,0,1,0,0,차대차 - 기타,안전운전불이행,포장 - 건조,맑음,기타 - 기타,승용,남,25세,상해없음,자전거,남,62세,중상
2018100200100640,2018년 10월 2일 22시,화요일,서울특별시 중랑구 면목동,중상사고,0,1,0,0,차대차 - 추돌,기타,포장 - 건조,맑음,단일로 - 기타,승용,여,36세,상해없음,자전거,여,62세,중상
2018100200100668,2018년 10월 2일 23시,화요일,서울특별시 송파구 잠실동,중상사고,0,1,0,0,차대차 - 측면충돌,안전운전불이행,포장 - 건조,맑음,단일로 - 교량,이륜,남,38세,상해없음,자전거,남,47세,중상
2018100300100104,2018년 10월 3일 06시,수요일,서울특별시 강남구 자곡동,중상사고,0,1,0,0,차대차 - 기타,안전운전불이행,포장 - 건조,맑음,단일로 - 기타,승용,남,60세,상해없음,자전거,남,64세,중상
2018100300100169,2018년 10월 3일 10시,수요일,서울특별시 강북구 번동,중상사고,0,1,0,0,차대차 - 측면충돌,안전운전불이행,포장 - 건조,흐림,교차로 - 교차로횡단보도내,화물,남,46세,상해없음,자전거,여,57세,중상
2018100300100171,2018년 10월 3일 10시,수요일,서울특별시 구로구 구로동,경상사고,0,0,1,0,차대차 - 기타,안전운전불이행,포장 - 건조,맑음,단일로 - 기타,자전거,남,63세,경상,자전거,여,62세,상해없음
2018100300100244,2018년 10월 3일 13시,수요일,서울특별시 중구 남창동,경상사고,0,0,1,0,차대차 - 후진중충돌,안전운전불이행,포장 - 건조,맑음,단일로 - 기타,승용,여,59세,상해없음,자전거,남,58세,경상
2018100300100289,2018년 10월 3일 14시,수요일,서울특별시 광진구 자양동,경상사고,0,0,1,0,차대차 - 기타,안전운전불이행,포장 - 건조,맑음,교차로 - 교차로안,기타불명,기타불명,미분류,기타불명,자전거,남,11세,경상
2018100300100323,2018년 10월 3일 15시,수요일,서울특별시 동대문구 장안동,부상신고사고,0,0,0,1,차대차 - 기타,안전거리미확보,포장 - 건조,맑음,교차로 - 교차로안,승용,여,40세,상해없음,자전거,남,11세,부상신고
2018100300100357,2018년 10월 3일 16시,수요일,서울특별시 강동구 천호동,부상신고사고,0,0,0,1,차대차 - 추돌,안전운전불이행,포장 - 건조,맑음,기타 - 기타,자전거,여,55세,부상신고,자전거,남,41세,상해없음
2018100300100393,2018년 10월 3일 17시,수요일,서울특별시 양천구 신정동,경상사고,0,0,1,0,차대차 - 기타,안전운전불이행,포장 - 건조,맑음,교차로 - 교차로부근,승용,남,60세,상해없음,자전거,남,64세,경상
2018100400100001,2018년 10월 4일 00시,목요일,서울특별시 성동구 성수동2가,중상사고,0,1,0,0,차대차 - 측면충돌,안전운전불이행,포장 - 건조,맑음,교차로 - 교차로안,승용,남,61세,상해없음,자전거,남,61세,중상
2018100400100098,2018년 10월 4일 08시,목요일,서울특별시 강서구 등촌동,부상신고사고,0,0,0,1,차대차 - 기타,안전운전불이행,포장 - 건조,맑음,단일로 - 기타,기타불명,기타불명,미분류,기타불명,자전거,남,13세,부상신고
2018100400100196,2018년 10월 4일 10시,목요일,서울특별시 은평구 응암동,경상사고,0,0,1,0,차대차 - 기타,안전운전불이행,포장 - 건조,맑음,교차로 - 교차로안,승용,남,65세,상해없음,자전거,남,18세,경상
2018100400100201,2018년 10월 4일 10시,목요일,서울특별시 노원구 상계동,중상사고,0,1,0,0,차대차 - 기타,안전운전불이행,포장 - 건조,맑음,교차로 - 교차로부근,승용,여,36세,상해없음,자전거,여,55세,중상
2018100400100495,2018년 10월 4일 18시,목요일,서울특별시 도봉구 도봉동,부상신고사고,0,0,0,1,차대차 - 기타,안전운전불이행,포장 - 기타,맑음,단일로 - 기타,자전거,남,65세,상해없음,자전거,남,64세,부상신고
2018100400100550,2018년 10월 4일 19시,목요일,서울특별시 강서구 화곡동,경상사고,0,0,1,0,차대차 - 측면충돌,신호위반,포장 - 건조,맑음,단일로 - 기타,이륜,남,24세,상해없음,자전거,남,56세,경상
2018100400100602,2018년 10월 4일 20시,목요일,서울특별시 송파구 석촌동,경상사고,0,0,1,0,차대차 - 기타,안전운전불이행,포장 - 건조,맑음,단일로 - 기타,승용,남,57세,상해없음,자전거,여,51세,경상
2018100500100051,2018년 10월 5일 04시,금요일,서울특별시 영등포구 도림동,중상사고,0,1,0,0,차대차 - 기타,신호위반,포장 - 건조,맑음,교차로 - 교차로부근,승용,여,35세,상해없음,자전거,여,18세,중상
2018100500100072,2018년 10월 5일 06시,금요일,서울특별시 관악구 봉천동,경상사고,0,0,1,0,차대차 - 측면충돌,중앙선침범,포장 - 젖음/습기,비,교차로 - 교차로안,승용,남,59세,상해없음,자전거,여,46세,경상
2018100600100534,2018년 10월 6일 19시,토요일,서울특별시 노원구 중계동,경상사고,0,0,1,0,차대차 - 기타,안전운전불이행,포장 - 건조,맑음,교차로 - 교차로횡단보도내,승용,여,52세,상해없음,자전거,남,13세,경상
2018100700100089,2018년 10월 7일 06시,일요일,서울특별시 강서구 방화동,중상사고,0,1,0,0,차대차 - 기타,안전운전불이행,포장 - 건조,맑음,교차로 - 교차로부근,승용,남,63세,상해없음,자전거,남,80세,중상
2018100700100157,2018년 10월 7일 10시,일요일,서울특별시 중구 황학동,부상신고사고,0,0,0,1,차대차 - 측면충돌,안전운전불이행,포장 - 건조,맑음,교차로 - 교차로횡단보도내,승합,남,49세,상해없음,자전거,남,47세,부상신고
2018100700100335,2018년 10월 7일 16시,일요일,서울특별시 마포구 서교동,경상사고,0,0,1,0,차대차 - 기타,기타,포장 - 건조,맑음,교차로 - 교차로부근,승용,남,69세,상해없음,자전거,여,63세,경상
2018100700100375,2018년 10월 7일 17시,일요일,서울특별시 영등포구 양평동6가,경상사고,0,0,1,0,차대차 - 추돌,안전거리미확보,포장 - 건조,맑음,단일로 - 기타,자전거,남,33세,경상,자전거,남,45세,상해없음
2018100700100413,2018년 10월 7일 18시,일요일,서울특별시 도봉구 도봉동,부상신고사고,0,0,0,1,차대차 - 기타,안전운전불이행,포장 - 건조,맑음,교차로 - 교차로안,자전거,여,51세,상해없음,자전거,남,59세,부상신고
2018100700100458,2018년 10월 7일 19시,일요일,서울특별시 송파구 방이동,경상사고,0,0,1,0,차대차 - 측면충돌,안전운전불이행,포장 - 건조,맑음,교차로 - 교차로횡단보도내,승용,남,19세,상해없음,자전거,여,48세,경상
2018100700100525,2018년 10월 7일 21시,일요일,서울특별시 도봉구 도봉동,부상신고사고,0,0,0,1,차대차 - 기타,중앙선침범,포장 - 건조,맑음,단일로 - 기타,자전거,남,59세,상해없음,자전거,여,24세,부상신고
2018100800100081,2018년 10월 8일 08시,월요일,서울특별시 양천구 신정동,경상사고,0,0,1,0,차대차 - 기타,교차로운행방법위반,포장 - 건조,맑음,교차로 - 교차로안,사륜오토바이(ATV),남,52세,상해없음,자전거,여,55세,경상
2018100800100210,2018년 10월 8일 11시,월요일,서울특별시 구로구 구로동,경상사고,0,0,1,0,차대차 - 기타,안전운전불이행,포장 - 건조,맑음,단일로 - 기타,승용,여,62세,상해없음,자전거,남,35세,경상
2018100800100239,2018년 10월 8일 12시,월요일,서울특별시 구로구 개봉동,중상사고,0,1,0,0,차대차 - 측면충돌,안전운전불이행,포장 - 건조,맑음,단일로 - 기타,승용,남,75세,상해없음,자전거,남,54세,중상
2018100800100348,2018년 10월 8일 15시,월요일,서울특별시 성동구 사근동,부상신고사고,0,0,0,1,차대차 - 기타,안전운전불이행,포장 - 건조,맑음,단일로 - 기타,자전거,남,60세,상해없음,자전거,남,55세,부상신고
2018100800100426,2018년 10월 8일 17시,월요일,서울특별시 동대문구 휘경동,경상사고,0,0,1,0,차대차 - 기타,안전운전불이행,포장 - 건조,맑음,단일로 - 기타,승용,여,39세,상해없음,자전거,남,15세,경상
2018100800100563,2018년 10월 8일 20시,월요일,서울특별시 노원구 월계동,경상사고,0,0,1,0,차대차 - 정면충돌,안전운전불이행,포장 - 건조,맑음,단일로 - 기타,승용,남,59세,상해없음,자전거,남,27세,경상
2018100800100596,2018년 10월 8일 21시,월요일,서울특별시 영등포구 신길동,중상사고,0,1,0,0,차대차 - 기타,안전운전불이행,포장 - 건조,맑음,교차로 - 교차로횡단보도내,승용,남,45세,상해없음,자전거,여,22세,중상