사고번호,사고일시,요일,시군구,사고내용,사망자수,중상자수,경상자수,부상신고자수,사고유형,법규위반,노면상태,기상상태,도로형태,가해운전자 차종,가해운전자 성별,가해운전자 연령,가해운전자 상해정도,피해운전자 차종,피해운전자 성별,피해운전자 연령,피해운전자 상해정도
2018110400100280,2018년 11월 4일 15시,일요일,서울특별시 영등포구 문래동4가,경상사고,0,0,1,0,차대차 - 추돌,안전운전불이행,포장 - 건조,맑음,단일로 - 기타,자전거,남,45세,상해없음,자전거,남,75세,경상
2018110400100384,2018년 11월 4일 18시,일요일,서울특별시 영등포구 도림동,경상사고,0,0,1,0,차대차 - 기타,안전운전불이행,포장 - 건조,맑음,교차로 - 교차로안,화물,남,55세,상해없음,자전거,남,71세,경상
2018110400100534,2018년 11월 4일 23시,일요일,서울특별시 송파구 방이동,경상사고,0,0,2,0,차대차 - 측면충돌,안전운전불이행,포장 - 건조,흐림,교차로 - 교차로횡단보도내,승용,남,58세,상해없음,자전거,남,30세,경상
2018110500100069,2018년 11월 5일 07시,월요일,서울특별시 관악구 봉천동,경상사고,0,0,1,0,차대차 - 측면충돌,신호위반,포장 - 건조,맑음,교차로 - 교차로횡단보도내,이륜,남,16세,상해없음,자전거,여,64세,경상
2018110500100296,2018년 11월 5일 13시,월요일,서울특별시 금천구 독산동,경상사고,0,0,1,0,차대차 - 측면충돌,안전운전불이행,포장 - 건조,맑음,단일로 - 기타,화물,남,38세,상해없음,자전거,남,85세,경상
2018110500100447,2018년 11월 5일 17시,월요일,서울특별시 은평구 수색동,경상사고,0,0,1,0,차대차 - 기타,안전운전불이행,포장 - 건조,맑음,단일로 - 기타,건설기계,남,55세,상해없음,자전거,남,80세,경상
2018110500100503,2018년 11월 5일 18시,월요일,서울특별시 서대문구 홍은동,중상사고,0,1,0,0,차대차 - 측면충돌,안전운전불이행,포장 - 건조,맑음,교차로 - 교차로안,승용,여,59세,상해없음,자전거,남,74세,중상
2018110500100648,2018년 11월 5일 22시,월요일,서울특별시 동대문구 전농동,경상사고,0,0,1,0,차대차 - 측면충돌,신호위반,포장 - 건조,맑음,교차로 - 교차로안,승용,남,54세,상해없음,자전거,여,29세,경상
2018110600100161,2018년 11월 6일 10시,화요일,서울특별시 용산구 청파동3가,중상사고,0,1,0,0,차대차 - 추돌,안전운전불이행,포장 - 건조,맑음,단일로 - 기타,승용,남,58세,상해없음,자전거,남,70세,중상
2018110600100167,2018년 11월 6일 10시,화요일,서울특별시 도봉구 방학동,부상신고사고,0,0,0,1,차대차 - 추돌,안전운전불이행,포장 - 기타,맑음,교차로 - 교차로부근,자전거,여,46세,상해없음,자전거,남,90세 이상,부상신고
2018110700100047,2018년 11월 7일 04시,수요일,서울특별시 서대문구 북가좌동,중상사고,0,1,0,0,차대차 - 기타,신호위반,포장 - 젖음/습기,비,단일로 - 기타,기타불명,기타불명,미분류,기타불명,자전거,남,35세,중상
2018110700100118,2018년 11월 7일 08시,수요일,서울특별시 양천구 신정동,중상사고,0,1,0,0,차대차 - 측면충돌,신호위반,포장 - 젖음/습기,비,단일로 - 기타,승용,남,55세,상해없음,자전거,여,50세,중상
2018110700100416,2018년 11월 7일 17시,수요일,서울특별시 노원구 하계동,중상사고,0,1,0,0,차대차 - 측면충돌,안전운전불이행,포장 - 건조,맑음,기타 - 기타,승용,남,81세,상해없음,자전거,여,30세,중상
2018110800100050,2018년 11월 8일 03시,목요일,서울특별시 양천구 신정동,중상사고,0,1,0,0,차대차 - 기타,안전운전불이행,포장 - 젖음/습기,비,교차로 - 교차로안,승용,여,37세,상해없음,자전거,여,54세,중상
2018110800100092,2018년 11월 8일 06시,목요일,서울특별시 노원구 상계동,경상사고,0,0,1,0,차대차 - 기타,중앙선침범,포장 - 젖음/습기,비,교차로 - 교차로횡단보도내,승용,남,59세,상해없음,자전거,여,58세,경상
2018110900100128,2018년 11월 9일 08시,금요일,서울특별시 강서구 마곡동,중상사고,0,1,0,0,차대차 - 측면충돌,안전운전불이행,포장 - 젖음/습기,비,단일로 - 기타,승용,남,72세,상해없음,자전거,남,44세,중상
2018110900100370,2018년 11월 9일 15시,금요일,서울특별시 송파구 문정동,경상사고,0,0,1,0,차대차 - 측면충돌,안전운전불이행,포장 - 건조,맑음,교차로 - 교차로부근,기타불명,기타불명,미분류,기타불명,자전거,여,18세,경상
2018110900100574,2018년 11월 9일 19시,금요일,서울특별시 성북구 정릉동,중상사고,0,1,0,0,차대차 - 측면충돌,안전거리미확보,포장 - 건조,맑음,단일로 - 기타,승용,남,50세,상해없음,자전거,남,43세,중상
2018111000100180,2018년 11월 10일 10시,토요일,서울특별시 강북구 번동,경상사고,0,0,1,0,차대차 - 기타,안전운전불이행,포장 - 건조,흐림,교차로 - 교차로횡단보도내,기타불명,기타불명,미분류,기타불명,자전거,남,90세 이상,경상
2018111000100214,2018년 11월 10일 11시,토요일,서울특별시 구로구 구로동,경상사고,0,0,1,0,차대차 - 기타,안전운전불이행,포장 - 건조,맑음,단일로 - 기타,화물,남,35세,상해없음,자전거,여,68세,경상
2018111000100248,2018년 11월 10일 12시,토요일,서울특별시 구로구 구로동,경상사고,0,0,1,0,차대차 - 정면충돌,신호위반,포장 - 건조,흐림,단일로 - 기타,이륜,남,23세,상해없음,자전거,여,61세,경상
2018111100100060,2018년 11월 11일 05시,일요일,서울특별시 강서구 화곡동,경상사고,0,0,1,0,차대차 - 기타,신호위반,포장 - 건조,맑음,단일로 - 기타,승용,남,34세,상해없음,자전거,남,56세,경상
2018111200100361,2018년 11월 12일 16시,월요일,서울특별시 강동구 고덕동,경상사고,0,0,1,0,차대차 - 기타,안전운전불이행,포장 - 건조,맑음,단일로 - 기타,자전거,남,18세,기타불명,자전거,여,63세,경상
2018111300100310,2018년 11월 13일 14시,화요일,서울특별시 송파구 가락동,경상사고,0,0,1,0,차대차 - 기타,안전운전불이행,포장 - 건조,맑음,교차로 - 교차로부근,자전거,남,42세,상해없음,자전거,남,78세,경상
2018111400100034,2018년 11월 14일 04시,수요일,서울특별시 영등포구 대림동,경상사고,0,0,1,0,차대차 - 기타,신호위반,포장 - 건조,맑음,교차로 - 교차로안,승용,남,43세,상해없음,자전거,남,65세,경상
2018111400100086,2018년 11월 14일 08시,수요일,서울특별시 강남구 논현동,중상사고,0,1,0,0,차대차 - 기타,안전운전불이행,포장 - 건조,맑음,단일로 - 기타,승용,남,48세,상해없음,자전거,남,54세,중상
2018111400100253,2018년 11월 14일 12시,수요일,서울특별시 중구 충무로1가,경상사고,0,0,1,0,차대차 - 측면충돌,안전운전불이행,포장 - 건조,맑음,교차로 - 교차로부근,승용,남,60세,상해없음,자전거,여,25세,경상
2018111400100346,2018년 11월 14일 15시,수요일,서울특별시 광진구 자양동,경상사고,0,0,1,0,차대차 - 측면충돌,안전운전불이행,포장 - 건조,맑음,단일로 - 기타,기타불명,기타불명,미분류,기타불명,자전거,남,12세,경상
2018111400100351,2018년 11월 14일 15시,수요일,서울특별시 송파구 방이동,경상사고,0,0,1,0,차대차 - 측면충돌,안전운전불이행,포장 - 건조,맑음,단일로 - 기타,승용,여,64세,상해없음,자전거,여,67세,경상
2018111500100325,2018년 11월 15일 15시,목요일,서울특별시 강동구 천호동,중상사고,0,1,0,0,차대차 - 기타,교차로운행방법위반,포장 - 건조,맑음,교차로 - 교차로안,화물,남,34세,상해없음,자전거,남,66세,중상
2018111500100435,2018년 11월 15일 18시,목요일,서울특별시 서대문구 홍제동,경상사고,0,0,1,0,차대차 - 측면충돌,안전운전불이행,포장 - 건조,맑음,단일로 - 기타,승용,남,51세,상해없음,자전거,남,16세,경상
2018111600100006,2018년 11월 16일 00시,금요일,서울특별시 서초구 반포동,경상사고,0,0,1,0,차대차 - 측면충돌,안전거리미확보,포장 - 건조,맑음,교차로 - 교차로횡단보도내,기타불명,기타불명,미분류,기타불명,자전거,남,19세,상해없음
2018111600100269,2018년 11월 16일 13시,금요일,서울특별시 강남구 세곡동,경상사고,0,0,1,0,차대차 - 기타,안전운전불이행,포장 - 건조,맑음,단일로 - 기타,승용,여,39세,상해없음,자전거,남,70세,경상
2018111600100367,2018년 11월 16일 16시,금요일,서울특별시 노원구 상계동,중상사고,0,1,1,0,차대차 - 기타,안전운전불이행,포장 - 건조,맑음,단일로 - 기타,자전거,남,57세,중상,자전거,여,49세,경상
2018111700100178,2018년 11월 17일 10시,토요일,서울특별시 은평구 역촌동,부상신고사고,0,0,0,1,차대차 - 정면충돌,안전운전불이행,포장 - 건조,맑음,교차로 - 교차로안,승합,남,72세,상해없음,자전거,여,72세,부상신고
2018111700100219,2018년 11월 17일 11시,토요일,서울특별시 강동구 성내동,경상사고,0,0,1,0,차대차 - 기타,안전운전불이행,포장 - 건조,맑음,기타 - 기타,승용,남,65세,상해없음,자전거,남,49세,경상
2018111700100410,2018년 11월 17일 16시,토요일,서울특별시 강서구 방화동,중상사고,0,1,0,0,차대차 - 기타,안전운전불이행,포장 - 건조,맑음,단일로 - 기타,자전거,남,41세,상해없음,자전거,여,31세,중상
2018111700100487,2018년 11월 17일 18시,토요일,서울특별시 노원구 상계동,경상사고,0,0,1,0,차대차 - 기타,기타,포장 - 건조,흐림,기타 - 기타,승용,남,60세,상해없음,자전거,남,24세,경상
2018111800100032,2018년 11월 18일 03시,일요일,서울특별시 중랑구 면목동,중상사고,0,1,0,0,차대차 - 기타,안전운전불이행,포장 - 건조,맑음,단일로 - 기타,승용,남,54세,상해없음,자전거,남,51세,중상
2018111800100080,2018년 11월 18일 08시,일요일,서울특별시 양천구 신정동,경상사고,0,0,1,0,차대차 - 측면충돌,신호위반,포장 - 건조,맑음,단일로 - 기타,승용,여,45세,상해없음,자전거,여,62세,경상
2018111800100156,2018년 11월 18일 13시,일요일,서울특별시 동작구 상도동,중상사고,0,1,0,0,차대차 - 정면충돌,신호위반,포장 - 건조,맑음,단일로 - 기타,이륜,남,57세,상해없음,자전거,여,49세,중상
2018111800100229,2018년 11월 18일 16시,일요일,서울특별시 광진구 중곡동,중상사고,0,1,0,0,차대차 - 기타,기타,포장 - 건조,맑음,교차로 - 교차로횡단보도내,승용,남,67세,상해없음,자전거,남,62세,중상
2018111900100038,2018년 11월 19일 06시,월요일,서울특별시 동대문구 이문동,사망사고,1,0,0,0,차대차 - 기타,안전운전불이행,포장 - 건조,맑음,교차로 - 교차로안,화물,남,52세,상해없음,자전거,남,65세,사망
2018112000100012,2018년 11월 20일 01시,화요일,서울특별시 은평구 역촌동,중상사고,0,1,0,0,차대차 - 기타,신호위반,포장 - 건조,맑음,교차로 - 교차로횡단보도내,승용,남,80세,상해없음,자전거,남,48세,중상
2018112000100073,2018년 11월 20일 08시,화요일,서울특별시 성동구 성수동2가,경상사고,0,0,1,0,차대차 - 측면충돌,기타,포장 - 건조,맑음,단일로 - 기타,화물,남,51세,상해없음,자전거,남,42세,경상
2018112000100132,2018년 11월 20일 09시,화요일,서울특별시 중랑구 면목동,중상사고,0,1,0,0,차대차 - 기타,안전운전불이행,포장 - 건조,맑음,기타 - 기타,승용,여,46세,상해없음,자전거,여,67세,중상
2018112000100360,2018년 11월 20일 16시,화요일,서울특별시 중랑구 면목동,중상사고,0,1,0,0,차대차 - 기타,교차로운행방법위반,포장 - 건조,맑음,교차로 - 교차로부근,승용,여,48세,상해없음,자전거,남,69세,중상
2018112000100411,2018년 11월 20일 17시,화요일,서울특별시 송파구 신천동,중상사고,0,1,0,0,차대차 - 측면충돌,신호위반,포장 - 건조,맑음,교차로 - 교차로횡단보도내,승합,남,64세,상해없음,자전거,남,16세,중상
2018112100100257,2018년 11월 21일 13시,수요일,서울특별시 종로구 인의동,중상사고,0,1,0,0,차대차 - 기타,안전운전불이행,포장 - 건조,흐림,단일로 - 기타,이륜,남,30세,상해없음,자전거,남,76세,중상
2018112100100261,2018년 11월 21일 13시,수요일,서울특별시 관악구 봉천동,경상사고,0,0,1,0,차대차 - 측면충돌,안전운전불이행,포장 - 건조,맑음,교차로 - 교차로안,승용,남,23세,상해없음,자전거,여,33세,경상
2018112100100489,2018년 11월 21일 19시,수요일,서울특별시 성북구 길음동,경상사고,0,0,1,0,차대차 - 측면충돌,안전운전불이행,포장 - 건조,맑음,기타 - 기타,원동기,남,24세,상해없음,자전거,남,56세,경상
2018112200100048,2018년 11월 22일 06시,목요일,서울특별시 강동구 명일동,중상사고,0,1,0,0,차대차 - 기타,안전운전불이행,포장 - 건조,맑음,교차로 - 교차로횡단보도내,승용,여,29세,상해없음,자전거,남,48세,중상
2018112200100107,2018년 11월 22일 08시,목요일,서울특별시 강동구 고덕동,경상사고,0,0,1,0,차대차 - 측면충돌,안전운전불이행,포장 - 건조,맑음,교차로 - 교차로안,승용,여,38세,상해없음,자전거,남,14세,경상
2018112200100298,2018년 11월 22일 13시,목요일,서울특별시 서초구 잠원동,경상사고,0,0,1,0,차대차 - 기타,안전운전불이행,포장 - 건조,맑음,단일로 - 기타,승용,여,63세,상해없음,자전거,남,22세,경상
2018112300100579,2018년 11월 23일 19시,금요일,서울특별시 송파구 거여동,중상사고,0,1,0,0,차대차 - 측면충돌,안전운전불이행,포장 - 건조,맑음,교차로 - 교차로안,승용,남,55세,상해없음,자전거,남,16세,중상
2018112400100002,2018년 11월 24일 00시,토요일,서울특별시 금천구 가산동,중상사고,0,1,0,0,차대차 - 측면충돌,안전거리미확보,포장 - 건조,맑음,단일로 - 기타,승용,남,48세,상해없음,자전거,여,49세,중상
2018112500100417,2018년 11월 25일 22시,일요일,서울특별시 성동구 용답동,부상신고사고,0,0,0,1,차대차 - 측면충돌,안전운전불이행,포장 - 건조,맑음,단일로 - 기타,기타불명,기타불명,미분류,기타불명,자전거,남,50세,부상신고
2018112600100016,2018년 11월 26일 01시,월요일,서울특별시 영등포구 영등포동1가,중상사고,0,1,0,0,차대차 - 측면충돌,신호위반,포장 - 건조,맑음,교차로 - 교차로부근,승용,남,75세,상해없음,자전거,남,29세,중상
2018112600100044,2018년 11월 26일 05시,월요일,서울특별시 동작구 신대방동,부상신고사고,0,0,0,1,차대차 - 기타,교차로운행방법위반,포장 - 건조,맑음,교차로 - 교차로안,승합,남,40세,상해없음,자전거,남,69세,부상신고
2018112600100350,2018년 11월 26일 15시,월요일,서울특별시 마포구 망원동,중상사고,0,1,0,0,차대차 - 기타,직진우회전진행방해,포장 - 건조,맑음,교차로 - 교차로안,승용,여,48세,상해없음,자전거,여,51세,중상
2018112600100540,2018년 11월 26일 19시,월요일,서울특별시 동작구 상도동,부상신고사고,0,0,0,1,차대차 - 측면충돌,안전운전불이행,포장 - 건조,맑음,교차로 - 교차로횡단보도내,승용,남,48세,상해없음,자전거,남,68세,부상신고
2018112700100251,2018년 11월 27일 13시,화요일,서울특별시 노원구 상계동,경상사고,0,0,1,0,차대차 - 측면충돌,신호위반,포장 - 건조,맑음,교차로 - 교차로안,승용,여,63세,상해없음,자전거,남,23세,경상
2018112700100283,2018년 11월 27일 14시,화요일,서울특별시 양천구,경상사고,0,0,1,0,차대차 - 기타,안전운전불이행,포장 - 건조,맑음,교차로 - 교차로부근,승용,여,31세,상해없음,자전거,남,63세,경상
2018112700100482,2018년 11월 27일 19시,화요일,서울특별시 중랑구 상봉동,경상사고,0,0,1,0,차대차 - 기타,기타,포장 - 건조,맑음,단일로 - 기타,승용,남,60세,상해없음,자전거,여,41세,경상
2018112900100126,2018년 11월 29일 09시,목요일,서울특별시 동작구 대방동,중상사고,0,1,0,0,차대차 - 기타,안전운전불이행,포장 - 건조,맑음,단일로 - 터널,승용,여,45세,상해없음,자전거,남,63세,중상
2018112900100397,2018년 11월 29일 18시,목요일,서울특별시 금천구 독산동,경상사고,0,0,1,0,차대차 - 기타,안전운전불이행,포장 - 건조,맑음,교차로 - 교차로안,승용,남,73세,상해없음,자전거,여,39세,경상
2018112900100398,2018년 11월 29일 18시,목요일,서울특별시 동작구 본동,중상사고,0,1,0,0,차대차 - 측면충돌,안전운전불이행,포장 - 건조,맑음,교차로 - 교차로안,자전거,남,49세,상해없음,자전거,남,43세,중상
2018112900100490,2018년 11월 29일 20시,목요일,서울특별시 송파구 송파동,경상사고,0,0,1,0,차대차 - 추돌,안전운전불이행,포장 - 건조,맑음,단일로 - 기타,승용,남,44세,상해없음,자전거,남,39세,경상
2018113000100111,2018년 11월 30일 08시,금요일,서울특별시 송파구 가락동,경상사고,0,0,1,0,차대차 - 기타,안전운전불이행,포장 - 건조,맑음,교차로 - 교차로안,승용,여,43세,상해없음,자전거,여,36세,경상
2018113000100148,2018년 11월 30일 09시,금요일,서울특별시 강북구 번동,경상사고,0,0,1,0,차대차 - 측면충돌,신호위반,포장 - 건조,맑음,교차로 - 교차로안,화물,남,31세,상해없음,자전거,남,73세,경상
2018113000100178,2018년 11월 30일 10시,금요일,서울특별시 성동구 용답동,중상사고,0,1,0,0,차대차 - 측면충돌,직진우회전진행방해,포장 - 건조,맑음,교차로 - 교차로안,화물,남,78세,상해없음,자전거,남,77세,중상
2018113000100181,2018년 11월 30일 10시,금요일,서울특별시 송파구 삼전동,경상사고,0,0,1,0,차대차 - 측면충돌,안전운전불이행,포장 - 건조,맑음,교차로 - 교차로횡단보도내,승용,남,60세,상해없음,자전거,여,64세,경상
2018120100100169,2018년 12월 1일 10시,토요일,서울특별시 강동구 길동,중상사고,0,1,0,0,차대차 - 기타,교차로운행방법위반,포장 - 건조,흐림,단일로 - 기타,승용,여,60세,상해없음,자전거,남,79세,중상
2018120100100218,2018년 12월 1일 12시,토요일,서울특별시 강동구 천호동,경상사고,0,0,1,0,차대차 - 측면충돌,안전운전불이행,포장 - 건조,맑음,교차로 - 교차로부근,화물,남,25세,상해없음,자전거,여,57세,경상
2018120100100219,2018년 12월 1일 12시,토요일,서울특별시 강남구 대치동,부상신고사고,0,0,0,1,차대차 - 측면충돌,안전운전불이행,포장 - 건조,맑음,교차로 - 교차로횡단보도내,승용,남,69세,상해없음,자전거,남,12세,부상신고
2018120100100295,2018년 12월 1일 14시,토요일,서울특별시 성북구 삼선동3가,경상사고,0,0,1,0,차대차 - 측면충돌,안전운전불이행,포장 - 건조,맑음,교차로 - 교차로안,승용,남,76세,상해없음,자전거,남,15세,경상
2018120100100378,2018년 12월 1일 16시,토요일,서울특별시 중랑구 중화동,중상사고,0,1,0,0,차대차 - 정면충돌,안전운전불이행,포장 - 건조,맑음,단일로 - 기타,자전거,남,51세,상해없음,자전거,남,88세,중상
2018120100100379,2018년 12월 1일 16시,토요일,서울특별시 중랑구 묵동,경상사고,0,0,1,0,차대차 - 기타,기타,포장 - 건조,맑음,단일로 - 기타,승용,남,58세,상해없음,자전거,남,15세,경상
2018120200100150,2018년 12월 2일 12시,일요일,서울특별시 동대문구 장안동,중상사고,0,1,0,0,차대차 - 측면충돌,직진우회전진행방해,포장 - 건조,맑음,교차로 - 교차로안,승용,남,32세,상해없음,자전거,여,54세,중상
2018120200100171,2018년 12월 2일 13시,일요일,서울특별시 중랑구 중화동,중상사고,0,1,0,0,차대차 - 후진중충돌,안전운전불이행,포장 - 건조,맑음,기타 - 기타,화물,남,48세,상해없음,자전거,남,51세,중상
2018120200100284,2018년 12월 2일 17시,일요일,서울특별시 마포구 성산동,경상사고,0,0,1,0,차대차 - 측면충돌,안전운전불이행,포장 - 건조,맑음,단일로 - 기타,자전거,남,22세,상해없음,자전거,남,71세,경상
2018120200100429,2018년 12월 2일 22시,일요일,서울특별시 마포구 아현동,경상사고,0,0,1,0,차대차 - 기타,기타,포장 - 건조,맑음,단일로 - 기타,승용,남,54세,상해없음,자전거,남,27세,경상
2018120300100035,2018년 12월 3일 05시,월요일,서울특별시 노원구 중계동,경상사고,0,0,1,0,차대차 - 측면충돌,신호위반,포장 - 젖음/습기,비,교차로 - 교차로안,화물,남,66세,상해없음,자전거,남,72세,경상
2018120300100057,2018년 12월 3일 06시,월요일,서울특별시 관악구 신림동,부상신고사고,0,0,0,1,차대차 - 측면충돌,직진우회전진행방해,포장 - 건조,맑음,교차로 - 교차로안,승용,남,38세,상해없음,자전거,남,73세,부상신고
2018120400100001,2018년 12월 4일 00시,화요일,서울특별시 성북구 보문동4가,경상사고,0,0,1,0,차대차 - 정면충돌,안전운전불이행,포장 - 젖음/습기,흐림,교차로 - 교차로횡단보도내,승용,남,27세,상해없음,자전거,여,65세,경상
2018120400100266,2018년 12월 4일 12시,화요일,서울특별시 동작구 노량진동,중상사고,0,1,0,0,차대차 - 측면충돌,신호위반,포장 - 건조,맑음,단일로 - 기타,이륜,남,44세,상해없음,자전거,남,66세,중상
2018120400100374,2018년 12월 4일 16시,화요일,서울특별시 성동구 성수동1가,경상사고,0,0,1,0,차대차 - 측면충돌,직진우회전진행방해,포장 - 건조,맑음,교차로 - 교차로안,이륜,남,45세,상해없음,자전거,남,72세,경상
2018120400100411,2018년 12월 4일 17시,화요일,서울특별시 양천구 목동,부상신고사고,0,0,0,1,차대차 - 기타,안전운전불이행,포장 - 건조,맑음,단일로 - 기타,기타불명,기타불명,미분류,기타불명,자전거,여,40세,부상신고
2018120500100326,2018년 12월 5일 15시,수요일,서울특별시 동작구 신대방동,경상사고,0,0,1,0,차대차 - 기타,신호위반,포장 - 건조,맑음,교차로 - 교차로부근,화물,남,56세,상해없음,자전거,남,81세,경상
2018120500100486,2018년 12월 5일 19시,수요일,서울특별시 양천구 신정동,중상사고,0,1,0,0,차대차 - 측면충돌,안전운전불이행,포장 - 건조,맑음,단일로 - 기타,승용,여,44세,상해없음,자전거,남,54세,중상
2018120600100523,2018년 12월 6일 19시,목요일,서울특별시 송파구 잠실동,경상사고,0,0,1,0,차대차 - 기타,안전운전불이행,포장 - 건조,맑음,단일로 - 기타,승용,여,52세,상해없음,자전거,남,12세,경상
2018120700100444,2018년 12월 7일 17시,금요일,서울특별시 강동구 성내동,경상사고,0,0,1,0,차대차 - 측면충돌,안전운전불이행,포장 - 건조,맑음,단일로 - 기타,승용,여,36세,기타불명,자전거,남,52세,경상
2018120700100446,2018년 12월 7일 17시,금요일,서울특별시 구로구 구로동,경상사고,0,0,1,0,차대차 - 기타,직진우회전진행방해,포장 - 건조,맑음,교차로 - 교차로안,이륜,남,18세,상해없음,자전거,남,59세,경상
2018120800100116,2018년 12월 8일 08시,토요일,서울특별시 송파구 오금동,중상사고,0,1,0,0,차대차 - 측면충돌,신호위반,포장 - 건조,맑음,교차로 - 교차로부근,승합,남,38세,상해없음,자전거,여,38세,중상
2018120800100548,2018년 12월 8일 21시,토요일,서울특별시 노원구 중계동,경상사고,0,0,1,0,차대차 - 측면충돌,신호위반,포장 - 건조,맑음,교차로 - 교차로횡단보도내,승용,남,67세,상해없음,자전거,남,12세,경상
2018121000100578,2018년 12월 10일 22시,월요일,서울특별시 강남구 신사동,경상사고,0,0,1,0,차대차 - 정면충돌,안전운전불이행,포장 - 건조,맑음,단일로 - 기타,승용,남,50세,상해없음,자전거,남,14세,경상
2018121100100353,2018년 12월 11일 16시,화요일,서울특별시 은평구 불광동,중상사고,0,1,0,0,차대차 - 측면충돌,교차로운행방법위반,포장 - 건조,맑음,교차로 - 교차로안,승용,여,52세,상해없음,자전거,남,76세,중상
2018121200100243,2018년 12월 12일 12시,수요일,서울특별시 동작구 사당동,경상사고,0,0,1,0,차대차 - 기타,안전운전불이행,포장 - 건조,맑음,단일로 - 기타,이륜,남,27세,상해없음,자전거,남,39세,경상
2018121200100326,2018년 12월 12일 15시,수요일,서울특별시 동대문구 용두동,경상사고,0,0,1,0,차대차 - 기타,안전운전불이행,포장 - 건조,맑음,교차로 - 교차로횡단보도내,승용,여,55세,상해없음,자전거,남,34세,경상
2018121200100445,2018년 12월 12일 18시,수요일,서울특별시 영등포구 양평동2가,경상사고,0,0,1,0,차대차 - 측면충돌,안전운전불이행,포장 - 건조,맑음,단일로 - 기타,기타불명,기타불명,미분류,기타불명,자전거,남,14세,경상
2018121400100065,2018년 12월 14일 07시,금요일,서울특별시 서대문구 연희동,중상사고,0,1,0,0,차대차 - 기타,신호위반,포장 - 건조,맑음,교차로 - 교차로안,승용,남,45세,상해없음,자전거,남,72세,중상
2018121400100648,2018년 12월 14일 21시,금요일,서울특별시 광진구 자양동,중상사고,0,1,0,0,차대차 - 측면충돌,신호위반,포장 - 건조,맑음,교차로 - 교차로안,승용,남,59세,상해없음,자전거,여,60세,중상
2018121500100092,2018년 12월 15일 05시,토요일,서울특별시 강서구 마곡동,사망사고,1,0,0,0,차대차 - 측면충돌,안전운전불이행,포장 - 건조,맑음,단일로 - 기타,화물,남,60세,상해없음,자전거,남,68세,사망
2018121500100127,2018년 12월 15일 07시,토요일,서울특별시 동대문구 휘경동,중상사고,0,1,0,0,차대차 - 기타,안전운전불이행,포장 - 건조,맑음,단일로 - 기타,승용,남,62세,상해없음,자전거,남,62세,중상
2018121500100274,2018년 12월 15일 12시,토요일,서울특별시 노원구 중계동,경상사고,0,0,1,0,차대차 - 측면충돌,신호위반,포장 - 건조,흐림,교차로 - 교차로안,승용,남,59세,상해없음,자전거,남,11세,경상
2018121500100428,2018년 12월 15일 16시,토요일,서울특별시 성북구 보문동7가,중상사고,0,1,0,0,차대차 - 측면충돌,신호위반,포장 - 건조,맑음,교차로 - 교차로횡단보도내,화물,남,76세,상해없음,자전거,남,74세,중상
2018121700100238,2018년 12월 17일 09시,월요일,서울특별시 강서구 방화동,중상사고,0,1,0,0,차대차 - 측면충돌,안전운전불이행,포장 - 건조,맑음,교차로 - 교차로부근,화물,남,78세,상해없음,자전거,남,66세,중상
2018121700100458,2018년 12월 17일 16시,월요일,서울특별시 노원구 중계동,중상사고,0,1,0,0,차대차 - 기타,기타,포장 - 건조,맑음,기타 - 기타,승용,남,72세,상해없음,자전거,남,77세,중상
2018121800100052,2018년 12월 18일 05시,화요일,서울특별시 종로구 종로6가,경상사고,0,0,1,0,차대차 - 측면충돌,안전운전불이행,포장 - 건조,맑음,단일로 - 기타,승용,남,67세,상해없음,자전거,남,83세,경상
2018121800100130,2018년 12월 18일 08시,화요일,서울특별시 양천구 목동,경상사고,0,0,1,0,차대차 - 측면충돌,신호위반,포장 - 건조,맑음,교차로 - 교차로부근,화물,남,61세,상해없음,자전거,여,37세,경상
2018121800100218,2018년 12월 18일 10시,화요일,서울특별시 송파구 석촌동,경상사고,0,0,1,0,차대차 - 측면충돌,신호위반,포장 - 건조,흐림,교차로 - 교차로횡단보도내,승용,남,67세,상해없음,자전거,여,52세,경상
2018121800100307,2018년 12월 18일 13시,화요일,서울특별시 송파구 삼전동,중상사고,0,1,0,0,차대차 - 측면충돌,안전운전불이행,포장 - 건조,맑음,교차로 - 교차로안,화물,남,42세,상해없음,자전거,여,47세,중상
2018121800100607,2018년 12월 18일 21시,화요일,서울특별시 강동구 성내동,중상사고,0,1,0,0,차대차 - 측면충돌,안전운전불이행,포장 - 건조,맑음,교차로 - 교차로안,승용,남,36세,상해없음,자전거,여,52세,중상
2018121900100019,2018년 12월 19일 01시,수요일,서울특별시 성동구 성수동1가,경상사고,0,0,1,0,차대차 - 기타,안전운전불이행,포장 - 건조,맑음,단일로 - 기타,승용,남,63세,상해없음,자전거,여,44세,경상
2018121900100270,2018년 12월 19일 13시,수요일,서울특별시 광진구 자양동,경상사고,0,0,1,0,차대차 - 기타,안전운전불이행,포장 - 건조,맑음,단일로 - 기타,승용,남,54세,상해없음,자전거,여,25세,경상
2018121900100409,2018년 12월 19일 17시,수요일,서울특별시 영등포구 대림동,중상사고,0,1,0,0,차대차 - 측면충돌,신호위반,포장 - 건조,맑음,교차로 - 교차로횡단보도내,승용,남,61세,상해없음,자전거,남,83세,중상