사고번호,사고일시,요일,시군구,사고내용,사망자수,중상자수,경상자수,부상신고자수,사고유형,법규위반,노면상태,기상상태,도로형태,가해운전자 차종,가해운전자 성별,가해운전자 연령,가해운전자 상해정도,피해운전자 차종,피해운전자 성별,피해운전자 연령,피해운전자 상해정도
2019032600100307,2019년 3월 26일 14시,화요일,서울특별시 강동구 성내동,경상사고,0,0,1,0,차대차 - 측면충돌,신호위반,포장 - 건조,맑음,교차로 - 교차로부근,승용,여,42세,상해없음,자전거,여,63세,경상
2019032600100466,2019년 3월 26일 18시,화요일,서울특별시 중랑구 묵동,중상사고,0,1,0,0,차대차 - 추돌,안전운전불이행,포장 - 건조,맑음,교차로 - 교차로부근,자전거,남,59세,상해없음,자전거,여,52세,중상
2019032700100040,2019년 3월 27일 02시,수요일,서울특별시 강북구 번동,중상사고,0,1,0,0,차대차 - 정면충돌,교차로운행방법위반,포장 - 건조,맑음,교차로 - 교차로안,승용,남,63세,상해없음,자전거,여,48세,중상
2019032700100087,2019년 3월 27일 07시,수요일,서울특별시 동대문구 답십리동,중상사고,0,1,0,0,차대차 - 측면충돌,안전운전불이행,포장 - 건조,맑음,교차로 - 교차로안,승합,남,57세,상해없음,자전거,남,67세,중상
2019032700100090,2019년 3월 27일 07시,수요일,서울특별시 도봉구 창동,경상사고,0,0,1,0,차대차 - 측면충돌,직진우회전진행방해,포장 - 건조,흐림,교차로 - 교차로안,승용,남,26세,상해없음,자전거,남,58세,경상
2019032800100282,2019년 3월 28일 13시,목요일,서울특별시 강동구 명일동,경상사고,0,0,1,0,차대차 - 기타,신호위반,포장 - 건조,맑음,교차로 - 교차로안,승용,남,72세,상해없음,자전거,남,23세,경상
2019032900100295,2019년 3월 29일 13시,금요일,서울특별시 마포구 서교동,중상사고,0,1,0,0,차대차 - 측면충돌,안전운전불이행,포장 - 건조,맑음,교차로 - 교차로안,승용,남,67세,상해없음,자전거,여,25세,중상
2019032900100610,2019년 3월 29일 20시,금요일,서울특별시 은평구 갈현동,경상사고,0,0,1,0,차대차 - 측면충돌,신호위반,포장 - 건조,맑음,단일로 - 기타,승용,남,30세,상해없음,자전거,남,43세,경상
2019032900100639,2019년 3월 29일 21시,금요일,서울특별시 강남구 역삼동,경상사고,0,0,1,0,차대차 - 측면충돌,교차로운행방법위반,포장 - 건조,맑음,단일로 - 기타,승용,남,65세,상해없음,자전거,남,40세,경상
2019033000100352,2019년 3월 30일 13시,토요일,서울특별시 영등포구 문래동3가,중상사고,0,1,0,0,차대차 - 기타,안전운전불이행,포장 - 건조,맑음,교차로 - 교차로안,승용,남,71세,상해없음,자전거,남,54세,중상
2019033000100461,2019년 3월 30일 16시,토요일,서울특별시 구로구 오류동,부상신고사고,0,0,0,1,차대차 - 측면충돌,안전운전불이행,포장 - 건조,맑음,단일로 - 기타,승용,여,42세,상해없음,자전거,남,9세,부상신고
2019033100100105,2019년 3월 31일 08시,일요일,서울특별시 송파구 가락동,경상사고,0,0,1,0,차대차 - 측면충돌,안전운전불이행,포장 - 건조,맑음,교차로 - 교차로안,승용,남,45세,상해없음,자전거,여,56세,경상
2019033100100222,2019년 3월 31일 14시,일요일,서울특별시 동작구 대방동,경상사고,0,0,1,0,차대차 - 측면충돌,기타,포장 - 건조,맑음,단일로 - 기타,승용,여,36세,상해없음,자전거,남,52세,경상
2019033100100283,2019년 3월 31일 16시,일요일,서울특별시 중랑구 신내동,부상신고사고,0,0,0,1,차대차 - 기타,안전운전불이행,포장 - 건조,맑음,교차로 - 교차로안,승용,남,60세,상해없음,자전거,남,56세,부상신고
2019040100100075,2019년 4월 1일 06시,월요일,서울특별시 구로구 구로동,중상사고,0,1,0,0,차대차 - 기타,안전운전불이행,포장 - 건조,기타,단일로 - 기타,건설기계,남,50세,상해없음,자전거,여,61세,중상
2019040100100182,2019년 4월 1일 09시,월요일,서울특별시 영등포구 대림동,경상사고,0,0,1,0,차대차 - 측면충돌,안전운전불이행,포장 - 건조,맑음,교차로 - 교차로부근,화물,남,27세,상해없음,자전거,남,68세,경상
2019040100100352,2019년 4월 1일 14시,월요일,서울특별시 성북구 길음동,중상사고,0,1,0,0,차대차 - 후진중충돌,불법유턴,포장 - 건조,맑음,단일로 - 기타,승용,여,37세,상해없음,자전거,남,70세,중상
2019040100100618,2019년 4월 1일 20시,월요일,서울특별시 양천구 목동,부상신고사고,0,0,0,1,차대차 - 정면충돌,안전운전불이행,포장 - 건조,맑음,단일로 - 기타,자전거,남,14세,상해없음,자전거,여,42세,부상신고
2019040100100684,2019년 4월 1일 23시,월요일,서울특별시 구로구 오류동,중상사고,0,1,1,0,차대차 - 정면충돌,중앙선침범,포장 - 건조,맑음,단일로 - 지하차도(도로)내,이륜,남,18세,경상,자전거,남,50세,중상
2019040200100092,2019년 4월 2일 07시,화요일,서울특별시 양천구 목동,부상신고사고,0,0,0,1,차대차 - 기타,안전운전불이행,포장 - 건조,맑음,단일로 - 기타,승용,남,61세,상해없음,자전거,남,18세,부상신고
2019040200100222,2019년 4월 2일 10시,화요일,서울특별시 강남구 대치동,중상사고,0,1,0,0,차대차 - 기타,기타,포장 - 건조,맑음,단일로 - 기타,승용,여,56세,상해없음,자전거,여,60세,중상
2019040200100324,2019년 4월 2일 13시,화요일,서울특별시 노원구 상계동,경상사고,0,0,1,0,차대차 - 후진중충돌,안전운전불이행,포장 - 건조,맑음,기타 - 기타,승용,여,50세,상해없음,자전거,남,71세,경상
2019040200100431,2019년 4월 2일 16시,화요일,서울특별시 노원구 상계동,경상사고,0,0,1,0,차대차 - 측면충돌,신호위반,포장 - 건조,맑음,단일로 - 고가도로위,승용,남,51세,상해없음,자전거,남,9세,경상
2019040200100508,2019년 4월 2일 18시,화요일,서울특별시 금천구 가산동,경상사고,0,0,1,0,차대차 - 측면충돌,안전운전불이행,포장 - 건조,맑음,단일로 - 기타,자전거,남,26세,상해없음,자전거,남,28세,경상
2019040200100557,2019년 4월 2일 19시,화요일,서울특별시 노원구 상계동,경상사고,0,0,1,0,차대차 - 추돌,안전운전불이행,포장 - 건조,맑음,교차로 - 교차로부근,승용,남,66세,상해없음,자전거,여,13세,경상
2019040300100308,2019년 4월 3일 14시,수요일,서울특별시 동작구 대방동,경상사고,0,0,1,0,차대차 - 기타,안전운전불이행,포장 - 건조,맑음,교차로 - 교차로횡단보도내,이륜,남,41세,상해없음,자전거,남,31세,경상
2019040300100382,2019년 4월 3일 16시,수요일,서울특별시 영등포구 여의도동,중상사고,0,1,0,0,차대차 - 측면충돌,신호위반,포장 - 건조,맑음,단일로 - 기타,승용,남,44세,상해없음,자전거,남,49세,중상
2019040300100548,2019년 4월 3일 20시,수요일,서울특별시 송파구 잠실동,경상사고,0,0,1,0,차대차 - 측면충돌,안전운전불이행,포장 - 건조,맑음,교차로 - 교차로횡단보도내,승용,여,35세,상해없음,자전거,남,28세,경상
2019040300100597,2019년 4월 3일 22시,수요일,서울특별시 관악구 신림동,경상사고,0,0,1,0,차대차 - 측면충돌,기타,포장 - 건조,맑음,교차로 - 교차로부근,승용,남,49세,상해없음,자전거,남,34세,경상
2019040400100338,2019년 4월 4일 14시,목요일,서울특별시 강동구 고덕동,중상사고,0,1,0,0,차대차 - 측면충돌,안전운전불이행,포장 - 건조,맑음,단일로 - 기타,승용,남,34세,상해없음,자전거,남,10세,중상
2019040500100083,2019년 4월 5일 06시,금요일,서울특별시 성동구 성수동1가,경상사고,0,0,1,0,차대차 - 기타,안전운전불이행,포장 - 건조,맑음,교차로 - 교차로안,기타불명,기타불명,미분류,기타불명,자전거,남,86세,경상
2019040500100158,2019년 4월 5일 09시,금요일,서울특별시 동대문구 장안동,중상사고,0,1,0,0,차대차 - 기타,안전운전불이행,포장 - 건조,맑음,단일로 - 기타,승용,남,77세,상해없음,자전거,남,47세,중상
2019040500100161,2019년 4월 5일 09시,금요일,서울특별시 양천구 신정동,중상사고,0,1,0,0,차대차 - 측면충돌,신호위반,포장 - 건조,맑음,단일로 - 기타,승용,여,35세,상해없음,자전거,여,37세,중상
2019040500100213,2019년 4월 5일 11시,금요일,서울특별시 노원구 상계동,경상사고,0,0,1,0,차대차 - 측면충돌,안전운전불이행,포장 - 건조,맑음,단일로 - 기타,승용,여,55세,상해없음,자전거,여,57세,경상
2019040500100417,2019년 4월 5일 17시,금요일,서울특별시 관악구 신림동,경상사고,0,0,1,0,차대차 - 추돌,안전운전불이행,포장 - 건조,맑음,교차로 - 교차로부근,승용,여,49세,상해없음,자전거,남,41세,경상
2019040500100665,2019년 4월 5일 22시,금요일,서울특별시 광진구 중곡동,중상사고,0,1,0,0,차대차 - 정면충돌,중앙선침범,포장 - 건조,맑음,교차로 - 교차로부근,자전거,남,25세,상해없음,자전거,남,24세,중상
2019040600100112,2019년 4월 6일 07시,토요일,서울특별시 중랑구 망우동,경상사고,0,0,1,0,차대차 - 정면충돌,교차로운행방법위반,포장 - 건조,맑음,단일로 - 기타,승용,남,33세,상해없음,자전거,남,35세,경상
2019040700100121,2019년 4월 7일 09시,일요일,서울특별시 강북구 미아동,경상사고,0,0,1,0,차대차 - 기타,안전운전불이행,포장 - 건조,맑음,단일로 - 기타,승용,남,50세,상해없음,자전거,남,43세,경상
2019040700100170,2019년 4월 7일 11시,일요일,서울특별시 영등포구 양화동,중상사고,0,1,1,0,차대차 - 기타,안전운전불이행,포장 - 건조,맑음,단일로 - 기타,자전거,남,58세,상해없음,자전거,남,69세,중상
2019040700100290,2019년 4월 7일 15시,일요일,서울특별시 강남구 압구정동,중상사고,0,1,0,0,차대차 - 추돌,안전운전불이행,포장 - 건조,맑음,단일로 - 기타,자전거,기타불명,미분류,기타불명,자전거,남,14세,중상
2019040700100321,2019년 4월 7일 16시,일요일,서울특별시 영등포구 당산동,부상신고사고,0,0,0,2,차대차 - 기타,안전거리미확보,포장 - 건조,맑음,단일로 - 기타,자전거,남,13세,상해없음,자전거,남,15세,상해없음
2019040700100372,2019년 4월 7일 17시,일요일,서울특별시 서초구 잠원동,중상사고,0,1,1,0,차대차 - 추돌,안전거리미확보,포장 - 건조,맑음,단일로 - 기타,자전거,여,45세,경상,자전거,남,38세,중상
2019040700100373,2019년 4월 7일 17시,일요일,서울특별시 도봉구 창동,경상사고,0,0,1,0,차대차 - 측면충돌,안전운전불이행,포장 - 건조,맑음,단일로 - 기타,승용,여,58세,상해없음,자전거,남,65세,경상
2019040800100089,2019년 4월 8일 07시,월요일,서울특별시 양천구 신월동,경상사고,0,0,1,0,차대차 - 기타,직진우회전진행방해,포장 - 건조,맑음,교차로 - 교차로안,승용,남,45세,상해없음,자전거,남,17세,경상
2019040800100219,2019년 4월 8일 10시,월요일,서울특별시 구로구 구로동,중상사고,0,1,0,0,차대차 - 측면충돌,안전운전불이행,포장 - 건조,맑음,기타 - 기타,승용,남,68세,상해없음,자전거,남,36세,중상
2019040800100310,2019년 4월 8일 13시,월요일,서울특별시 영등포구 당산동4가,중상사고,0,1,0,0,차대차 - 측면충돌,안전운전불이행,포장 - 건조,맑음,단일로 - 기타,승용,여,47세,상해없음,자전거,여,48세,중상
2019040800100381,2019년 4월 8일 15시,월요일,서울특별시 강남구 도곡동,경상사고,0,0,1,0,차대차 - 기타,안전운전불이행,포장 - 건조,맑음,기타 - 기타,승용,여,46세,상해없음,자전거,남,72세,경상
2019040800100407,2019년 4월 8일 16시,월요일,서울특별시 도봉구 창동,중상사고,0,1,0,0,차대차 - 측면충돌,신호위반,포장 - 건조,맑음,교차로 - 교차로안,원동기,남,23세,상해없음,자전거,남,65세,중상
2019040800100437,2019년 4월 8일 17시,월요일,서울특별시 강북구 수유동,경상사고,0,0,1,0,차대차 - 측면충돌,안전운전불이행,포장 - 건조,맑음,교차로 - 교차로횡단보도내,화물,남,66세,상해없음,자전거,남,30세,경상
2019040900100150,2019년 4월 9일 09시,화요일,서울특별시 송파구 잠실동,경상사고,0,0,1,0,차대차 - 측면충돌,안전운전불이행,포장 - 건조,맑음,단일로 - 기타,승용,여,45세,상해없음,자전거,여,38세,경상
2019040900100238,2019년 4월 9일 12시,화요일,서울특별시 도봉구 쌍문동,중상사고,0,1,0,0,차대차 - 측면충돌,안전운전불이행,포장 - 건조,맑음,단일로 - 기타,승용,남,58세,상해없음,자전거,남,82세,중상
2019040900100258,2019년 4월 9일 13시,화요일,서울특별시 중랑구 상봉동,경상사고,0,0,1,0,차대차 - 기타,기타,포장 - 건조,맑음,단일로 - 기타,화물,남,55세,상해없음,자전거,여,55세,경상
2019041000100237,2019년 4월 10일 11시,수요일,서울특별시 송파구 방이동,중상사고,0,1,0,0,차대차 - 측면충돌,안전운전불이행,포장 - 젖음/습기,비,기타 - 기타,원동기,남,63세,상해없음,자전거,여,62세,중상
2019041000100543,2019년 4월 10일 20시,수요일,서울특별시 송파구 잠실동,경상사고,0,0,1,0,차대차 - 정면충돌,안전운전불이행,포장 - 건조,기타,단일로 - 기타,승용,여,72세,상해없음,자전거,남,77세,경상
2019041000100574,2019년 4월 10일 21시,수요일,서울특별시 관악구 봉천동,경상사고,0,0,1,0,차대차 - 기타,기타,포장 - 건조,맑음,단일로 - 기타,승용,남,62세,상해없음,자전거,여,21세,경상
2019041100100033,2019년 4월 11일 01시,목요일,서울특별시 광진구 화양동,경상사고,0,0,1,0,차대차 - 측면충돌,신호위반,포장 - 건조,맑음,교차로 - 교차로안,승용,남,66세,상해없음,자전거,남,52세,경상
2019041100100057,2019년 4월 11일 04시,목요일,서울특별시 성북구 석관동,중상사고,0,1,0,0,차대차 - 측면충돌,안전운전불이행,포장 - 건조,맑음,교차로 - 교차로부근,승합,남,65세,상해없음,자전거,남,69세,중상
2019041100100064,2019년 4월 11일 05시,목요일,서울특별시 광진구 자양동,중상사고,0,1,0,0,차대차 - 추돌,안전운전불이행,포장 - 건조,맑음,단일로 - 기타,자전거,기타불명,미분류,기타불명,자전거,여,52세,중상
2019041100100093,2019년 4월 11일 07시,목요일,서울특별시 중구 초동,중상사고,0,1,0,0,차대차 - 측면충돌,안전운전불이행,포장 - 건조,맑음,단일로 - 기타,기타불명,기타불명,미분류,기타불명,자전거,남,26세,중상
2019041100100094,2019년 4월 11일 07시,목요일,서울특별시 종로구 세종로,경상사고,0,0,1,0,차대차 - 측면충돌,교차로운행방법위반,포장 - 건조,맑음,교차로 - 교차로부근,승용,여,38세,상해없음,자전거,남,58세,경상
2019041100100134,2019년 4월 11일 08시,목요일,서울특별시 도봉구 방학동,중상사고,0,1,0,0,차대차 - 정면충돌,직진우회전진행방해,포장 - 건조,맑음,교차로 - 교차로안,승용,남,30세,상해없음,자전거,남,62세,중상
2019041100100315,2019년 4월 11일 14시,목요일,서울특별시 송파구 석촌동,경상사고,0,0,1,0,차대차 - 측면충돌,안전운전불이행,포장 - 건조,맑음,단일로 - 기타,승용,남,53세,상해없음,자전거,여,39세,경상
2019041100100387,2019년 4월 11일 17시,목요일,서울특별시 강북구 번동,경상사고,0,0,1,0,차대차 - 정면충돌,안전운전불이행,포장 - 건조,맑음,교차로 - 교차로안,승용,남,61세,상해없음,자전거,남,9세,경상
2019041100100470,2019년 4월 11일 19시,목요일,서울특별시 도봉구 창동,경상사고,0,0,1,0,차대차 - 측면충돌,안전운전불이행,포장 - 건조,맑음,교차로 - 교차로안,승용,남,32세,상해없음,자전거,남,12세,경상
2019041100100590,2019년 4월 11일 23시,목요일,서울특별시 은평구 신사동,중상사고,0,2,0,0,차대차 - 정면충돌,중앙선침범,포장 - 건조,맑음,단일로 - 기타,이륜,남,53세,중상,자전거,남,59세,중상
2019041200100315,2019년 4월 12일 14시,금요일,서울특별시 송파구 신천동,경상사고,0,0,1,0,차대차 - 측면충돌,신호위반,포장 - 건조,맑음,단일로 - 기타,승용,남,53세,상해없음,자전거,남,78세,경상
2019041200100476,2019년 4월 12일 18시,금요일,서울특별시 송파구 잠실동,경상사고,0,0,1,0,차대차 - 기타,안전운전불이행,포장 - 건조,맑음,교차로 - 교차로안,승용,여,60세,상해없음,자전거,여,46세,경상
2019041300100061,2019년 4월 13일 02시,토요일,서울특별시 송파구 방이동,부상신고사고,0,0,0,1,차대차 - 측면충돌,안전운전불이행,포장 - 건조,맑음,교차로 - 교차로안,화물,남,55세,상해없음,자전거,남,17세,부상신고
2019041300100148,2019년 4월 13일 08시,토요일,서울특별시 노원구 중계동,중상사고,0,1,0,0,차대차 - 측면충돌,직진우회전진행방해,포장 - 건조,맑음,교차로 - 교차로안,승용,여,46세,상해없음,자전거,여,57세,중상
2019041300100270,2019년 4월 13일 12시,토요일,서울특별시 중랑구 면목동,경상사고,0,0,1,0,차대차 - 기타,안전운전불이행,포장 - 건조,맑음,단일로 - 기타,기타불명,기타불명,미분류,기타불명,자전거,남,13세,경상
2019041300100273,2019년 4월 13일 12시,토요일,서울특별시 도봉구 창동,중상사고,0,1,0,0,차대차 - 측면충돌,신호위반,포장 - 건조,맑음,교차로 - 교차로안,승용,여,43세,상해없음,자전거,여,55세,중상
2019041300100392,2019년 4월 13일 15시,토요일,서울특별시 영등포구 여의도동,경상사고,0,0,1,0,차대차 - 측면충돌,안전운전불이행,포장 - 건조,맑음,단일로 - 기타,건설기계,남,57세,상해없음,자전거,남,62세,경상
2019041300100397,2019년 4월 13일 15시,토요일,서울특별시 송파구 잠실동,경상사고,0,0,1,0,차대차 - 기타,안전운전불이행,포장 - 건조,맑음,단일로 - 기타,승용,남,63세,상해없음,자전거,남,49세,경상
2019041500100074,2019년 4월 15일 07시,월요일,서울특별시 강동구 성내동,중상사고,0,1,0,0,차대차 - 기타,안전운전불이행,포장 - 건조,맑음,단일로 - 기타,화물,남,44세,상해없음,자전거,여,41세,중상
2019041500100113,2019년 4월 15일 08시,월요일,서울특별시 강남구 개포동,중상사고,0,1,0,0,차대차 - 기타,안전운전불이행,포장 - 건조,맑음,기타 - 기타,승용,남,57세,상해없음,자전거,남,55세,중상
2019041500100208,2019년 4월 15일 10시,월요일,서울특별시 송파구 송파동,중상사고,0,1,0,0,차대차 - 정면충돌,신호위반,포장 - 건조,맑음,단일로 - 기타,원동기,남,24세,상해없음,자전거,남,75세,중상
2019041500100298,2019년 4월 15일 13시,월요일,서울특별시 도봉구 창동,경상사고,0,0,1,0,차대차 - 측면충돌,안전거리미확보,포장 - 건조,맑음,단일로 - 기타,승용,남,23세,상해없음,자전거,남,50세,경상
2019041500100339,2019년 4월 15일 14시,월요일,서울특별시 송파구 신천동,부상신고사고,0,0,0,1,차대차 - 측면충돌,안전운전불이행,포장 - 건조,맑음,단일로 - 기타,자전거,남,44세,상해없음,자전거,여,64세,부상신고
2019041500100436,2019년 4월 15일 16시,월요일,서울특별시 송파구 장지동,경상사고,0,0,1,0,차대차 - 측면충돌,안전운전불이행,포장 - 건조,맑음,교차로 - 교차로안,승용,남,63세,상해없음,자전거,남,72세,경상
2019041500100597,2019년 4월 15일 19시,월요일,서울특별시 관악구 봉천동,중상사고,0,1,0,0,차대차 - 측면충돌,안전운전불이행,포장 - 건조,맑음,교차로 - 교차로안,승용,남,30세,상해없음,자전거,남,72세,중상
2019041600100074,2019년 4월 16일 06시,화요일,서울특별시 노원구 상계동,경상사고,0,0,1,0,차대차 - 측면충돌,안전운전불이행,포장 - 건조,맑음,단일로 - 교량,자전거,남,49세,상해없음,자전거,남,54세,경상
2019041600100119,2019년 4월 16일 08시,화요일,서울특별시 동대문구 전농동,경상사고,0,0,1,0,차대차 - 측면충돌,기타,포장 - 건조,맑음,단일로 - 기타,승용,남,57세,상해없음,자전거,남,58세,경상
2019041600100130,2019년 4월 16일 08시,화요일,서울특별시 은평구 구산동,중상사고,0,1,0,0,차대차 - 측면충돌,신호위반,포장 - 건조,맑음,교차로 - 교차로부근,승합,여,70세,상해없음,자전거,남,13세,중상
2019041600100525,2019년 4월 16일 18시,화요일,서울특별시 성동구 성수동1가,경상사고,0,0,1,0,차대차 - 측면충돌,신호위반,포장 - 건조,맑음,교차로 - 교차로횡단보도내,이륜,남,56세,상해없음,자전거,남,13세,경상
2019041600100526,2019년 4월 16일 18시,화요일,서울특별시 성동구 성수동1가,부상신고사고,0,0,0,1,차대차 - 추돌,안전운전불이행,포장 - 건조,맑음,단일로 - 기타,자전거,남,63세,상해없음,자전거,여,24세,부상신고
2019041700100044,2019년 4월 17일 02시,수요일,서울특별시 중구 충무로2가,중상사고,0,1,0,0,차대차 - 측면충돌,안전운전불이행,포장 - 건조,맑음,단일로 - 기타,화물,남,51세,상해없음,자전거,남,24세,중상
2019041700100118,2019년 4월 17일 08시,수요일,서울특별시 금천구 시흥동,중상사고,0,1,1,0,차대차 - 정면충돌,신호위반,포장 - 건조,맑음,단일로 - 기타,자전거,남,78세,중상,자전거,남,25세,경상
2019041700100169,2019년 4월 17일 09시,수요일,서울특별시 강동구 천호동,경상사고,0,0,1,0,차대차 - 측면충돌,교차로운행방법위반,포장 - 건조,맑음,교차로 - 교차로안,승용,여,38세,상해없음,자전거,남,66세,경상
2019041700100203,2019년 4월 17일 10시,수요일,서울특별시 서초구 양재동,경상사고,0,0,1,0,차대차 - 기타,안전운전불이행,포장 - 건조,맑음,단일로 - 기타,승용,남,67세,상해없음,자전거,남,74세,경상
2019041700100437,2019년 4월 17일 17시,수요일,서울특별시 노원구 월계동,중상사고,0,1,0,0,차대차 - 측면충돌,안전운전불이행,포장 - 건조,맑음,교차로 - 교차로안,승용,남,38세,상해없음,자전거,남,61세,중상
2019041700100479,2019년 4월 17일 18시,수요일,서울특별시 영등포구 당산동1가,경상사고,0,0,1,0,차대차 - 측면충돌,신호위반,포장 - 건조,맑음,단일로 - 기타,승용,여,24세,기타불명,자전거,남,45세,경상
2019041700100524,2019년 4월 17일 19시,수요일,서울특별시 강서구 방화동,중상사고,0,1,0,0,차대차 - 기타,신호위반,포장 - 건조,맑음,교차로 - 교차로안,승용,남,64세,상해없음,자전거,남,28세,중상
2019041700100568,2019년 4월 17일 20시,수요일,서울특별시 강서구 화곡동,중상사고,0,1,0,0,차대차 - 측면충돌,안전운전불이행,포장 - 건조,맑음,단일로 - 기타,승용,남,59세,상해없음,자전거,여,77세,중상
2019041800100190,2019년 4월 18일 10시,목요일,서울특별시 영등포구 대림동,경상사고,0,0,1,0,차대차 - 측면충돌,안전운전불이행,포장 - 건조,맑음,교차로 - 교차로부근,화물,남,56세,상해없음,자전거,남,74세,경상
2019041800100395,2019년 4월 18일 16시,목요일,서울특별시 강동구 길동,중상사고,0,1,0,0,차대차 - 측면충돌,신호위반,포장 - 건조,맑음,교차로 - 교차로안,승용,남,26세,상해없음,자전거,남,18세,중상
2019041800100434,2019년 4월 18일 17시,목요일,서울특별시 도봉구 창동,부상신고사고,0,0,0,1,차대차 - 기타,신호위반,포장 - 건조,맑음,단일로 - 기타,기타불명,기타불명,미분류,기타불명,자전거,여,20세,부상신고
2019041800100468,2019년 4월 18일 18시,목요일,서울특별시 강동구 천호동,경상사고,0,0,1,0,차대차 - 측면충돌,안전운전불이행,포장 - 건조,맑음,교차로 - 교차로안,승용,남,55세,상해없음,자전거,여,67세,경상
2019041800100566,2019년 4월 18일 21시,목요일,서울특별시 성동구 성수동2가,경상사고,0,0,1,0,차대차 - 측면충돌,안전운전불이행,포장 - 건조,맑음,교차로 - 교차로안,승용,남,50세,상해없음,자전거,남,60세,경상
2019041900100162,2019년 4월 19일 09시,금요일,서울특별시 강북구 미아동,경상사고,0,0,1,0,차대차 - 기타,안전운전불이행,포장 - 건조,맑음,교차로 - 교차로안,승용,여,71세,상해없음,자전거,남,27세,경상
2019041900100268,2019년 4월 19일 12시,금요일,서울특별시 송파구 오금동,경상사고,0,0,1,0,차대차 - 측면충돌,안전운전불이행,포장 - 건조,맑음,교차로 - 교차로안,원동기,남,36세,상해없음,자전거,남,75세,경상
2019041900100460,2019년 4월 19일 17시,금요일,서울특별시 강서구 화곡동,중상사고,0,1,0,0,차대차 - 기타,안전운전불이행,포장 - 건조,맑음,단일로 - 기타,승용,남,65세,상해없음,자전거,남,79세,중상
2019041900100507,2019년 4월 19일 18시,금요일,서울특별시 광진구 자양동,경상사고,0,0,1,0,차대차 - 기타,안전운전불이행,포장 - 건조,맑음,단일로 - 기타,자전거,남,73세,경상,자전거,여,60세,상해없음
2019041900100516,2019년 4월 19일 18시,금요일,서울특별시 은평구 역촌동,중상사고,0,1,0,0,차대차 - 측면충돌,안전운전불이행,포장 - 건조,맑음,교차로 - 교차로안,승용,여,41세,상해없음,자전거,남,78세,중상
2019041900100663,2019년 4월 19일 22시,금요일,서울특별시 양천구 신정동,중상사고,0,1,0,0,차대차 - 기타,신호위반,포장 - 건조,맑음,교차로 - 교차로안,자전거,남,23세,상해없음,자전거,여,26세,중상
2019042000100270,2019년 4월 20일 12시,토요일,서울특별시 영등포구 영등포동2가,경상사고,0,0,2,0,차대차 - 기타,안전운전불이행,포장 - 건조,맑음,단일로 - 기타,자전거,여,58세,경상,자전거,남,22세,경상
2019042000100362,2019년 4월 20일 14시,토요일,서울특별시 용산구 한남동,중상사고,0,1,0,0,차대차 - 측면충돌,안전운전불이행,포장 - 건조,맑음,교차로 - 교차로부근,이륜,남,49세,상해없음,자전거,남,15세,중상
2019042100100149,2019년 4월 21일 10시,일요일,서울특별시 영등포구 여의도동,부상신고사고,0,0,0,2,차대차 - 기타,안전운전불이행,포장 - 건조,흐림,단일로 - 기타,자전거,남,52세,부상신고,자전거,여,25세,부상신고
2019042100100266,2019년 4월 21일 15시,일요일,서울특별시 구로구 고척동,중상사고,0,1,0,0,차대차 - 측면충돌,안전운전불이행,포장 - 건조,맑음,단일로 - 기타,건설기계,남,51세,상해없음,자전거,여,52세,중상
2019042100100289,2019년 4월 21일 16시,일요일,서울특별시 영등포구 신길동,경상사고,0,0,1,0,차대차 - 기타,안전운전불이행,포장 - 건조,맑음,기타 - 기타,승용,남,69세,상해없음,자전거,남,15세,경상
2019042300100022,2019년 4월 23일 00시,화요일,서울특별시 강서구 화곡동,경상사고,0,0,1,0,차대차 - 정면충돌,안전운전불이행,포장 - 기타,흐림,단일로 - 기타,이륜,남,42세,상해없음,자전거,남,25세,경상
2019042300100180,2019년 4월 23일 10시,화요일,서울특별시 은평구 녹번동,중상사고,0,1,0,0,차대차 - 측면충돌,안전운전불이행,포장 - 건조,맑음,교차로 - 교차로부근,승용,남,79세,상해없음,자전거,남,77세,중상
2019042300100234,2019년 4월 23일 12시,화요일,서울특별시 금천구 독산동,경상사고,0,0,1,0,차대차 - 측면충돌,안전운전불이행,포장 - 건조,흐림,단일로 - 기타,자전거,남,67세,기타불명,자전거,남,56세,경상
2019042300100452,2019년 4월 23일 18시,화요일,서울특별시 송파구 송파동,경상사고,0,0,1,0,차대차 - 측면충돌,안전운전불이행,포장 - 건조,맑음,단일로 - 기타,자전거,여,59세,경상,자전거,남,17세,상해없음
2019042300100566,2019년 4월 23일 21시,화요일,서울특별시 금천구 독산동,경상사고,0,0,1,0,차대차 - 정면충돌,안전운전불이행,포장 - 건조,맑음,교차로 - 교차로부근,이륜,남,25세,상해없음,자전거,남,61세,경상
2019042300100569,2019년 4월 23일 21시,화요일,서울특별시 중랑구 중화동,경상사고,0,0,1,0,차대차 - 기타,안전운전불이행,포장 - 젖음/습기,비,기타 - 기타,승용,남,47세,상해없음,자전거,남,64세,경상
2019042300100605,2019년 4월 23일 22시,화요일,서울특별시 강서구 공항동,중상사고,0,1,0,0,차대차 - 측면충돌,안전운전불이행,포장 - 기타,맑음,단일로 - 기타,승합,남,49세,상해없음,자전거,남,56세,중상
2019042400100101,2019년 4월 24일 05시,수요일,서울특별시 구로구 가리봉동,경상사고,0,0,1,0,차대차 - 기타,신호위반,포장 - 젖음/습기,비,교차로 - 교차로횡단보도내,승합,남,63세,상해없음,자전거,여,72세,경상