사고번호,사고일시,요일,시군구,사고내용,사망자수,중상자수,경상자수,부상신고자수,사고유형,법규위반,노면상태,기상상태,도로형태,가해운전자 차종,가해운전자 성별,가해운전자 연령,가해운전자 상해정도,피해운전자 차종,피해운전자 성별,피해운전자 연령,피해운전자 상해정도
2019051400100402,2019년 5월 14일 16시,화요일,서울특별시 강서구 화곡동,사망사고,1,0,0,0,차대차 - 측면충돌,신호위반,포장 - 건조,맑음,단일로 - 기타,승합,남,58세,상해없음,자전거,남,80세,사망
2019051400100405,2019년 5월 14일 16시,화요일,서울특별시 송파구 방이동,경상사고,0,0,1,0,차대차 - 측면충돌,안전운전불이행,포장 - 건조,맑음,교차로 - 교차로안,승합,여,66세,상해없음,자전거,남,64세,경상
2019051500100106,2019년 5월 15일 07시,수요일,서울특별시 양천구 신정동,중상사고,0,1,0,0,차대차 - 기타,기타,포장 - 건조,맑음,단일로 - 기타,승용,남,57세,상해없음,자전거,여,52세,중상
2019051500100212,2019년 5월 15일 10시,수요일,서울특별시 강동구 강일동,경상사고,0,0,1,0,차대차 - 측면충돌,안전운전불이행,포장 - 건조,맑음,교차로 - 교차로횡단보도내,승용,여,39세,상해없음,자전거,여,71세,경상
2019051500100359,2019년 5월 15일 14시,수요일,서울특별시 중구 신당동,중상사고,0,1,0,0,차대차 - 추돌,안전운전불이행,포장 - 건조,맑음,단일로 - 기타,이륜,남,17세,상해없음,자전거,남,85세,중상
2019051500100484,2019년 5월 15일 17시,수요일,서울특별시 서초구 방배동,부상신고사고,0,0,0,1,차대차 - 기타,안전운전불이행,포장 - 건조,맑음,단일로 - 기타,기타불명,기타불명,미분류,기타불명,자전거,남,55세,부상신고
2019051500100523,2019년 5월 15일 18시,수요일,서울특별시 종로구 숭인동,경상사고,0,0,1,0,차대차 - 측면충돌,안전운전불이행,포장 - 건조,맑음,교차로 - 교차로부근,승용,여,44세,상해없음,자전거,남,72세,경상
2019051600100285,2019년 5월 16일 11시,목요일,서울특별시 송파구 방이동,경상사고,0,0,1,0,차대차 - 측면충돌,신호위반,포장 - 건조,맑음,교차로 - 교차로안,이륜,남,41세,상해없음,자전거,여,68세,경상
2019051600100409,2019년 5월 16일 15시,목요일,서울특별시 중랑구 신내동,경상사고,0,0,1,0,차대차 - 기타,안전운전불이행,포장 - 건조,맑음,교차로 - 교차로안,승용,남,59세,상해없음,자전거,여,59세,경상
2019051600100489,2019년 5월 16일 17시,목요일,서울특별시 동대문구 장안동,경상사고,0,0,1,0,차대차 - 측면충돌,직진우회전진행방해,포장 - 건조,맑음,교차로 - 교차로안,승용,여,37세,상해없음,자전거,여,82세,경상
2019051600100551,2019년 5월 16일 18시,목요일,서울특별시 송파구 방이동,경상사고,0,0,1,0,차대차 - 측면충돌,안전운전불이행,포장 - 건조,맑음,교차로 - 교차로횡단보도내,승용,남,46세,상해없음,자전거,여,55세,경상
2019051600100692,2019년 5월 16일 22시,목요일,서울특별시 서초구 서초동,중상사고,0,1,0,0,차대차 - 기타,기타,포장 - 건조,맑음,기타 - 기타,승용,남,62세,상해없음,자전거,남,35세,중상
2019051700100070,2019년 5월 17일 05시,금요일,서울특별시 양천구 신정동,중상사고,0,1,0,0,차대차 - 측면충돌,신호위반,포장 - 건조,맑음,교차로 - 교차로안,승용,여,25세,상해없음,자전거,남,65세,중상
2019051700100442,2019년 5월 17일 17시,금요일,서울특별시 강북구 수유동,경상사고,0,0,1,0,차대차 - 측면충돌,안전운전불이행,포장 - 건조,맑음,교차로 - 교차로안,승용,남,39세,상해없음,자전거,남,12세,경상
2019051700100444,2019년 5월 17일 17시,금요일,서울특별시 강서구 화곡동,경상사고,0,0,1,0,차대차 - 후진중충돌,기타,포장 - 건조,맑음,단일로 - 기타,승용,남,54세,상해없음,자전거,남,10세,경상
2019051700100503,2019년 5월 17일 18시,금요일,서울특별시 노원구 상계동,경상사고,0,0,1,0,차대차 - 측면충돌,직진우회전진행방해,포장 - 건조,맑음,교차로 - 교차로안,승합,남,64세,상해없음,자전거,남,11세,경상
2019051700100598,2019년 5월 17일 20시,금요일,서울특별시 구로구 신도림동,경상사고,0,0,1,0,차대차 - 기타,신호위반,포장 - 건조,맑음,단일로 - 기타,화물,남,56세,상해없음,자전거,여,62세,경상
2019051800100169,2019년 5월 18일 08시,토요일,서울특별시 동작구 사당동,중상사고,0,1,0,0,차대차 - 기타,직진우회전진행방해,포장 - 건조,맑음,교차로 - 교차로안,승용,여,48세,상해없음,자전거,여,45세,중상
2019051800100186,2019년 5월 18일 09시,토요일,서울특별시 강서구 등촌동,경상사고,0,0,1,0,차대차 - 측면충돌,안전운전불이행,포장 - 건조,맑음,단일로 - 기타,승용,남,70세,상해없음,자전거,남,29세,경상
2019051800100256,2019년 5월 18일 11시,토요일,서울특별시 송파구 방이동,경상사고,0,0,1,0,차대차 - 기타,안전운전불이행,포장 - 건조,맑음,단일로 - 기타,화물,남,63세,상해없음,자전거,여,13세,경상
2019051800100340,2019년 5월 18일 13시,토요일,서울특별시 송파구 석촌동,경상사고,0,0,1,0,차대차 - 기타,안전운전불이행,포장 - 건조,맑음,단일로 - 기타,승용,남,62세,상해없음,자전거,남,28세,경상
2019051800100454,2019년 5월 18일 16시,토요일,서울특별시 양천구 신정동,중상사고,0,1,0,0,차대차 - 기타,안전운전불이행,포장 - 건조,맑음,단일로 - 기타,승용,남,52세,상해없음,자전거,여,64세,중상
2019051800100530,2019년 5월 18일 18시,토요일,서울특별시 구로구 궁동,경상사고,0,0,1,0,차대차 - 측면충돌,신호위반,포장 - 건조,맑음,교차로 - 교차로횡단보도내,승용,남,44세,상해없음,자전거,남,78세,경상
2019051800100623,2019년 5월 18일 21시,토요일,서울특별시 송파구 풍납동,경상사고,0,0,1,0,차대차 - 측면충돌,안전운전불이행,포장 - 건조,맑음,교차로 - 교차로안,승용,남,65세,상해없음,자전거,남,48세,경상
2019051800100672,2019년 5월 18일 23시,토요일,서울특별시 은평구 응암동,경상사고,0,0,1,0,차대차 - 추돌,안전운전불이행,포장 - 건조,맑음,단일로 - 기타,승용,여,38세,상해없음,자전거,남,61세,경상
2019052000100077,2019년 5월 20일 07시,월요일,서울특별시 금천구 시흥동,경상사고,0,0,1,0,차대차 - 측면충돌,안전운전불이행,포장 - 건조,맑음,교차로 - 교차로안,승용,남,31세,상해없음,자전거,남,16세,경상
2019052000100154,2019년 5월 20일 09시,월요일,서울특별시 관악구 봉천동,경상사고,0,0,1,0,차대차 - 기타,안전운전불이행,포장 - 건조,맑음,교차로 - 교차로부근,승용,남,52세,상해없음,자전거,여,46세,경상
2019052000100474,2019년 5월 20일 17시,월요일,서울특별시 송파구 문정동,경상사고,0,0,1,0,차대차 - 기타,안전운전불이행,포장 - 건조,맑음,교차로 - 교차로안,화물,남,65세,상해없음,자전거,남,9세,경상
2019052000100662,2019년 5월 20일 22시,월요일,서울특별시 강서구 화곡동,경상사고,0,0,1,0,차대차 - 측면충돌,안전운전불이행,포장 - 건조,맑음,교차로 - 교차로안,승용,남,58세,상해없음,자전거,남,17세,경상
2019052100100240,2019년 5월 21일 10시,화요일,서울특별시 송파구 거여동,경상사고,0,0,1,0,차대차 - 측면충돌,안전운전불이행,포장 - 건조,맑음,교차로 - 교차로안,승용,여,51세,상해없음,자전거,여,42세,경상
2019052100100307,2019년 5월 21일 12시,화요일,서울특별시 강서구 공항동,경상사고,0,0,1,0,차대차 - 기타,안전운전불이행,포장 - 건조,맑음,단일로 - 기타,승용,남,42세,상해없음,자전거,남,46세,경상
2019052100100481,2019년 5월 21일 17시,화요일,서울특별시 구로구 신도림동,중상사고,0,1,0,0,차대차 - 측면충돌,기타,포장 - 건조,맑음,단일로 - 기타,기타불명,기타불명,미분류,기타불명,자전거,남,26세,중상
2019052100100538,2019년 5월 21일 18시,화요일,서울특별시 영등포구 신길동,중상사고,0,1,0,0,차대차 - 기타,안전운전불이행,포장 - 건조,맑음,단일로 - 기타,승용,남,45세,상해없음,자전거,남,69세,중상
2019052100100544,2019년 5월 21일 18시,화요일,서울특별시 도봉구 도봉동,중상사고,0,1,0,0,차대차 - 측면충돌,안전거리미확보,포장 - 건조,맑음,교차로 - 교차로안,자전거,남,21세,상해없음,자전거,남,88세,중상
2019052100100628,2019년 5월 21일 20시,화요일,서울특별시 강북구 수유동,경상사고,0,0,1,0,차대차 - 측면충돌,안전운전불이행,포장 - 건조,맑음,단일로 - 기타,승용,남,26세,상해없음,자전거,남,12세,경상
2019052100100631,2019년 5월 21일 20시,화요일,서울특별시 구로구 천왕동,경상사고,0,0,1,0,차대차 - 기타,신호위반,포장 - 건조,맑음,단일로 - 기타,이륜,남,37세,상해없음,자전거,남,7세,경상
2019052200100058,2019년 5월 22일 04시,수요일,서울특별시 양천구 신정동,중상사고,0,1,0,0,차대차 - 기타,신호위반,포장 - 건조,맑음,단일로 - 기타,원동기,남,64세,상해없음,자전거,여,63세,중상
2019052200100238,2019년 5월 22일 10시,수요일,서울특별시 마포구 노고산동,중상사고,0,1,0,0,차대차 - 추돌,안전운전불이행,포장 - 건조,맑음,단일로 - 기타,승용,남,62세,상해없음,자전거,남,83세,중상
2019052200100439,2019년 5월 22일 16시,수요일,서울특별시 노원구 상계동,경상사고,0,0,1,0,차대차 - 측면충돌,신호위반,포장 - 건조,맑음,교차로 - 교차로부근,승용,남,72세,상해없음,자전거,남,67세,경상
2019052200100676,2019년 5월 22일 22시,수요일,서울특별시 양천구 신정동,중상사고,0,1,0,0,차대차 - 정면충돌,안전운전불이행,포장 - 건조,맑음,기타 - 기타,자전거,남,15세,중상,자전거,기타불명,미분류,기타불명
2019052200100706,2019년 5월 22일 23시,수요일,서울특별시 영등포구 신길동,경상사고,0,0,1,0,차대차 - 정면충돌,안전운전불이행,포장 - 건조,맑음,교차로 - 교차로부근,승용,남,30세,상해없음,자전거,남,66세,경상
2019052300100103,2019년 5월 23일 07시,목요일,서울특별시 성동구 성수동2가,경상사고,0,0,1,0,차대차 - 측면충돌,안전운전불이행,포장 - 건조,맑음,교차로 - 교차로안,승용,여,63세,상해없음,자전거,남,70세,경상
2019052300100104,2019년 5월 23일 07시,목요일,서울특별시 강동구 성내동,부상신고사고,0,0,0,1,차대차 - 기타,안전운전불이행,포장 - 건조,맑음,단일로 - 기타,기타불명,기타불명,미분류,기타불명,자전거,남,68세,부상신고
2019052300100188,2019년 5월 23일 09시,목요일,서울특별시 성북구 종암동,부상신고사고,0,0,0,1,차대차 - 측면충돌,안전운전불이행,포장 - 건조,맑음,단일로 - 기타,자전거,여,65세,부상신고,자전거,남,25세,상해없음
2019052300100331,2019년 5월 23일 13시,목요일,서울특별시 강동구 성내동,중상사고,0,1,0,0,차대차 - 기타,안전운전불이행,포장 - 건조,맑음,교차로 - 교차로안,승용,남,25세,상해없음,자전거,남,44세,중상
2019052300100362,2019년 5월 23일 14시,목요일,서울특별시 강서구 등촌동,부상신고사고,0,0,0,1,차대차 - 측면충돌,기타,포장 - 건조,맑음,교차로 - 교차로횡단보도내,자전거,남,66세,부상신고,자전거,남,84세,상해없음
2019052400100177,2019년 5월 24일 09시,금요일,서울특별시 강남구 삼성동,부상신고사고,0,0,0,1,차대차 - 기타,안전운전불이행,포장 - 건조,맑음,기타 - 기타,자전거,남,52세,상해없음,자전거,남,31세,부상신고
2019052400100216,2019년 5월 24일 10시,금요일,서울특별시 중랑구 중화동,경상사고,0,0,3,0,차대차 - 측면충돌,안전운전불이행,포장 - 건조,맑음,교차로 - 교차로안,이륜,남,20세,경상,자전거,남,58세,경상
2019052400100247,2019년 5월 24일 11시,금요일,서울특별시 중구 장충동2가,중상사고,0,1,0,0,차대차 - 측면충돌,안전운전불이행,포장 - 건조,맑음,단일로 - 기타,승용,남,51세,상해없음,자전거,남,67세,중상
2019052400100288,2019년 5월 24일 12시,금요일,서울특별시 서초구 방배동,중상사고,0,1,0,0,차대차 - 측면충돌,안전운전불이행,포장 - 건조,맑음,단일로 - 지하차도(도로)내,승용,남,44세,상해없음,자전거,남,27세,중상
2019052400100326,2019년 5월 24일 13시,금요일,서울특별시 중랑구 중화동,경상사고,0,0,1,0,차대차 - 측면충돌,안전운전불이행,포장 - 건조,맑음,교차로 - 교차로안,화물,여,65세,상해없음,자전거,여,52세,경상
2019052400100459,2019년 5월 24일 16시,금요일,서울특별시 송파구 잠실동,경상사고,0,0,1,0,차대차 - 측면충돌,안전운전불이행,포장 - 건조,맑음,단일로 - 기타,승용,여,53세,상해없음,자전거,남,73세,경상
2019052400100625,2019년 5월 24일 19시,금요일,서울특별시 양천구 신정동,부상신고사고,0,0,0,1,차대차 - 측면충돌,안전운전불이행,포장 - 건조,맑음,기타 - 기타,화물,남,61세,상해없음,자전거,남,10세,부상신고
2019052500100148,2019년 5월 25일 08시,토요일,서울특별시 영등포구 대림동,부상신고사고,0,0,0,1,차대차 - 정면충돌,안전운전불이행,포장 - 건조,맑음,단일로 - 기타,자전거,여,69세,부상신고,자전거,남,46세,상해없음
2019052500100397,2019년 5월 25일 15시,토요일,서울특별시 강동구 강일동,중상사고,0,1,0,0,차대차 - 기타,신호위반,포장 - 기타,맑음,교차로 - 교차로안,승합,남,56세,상해없음,자전거,남,71세,중상
2019052500100545,2019년 5월 25일 19시,토요일,서울특별시 영등포구 대림동,경상사고,0,0,1,0,차대차 - 기타,안전운전불이행,포장 - 건조,맑음,단일로 - 기타,이륜,남,21세,상해없음,자전거,남,61세,경상
2019052500100583,2019년 5월 25일 20시,토요일,서울특별시 노원구 하계동,부상신고사고,0,0,0,1,차대차 - 측면충돌,안전운전불이행,포장 - 건조,맑음,단일로 - 기타,자전거,여,51세,부상신고,자전거,남,59세,상해없음
2019052500100615,2019년 5월 25일 21시,토요일,서울특별시 은평구 응암동,중상사고,0,1,0,0,차대차 - 측면충돌,교차로운행방법위반,포장 - 건조,맑음,교차로 - 교차로안,승용,여,48세,상해없음,자전거,남,12세,중상
2019052600100147,2019년 5월 26일 10시,일요일,서울특별시 성동구 사근동,중상사고,0,1,0,0,차대차 - 기타,안전운전불이행,포장 - 건조,맑음,기타 - 기타,자전거,남,71세,상해없음,자전거,여,73세,중상
2019052600100241,2019년 5월 26일 13시,일요일,서울특별시 영등포구 여의도동,경상사고,0,0,1,0,차대차 - 추돌,안전운전불이행,포장 - 건조,맑음,단일로 - 기타,자전거,남,36세,경상,자전거,남,7세,상해없음
2019052600100355,2019년 5월 26일 16시,일요일,서울특별시 동대문구 장안동,경상사고,0,0,1,0,차대차 - 기타,안전운전불이행,포장 - 건조,맑음,단일로 - 기타,자전거,남,33세,상해없음,자전거,여,55세,경상
2019052600100415,2019년 5월 26일 18시,일요일,서울특별시 중랑구 신내동,경상사고,0,0,1,0,차대차 - 기타,안전운전불이행,포장 - 건조,맑음,기타 - 기타,이륜,남,21세,상해없음,자전거,남,8세,경상
2019052600100463,2019년 5월 26일 20시,일요일,서울특별시 강동구 길동,경상사고,0,0,1,0,차대차 - 기타,안전운전불이행,포장 - 건조,맑음,단일로 - 기타,기타불명,기타불명,미분류,기타불명,자전거,남,49세,경상
2019052600100541,2019년 5월 26일 23시,일요일,서울특별시 마포구 공덕동,경상사고,0,0,1,0,차대차 - 측면충돌,교차로운행방법위반,포장 - 건조,맑음,교차로 - 교차로횡단보도내,승용,남,54세,상해없음,자전거,여,20세,경상
2019052700100127,2019년 5월 27일 08시,월요일,서울특별시 강동구 상일동,중상사고,0,1,0,0,차대차 - 측면충돌,신호위반,포장 - 젖음/습기,비,교차로 - 교차로안,승용,여,45세,상해없음,자전거,남,62세,중상
2019052700100435,2019년 5월 27일 16시,월요일,서울특별시 양천구 신월동,경상사고,0,0,1,0,차대차 - 측면충돌,안전운전불이행,포장 - 건조,맑음,단일로 - 기타,화물,남,50세,상해없음,자전거,남,10세,경상
2019052700100542,2019년 5월 27일 19시,월요일,서울특별시 동대문구 장안동,경상사고,0,0,1,0,차대차 - 측면충돌,직진우회전진행방해,포장 - 젖음/습기,흐림,교차로 - 교차로안,승용,여,45세,상해없음,자전거,남,60세,경상
2019052800100040,2019년 5월 28일 01시,화요일,서울특별시 은평구 녹번동,경상사고,0,0,1,0,차대차 - 기타,기타,포장 - 건조,맑음,단일로 - 기타,승용,남,76세,상해없음,자전거,여,32세,경상
2019052800100092,2019년 5월 28일 07시,화요일,서울특별시 영등포구 양평동5가,중상사고,0,1,1,0,차대차 - 기타,안전운전불이행,포장 - 건조,맑음,단일로 - 기타,자전거,남,51세,중상,자전거,남,70세,경상
2019052800100302,2019년 5월 28일 13시,화요일,서울특별시 영등포구 당산동5가,경상사고,0,0,1,0,차대차 - 기타,안전운전불이행,포장 - 건조,맑음,기타 - 기타,승용,남,40세,상해없음,자전거,여,28세,경상
2019052800100348,2019년 5월 28일 14시,화요일,서울특별시 관악구 봉천동,경상사고,0,0,1,0,차대차 - 측면충돌,안전운전불이행,포장 - 건조,맑음,교차로 - 교차로안,승용,여,30세,상해없음,자전거,남,77세,경상
2019052800100506,2019년 5월 28일 17시,화요일,서울특별시 은평구 진관동,경상사고,0,0,1,0,차대차 - 기타,안전운전불이행,포장 - 건조,맑음,교차로 - 교차로횡단보도내,승용,남,79세,상해없음,자전거,남,7세,경상
2019052800100559,2019년 5월 28일 18시,화요일,서울특별시 구로구 구로동,경상사고,0,0,1,0,차대차 - 기타,안전운전불이행,포장 - 건조,맑음,단일로 - 기타,화물,남,67세,상해없음,자전거,여,51세,경상
2019052800100659,2019년 5월 28일 20시,화요일,서울특별시 서초구 잠원동,중상사고,0,1,0,0,차대차 - 기타,안전운전불이행,포장 - 건조,맑음,단일로 - 기타,승용,여,69세,상해없음,자전거,남,12세,중상
2019052800100689,2019년 5월 28일 21시,화요일,서울특별시 강동구 길동,경상사고,0,0,1,0,차대차 - 측면충돌,안전운전불이행,포장 - 건조,맑음,단일로 - 기타,승용,남,32세,상해없음,자전거,여,24세,경상
2019052900100024,2019년 5월 29일 00시,수요일,서울특별시 구로구 구로동,중상사고,0,1,0,0,차대차 - 기타,안전운전불이행,포장 - 건조,맑음,단일로 - 기타,승용,남,65세,상해없음,자전거,여,57세,중상
2019052900100088,2019년 5월 29일 07시,수요일,서울특별시 송파구 잠실동,경상사고,0,0,1,0,차대차 - 측면충돌,안전운전불이행,포장 - 건조,맑음,단일로 - 기타,승합,남,62세,상해없음,자전거,여,38세,경상
2019052900100121,2019년 5월 29일 08시,수요일,서울특별시 관악구 신림동,경상사고,0,0,1,0,차대차 - 기타,신호위반,포장 - 건조,맑음,단일로 - 기타,기타불명,기타불명,미분류,기타불명,자전거,여,22세,경상
2019052900100127,2019년 5월 29일 08시,수요일,서울특별시 노원구 중계동,중상사고,0,1,0,0,차대차 - 측면충돌,기타,포장 - 건조,맑음,단일로 - 기타,승용,남,71세,상해없음,자전거,남,86세,중상
2019052900100375,2019년 5월 29일 15시,수요일,서울특별시 마포구 성산동,중상사고,0,1,0,0,차대차 - 측면충돌,교차로운행방법위반,포장 - 건조,맑음,교차로 - 교차로안,승용,남,72세,상해없음,자전거,남,62세,중상
2019052900100380,2019년 5월 29일 15시,수요일,서울특별시 강동구 성내동,경상사고,0,0,1,0,차대차 - 측면충돌,중앙선침범,포장 - 건조,맑음,단일로 - 기타,승용,남,22세,상해없음,자전거,여,61세,경상
2019052900100477,2019년 5월 29일 17시,수요일,서울특별시 금천구 독산동,중상사고,0,1,0,0,차대차 - 측면충돌,안전운전불이행,포장 - 건조,맑음,교차로 - 교차로안,화물,남,50세,상해없음,자전거,남,13세,중상
2019053000100105,2019년 5월 30일 07시,목요일,서울특별시 금천구 독산동,경상사고,0,0,1,0,차대차 - 기타,안전운전불이행,포장 - 건조,맑음,교차로 - 교차로부근,승용,여,63세,상해없음,자전거,남,48세,경상
2019053000100128,2019년 5월 30일 08시,목요일,서울특별시 영등포구 문래동3가,경상사고,0,0,1,0,차대차 - 기타,안전운전불이행,포장 - 건조,맑음,교차로 - 교차로안,승용,남,58세,상해없음,자전거,남,34세,경상
2019053000100182,2019년 5월 30일 09시,목요일,서울특별시 마포구 망원동,중상사고,0,1,0,0,차대차 - 기타,안전운전불이행,포장 - 건조,맑음,단일로 - 기타,이륜,남,37세,중상,자전거,여,64세,상해없음
2019053000100255,2019년 5월 30일 11시,목요일,서울특별시 영등포구 당산동4가,경상사고,0,0,1,0,차대차 - 측면충돌,안전운전불이행,포장 - 건조,맑음,교차로 - 교차로안,화물,남,33세,상해없음,자전거,남,77세,경상
2019053000100285,2019년 5월 30일 12시,목요일,서울특별시 송파구 잠실동,중상사고,0,1,0,0,차대차 - 측면충돌,안전운전불이행,포장 - 건조,맑음,교차로 - 교차로부근,승용,여,63세,상해없음,자전거,여,28세,중상
2019053000100387,2019년 5월 30일 16시,목요일,서울특별시 중랑구 상봉동,경상사고,0,0,1,0,차대차 - 추돌,안전운전불이행,포장 - 건조,맑음,교차로 - 교차로부근,승용,여,60세,상해없음,자전거,남,79세,경상
2019053000100570,2019년 5월 30일 21시,목요일,서울특별시 서대문구 북가좌동,경상사고,0,0,1,0,차대차 - 측면충돌,직진우회전진행방해,포장 - 건조,흐림,교차로 - 교차로안,승용,남,67세,상해없음,자전거,남,13세,경상
2019053100100211,2019년 5월 31일 10시,금요일,서울특별시 마포구 상수동,중상사고,0,1,0,0,차대차 - 측면충돌,안전운전불이행,포장 - 건조,맑음,기타 - 기타,승용,남,29세,상해없음,자전거,남,58세,중상
2019053100100232,2019년 5월 31일 11시,금요일,서울특별시 서대문구 홍제동,중상사고,0,1,0,0,차대차 - 추돌,안전운전불이행,포장 - 건조,맑음,단일로 - 기타,승합,남,57세,상해없음,자전거,남,56세,중상
2019053100100690,2019년 5월 31일 21시,금요일,서울특별시 강북구 미아동,중상사고,0,1,0,0,차대차 - 측면충돌,안전운전불이행,포장 - 건조,맑음,교차로 - 교차로안,승용,남,57세,상해없음,자전거,남,34세,중상
2019053100100742,2019년 5월 31일 22시,금요일,서울특별시 강동구 고덕동,경상사고,0,0,1,0,차대차 - 측면충돌,안전운전불이행,포장 - 건조,맑음,기타 - 기타,자전거,남,46세,상해없음,자전거,남,39세,경상
2019060100100115,2019년 6월 1일 07시,토요일,서울특별시 중랑구 중화동,중상사고,0,1,0,0,차대차 - 측면충돌,중앙선침범,포장 - 건조,맑음,단일로 - 기타,승용,남,67세,상해없음,자전거,남,64세,중상
2019060100100152,2019년 6월 1일 09시,토요일,서울특별시 영등포구 대림동,경상사고,0,0,1,0,차대차 - 측면충돌,직진우회전진행방해,포장 - 건조,맑음,교차로 - 교차로안,승용,여,56세,상해없음,자전거,남,51세,경상
2019060100100289,2019년 6월 1일 13시,토요일,서울특별시 강동구 길동,중상사고,0,1,0,0,차대차 - 기타,안전운전불이행,포장 - 건조,맑음,기타 - 기타,화물,남,61세,상해없음,자전거,남,79세,중상
2019060100100404,2019년 6월 1일 16시,토요일,서울특별시 성동구 성수동1가,경상사고,0,0,1,0,차대차 - 측면충돌,안전거리미확보,포장 - 건조,맑음,단일로 - 기타,자전거,여,43세,경상,자전거,남,48세,상해없음
2019060100100405,2019년 6월 1일 16시,토요일,서울특별시 성동구 송정동,경상사고,0,0,1,0,차대차 - 기타,안전운전불이행,포장 - 건조,맑음,단일로 - 기타,자전거,남,61세,상해없음,자전거,여,60세,경상
2019060200100037,2019년 6월 2일 01시,일요일,서울특별시 양천구 목동,부상신고사고,0,0,0,1,차대차 - 측면충돌,안전운전불이행,포장 - 건조,맑음,단일로 - 기타,승용,남,45세,상해없음,자전거,여,20세,부상신고
2019060200100157,2019년 6월 2일 11시,일요일,서울특별시 성동구 송정동,중상사고,0,1,0,0,차대차 - 측면충돌,안전운전불이행,포장 - 건조,맑음,단일로 - 기타,자전거,남,26세,상해없음,자전거,남,48세,중상
2019060200100193,2019년 6월 2일 13시,일요일,서울특별시 양천구 목동,부상신고사고,0,0,0,1,차대차 - 기타,안전운전불이행,포장 - 건조,맑음,교차로 - 교차로부근,승용,남,37세,상해없음,자전거,남,16세,부상신고
2019060200100288,2019년 6월 2일 16시,일요일,서울특별시 용산구 한강로3가,경상사고,0,0,1,0,차대차 - 기타,불법유턴,포장 - 건조,맑음,단일로 - 기타,승용,남,55세,상해없음,자전거,남,61세,경상
2019060200100291,2019년 6월 2일 16시,일요일,서울특별시 강남구 삼성동,경상사고,0,0,1,0,차대차 - 기타,신호위반,포장 - 건조,맑음,기타 - 기타,화물,남,44세,상해없음,자전거,남,29세,경상
2019060200100390,2019년 6월 2일 19시,일요일,서울특별시 강동구 암사동,경상사고,0,0,1,0,차대차 - 기타,안전운전불이행,포장 - 건조,맑음,기타 - 기타,승용,여,62세,기타불명,자전거,여,8세,경상
2019060200100415,2019년 6월 2일 20시,일요일,서울특별시 용산구 이촌동,중상사고,0,1,0,0,차대차 - 측면충돌,안전운전불이행,포장 - 건조,맑음,단일로 - 지하차도(도로)내,자전거,남,47세,상해없음,자전거,여,27세,중상
2019060200100419,2019년 6월 2일 20시,일요일,서울특별시 도봉구 창동,경상사고,0,0,1,0,차대차 - 추돌,안전운전불이행,포장 - 기타,맑음,단일로 - 기타,자전거,남,14세,상해없음,자전거,여,31세,경상
2019060300100126,2019년 6월 3일 08시,월요일,서울특별시 노원구 공릉동,경상사고,0,0,1,0,차대차 - 기타,안전운전불이행,포장 - 건조,맑음,단일로 - 기타,자전거,남,45세,상해없음,자전거,남,48세,경상
2019060300100127,2019년 6월 3일 08시,월요일,서울특별시 강남구 대치동,중상사고,0,1,0,0,차대차 - 기타,안전운전불이행,포장 - 건조,맑음,단일로 - 기타,자전거,남,50세,상해없음,자전거,남,39세,중상
2019060300100384,2019년 6월 3일 15시,월요일,서울특별시 강남구 일원동,경상사고,0,0,1,0,차대차 - 측면충돌,안전운전불이행,포장 - 건조,맑음,교차로 - 교차로안,승용,남,64세,상해없음,자전거,남,14세,경상
2019060300100483,2019년 6월 3일 18시,월요일,서울특별시 서대문구 북가좌동,부상신고사고,0,0,0,1,차대차 - 측면충돌,안전운전불이행,포장 - 건조,흐림,단일로 - 기타,승용,여,47세,상해없음,자전거,남,12세,부상신고
2019060300100575,2019년 6월 3일 21시,월요일,서울특별시 은평구 역촌동,경상사고,0,0,1,0,차대차 - 측면충돌,안전운전불이행,포장 - 건조,맑음,단일로 - 기타,승합,남,47세,상해없음,자전거,남,28세,경상
2019060400100108,2019년 6월 4일 08시,화요일,서울특별시 강동구 길동,경상사고,0,0,1,0,차대차 - 기타,안전운전불이행,포장 - 건조,맑음,단일로 - 기타,화물,남,52세,상해없음,자전거,남,40세,상해없음
2019060400100235,2019년 6월 4일 11시,화요일,서울특별시 동대문구 장안동,경상사고,0,0,1,0,차대차 - 추돌,교차로운행방법위반,포장 - 건조,맑음,교차로 - 교차로안,화물,남,46세,상해없음,자전거,남,76세,경상
2019060400100368,2019년 6월 4일 15시,화요일,서울특별시 영등포구 대림동,중상사고,0,1,0,0,차대차 - 기타,신호위반,포장 - 건조,맑음,단일로 - 기타,원동기,남,60세,상해없음,자전거,남,50세,중상
2019060400100369,2019년 6월 4일 15시,화요일,서울특별시 성동구 성수동2가,경상사고,0,0,1,0,차대차 - 기타,안전운전불이행,포장 - 건조,맑음,단일로 - 기타,승용,여,58세,상해없음,자전거,여,31세,경상
2019060400100371,2019년 6월 4일 15시,화요일,서울특별시 노원구 하계동,경상사고,0,0,1,0,차대차 - 측면충돌,안전운전불이행,포장 - 건조,맑음,교차로 - 교차로횡단보도내,승용,남,70세,기타불명,자전거,남,13세,경상