사고번호,사고일시,요일,시군구,사고내용,사망자수,중상자수,경상자수,부상신고자수,사고유형,법규위반,노면상태,기상상태,도로형태,가해운전자 차종,가해운전자 성별,가해운전자 연령,가해운전자 상해정도,피해운전자 차종,피해운전자 성별,피해운전자 연령,피해운전자 상해정도
2019060400100407,2019년 6월 4일 16시,화요일,서울특별시 도봉구 방학동,경상사고,0,0,1,0,차대차 - 정면충돌,안전운전불이행,포장 - 건조,맑음,교차로 - 교차로부근,자전거,남,28세,경상,자전거,남,58세,상해없음
2019060400100509,2019년 6월 4일 18시,화요일,서울특별시 용산구 원효로2가,중상사고,0,1,0,0,차대차 - 기타,기타,포장 - 건조,맑음,단일로 - 기타,화물,남,28세,상해없음,자전거,남,51세,중상
2019060400100517,2019년 6월 4일 18시,화요일,서울특별시 송파구 잠실동,경상사고,0,0,1,0,차대차 - 측면충돌,안전운전불이행,포장 - 건조,맑음,교차로 - 교차로부근,승용,남,73세,상해없음,자전거,남,28세,경상
2019060500100027,2019년 6월 5일 00시,수요일,서울특별시 서대문구 영천동,중상사고,0,1,0,0,차대차 - 측면충돌,안전운전불이행,포장 - 건조,맑음,교차로 - 교차로안,기타불명,기타불명,미분류,기타불명,자전거,남,49세,중상
2019060500100271,2019년 6월 5일 12시,수요일,서울특별시 영등포구 문래동5가,중상사고,0,1,1,0,차대차 - 측면충돌,안전운전불이행,포장 - 건조,맑음,단일로 - 기타,자전거,남,15세,경상,자전거,여,61세,중상
2019060500100342,2019년 6월 5일 14시,수요일,서울특별시 송파구 송파동,중상사고,0,1,0,0,차대차 - 측면충돌,안전운전불이행,포장 - 건조,맑음,교차로 - 교차로부근,승용,여,58세,상해없음,자전거,남,69세,중상
2019060500100382,2019년 6월 5일 15시,수요일,서울특별시 성북구 종암동,경상사고,0,0,1,0,차대차 - 기타,안전운전불이행,포장 - 건조,맑음,교차로 - 교차로부근,화물,남,59세,상해없음,자전거,여,48세,경상
2019060500100592,2019년 6월 5일 19시,수요일,서울특별시 종로구 구기동,중상사고,0,1,0,0,차대차 - 측면충돌,안전운전불이행,포장 - 건조,맑음,단일로 - 기타,승용,남,61세,상해없음,자전거,남,52세,중상
2019060500100594,2019년 6월 5일 19시,수요일,서울특별시 용산구 남영동,중상사고,0,1,0,0,차대차 - 추돌,안전운전불이행,포장 - 건조,맑음,단일로 - 기타,승용,남,67세,상해없음,자전거,남,31세,중상
2019060600100097,2019년 6월 6일 05시,목요일,서울특별시 마포구 성산동,중상사고,0,1,0,0,차대차 - 추돌,안전운전불이행,포장 - 건조,맑음,기타 - 기타,승용,여,51세,상해없음,자전거,남,67세,중상
2019060600100098,2019년 6월 6일 05시,목요일,서울특별시 마포구 성산동,경상사고,0,0,1,0,차대차 - 측면충돌,안전운전불이행,포장 - 건조,맑음,단일로 - 기타,승용,남,50세,상해없음,자전거,남,69세,경상
2019060600100148,2019년 6월 6일 09시,목요일,서울특별시 노원구 상계동,경상사고,0,0,1,0,차대차 - 측면충돌,기타,포장 - 건조,흐림,교차로 - 교차로부근,승용,남,69세,상해없음,자전거,남,50세,경상
2019060600100357,2019년 6월 6일 16시,목요일,서울특별시 은평구 구산동,경상사고,0,0,1,0,차대차 - 측면충돌,안전운전불이행,포장 - 젖음/습기,비,단일로 - 기타,승용,남,75세,상해없음,자전거,남,35세,경상
2019060700100364,2019년 6월 7일 15시,금요일,서울특별시 동대문구 용두동,경상사고,0,0,1,1,차대차 - 정면충돌,안전운전불이행,포장 - 젖음/습기,맑음,단일로 - 지하차도(도로)내,자전거,여,25세,부상신고,자전거,남,59세,경상
2019060700100405,2019년 6월 7일 16시,금요일,서울특별시 중랑구 신내동,중상사고,0,1,0,0,차대차 - 후진중충돌,안전운전불이행,포장 - 건조,맑음,단일로 - 기타,승용,남,31세,상해없음,자전거,남,79세,중상
2019060700100627,2019년 6월 7일 22시,금요일,서울특별시 마포구 공덕동,경상사고,0,0,1,0,차대차 - 기타,안전운전불이행,포장 - 건조,맑음,교차로 - 교차로횡단보도내,승용,남,64세,상해없음,자전거,남,26세,경상
2019060800100065,2019년 6월 8일 03시,토요일,서울특별시 송파구 잠실동,중상사고,0,1,0,0,차대차 - 추돌,안전운전불이행,포장 - 건조,맑음,단일로 - 기타,승용,남,32세,상해없음,자전거,남,23세,중상
2019060800100124,2019년 6월 8일 08시,토요일,서울특별시 동대문구 장안동,중상사고,0,1,0,0,차대차 - 기타,안전운전불이행,포장 - 건조,맑음,단일로 - 기타,승용,남,59세,상해없음,자전거,여,64세,중상
2019060800100128,2019년 6월 8일 08시,토요일,서울특별시 송파구 장지동,경상사고,0,0,2,0,차대차 - 추돌,안전거리미확보,포장 - 건조,맑음,교차로 - 교차로안,자전거,여,46세,경상,자전거,여,32세,상해없음
2019060800100246,2019년 6월 8일 12시,토요일,서울특별시 광진구 구의동,경상사고,0,0,1,0,차대차 - 측면충돌,안전운전불이행,포장 - 건조,맑음,교차로 - 교차로안,승용,남,49세,상해없음,자전거,여,24세,경상
2019060800100392,2019년 6월 8일 15시,토요일,서울특별시 은평구 역촌동,중상사고,0,1,0,0,차대차 - 기타,안전운전불이행,포장 - 건조,맑음,기타 - 기타,기타불명,남,82세,상해없음,자전거,남,49세,중상
2019060800100641,2019년 6월 8일 23시,토요일,서울특별시 강서구 화곡동,경상사고,0,0,1,0,차대차 - 기타,안전운전불이행,포장 - 건조,맑음,교차로 - 교차로부근,원동기,기타불명,미분류,기타불명,자전거,여,53세,경상
2019060900100086,2019년 6월 9일 05시,일요일,서울특별시 중랑구 중화동,경상사고,0,0,1,0,차대차 - 기타,기타,포장 - 건조,맑음,교차로 - 교차로부근,승용,남,71세,상해없음,자전거,남,58세,경상
2019060900100115,2019년 6월 9일 08시,일요일,서울특별시 은평구 역촌동,경상사고,0,0,1,0,차대차 - 기타,안전운전불이행,포장 - 건조,맑음,기타 - 기타,기타불명,기타불명,미분류,기타불명,자전거,남,62세,경상
2019060900100129,2019년 6월 9일 09시,일요일,서울특별시 강남구 청담동,중상사고,0,1,0,0,차대차 - 측면충돌,안전운전불이행,포장 - 건조,맑음,단일로 - 교량,승용,남,33세,상해없음,자전거,남,53세,중상
2019060900100264,2019년 6월 9일 15시,일요일,서울특별시 동작구 노량진동,중상사고,0,1,0,0,차대차 - 추돌,안전운전불이행,포장 - 건조,맑음,단일로 - 기타,자전거,남,54세,상해없음,자전거,남,42세,중상
2019060900100460,2019년 6월 9일 23시,일요일,서울특별시 은평구 진관동,경상사고,0,0,1,0,차대차 - 기타,안전운전불이행,포장 - 젖음/습기,비,교차로 - 교차로횡단보도내,승용,여,51세,상해없음,자전거,남,51세,경상
2019061000100200,2019년 6월 10일 10시,월요일,서울특별시 동대문구 휘경동,중상사고,0,1,0,0,차대차 - 측면충돌,기타,포장 - 건조,맑음,단일로 - 기타,승용,남,71세,상해없음,자전거,여,60세,중상
2019061000100375,2019년 6월 10일 15시,월요일,서울특별시 강북구 미아동,경상사고,0,0,1,0,차대차 - 기타,기타,포장 - 건조,맑음,단일로 - 기타,승용,남,80세,상해없음,자전거,남,65세,경상
2019061000100424,2019년 6월 10일 16시,월요일,서울특별시 강동구 천호동,중상사고,0,1,0,0,차대차 - 기타,안전운전불이행,포장 - 건조,맑음,단일로 - 기타,승용,여,56세,상해없음,자전거,여,9세,중상
2019061100100210,2019년 6월 11일 10시,화요일,서울특별시 성동구 성수동1가,경상사고,0,0,1,0,차대차 - 추돌,안전운전불이행,포장 - 건조,맑음,단일로 - 기타,자전거,남,48세,상해없음,자전거,남,40세,경상
2019061100100266,2019년 6월 11일 12시,화요일,서울특별시 종로구 세종로,경상사고,0,0,1,0,차대차 - 측면충돌,안전운전불이행,포장 - 건조,맑음,교차로 - 교차로부근,승용,남,62세,상해없음,자전거,남,42세,경상
2019061100100272,2019년 6월 11일 12시,화요일,서울특별시 강서구 공항동,경상사고,0,0,1,0,차대차 - 측면충돌,기타,포장 - 건조,맑음,단일로 - 기타,승용,남,75세,상해없음,자전거,여,57세,경상
2019061100100335,2019년 6월 11일 14시,화요일,서울특별시 강북구 미아동,중상사고,0,1,0,0,차대차 - 기타,안전운전불이행,포장 - 건조,맑음,단일로 - 기타,승용,남,65세,상해없음,자전거,남,74세,중상
2019061100100433,2019년 6월 11일 17시,화요일,서울특별시 송파구 석촌동,경상사고,0,0,1,0,차대차 - 기타,안전운전불이행,포장 - 건조,맑음,교차로 - 교차로안,승용,남,35세,상해없음,자전거,여,50세,경상
2019061100100470,2019년 6월 11일 18시,화요일,서울특별시 구로구 신도림동,부상신고사고,0,0,0,1,차대차 - 측면충돌,안전운전불이행,포장 - 건조,맑음,교차로 - 교차로안,자전거,여,30세,상해없음,자전거,여,46세,부상신고
2019061100100473,2019년 6월 11일 18시,화요일,서울특별시 강동구 성내동,부상신고사고,0,0,0,2,차대차 - 기타,안전운전불이행,포장 - 건조,맑음,단일로 - 기타,화물,남,62세,상해없음,자전거,남,72세,부상신고
2019061100100547,2019년 6월 11일 20시,화요일,서울특별시 송파구 신천동,부상신고사고,0,0,0,1,차대차 - 측면충돌,안전운전불이행,포장 - 건조,맑음,단일로 - 기타,이륜,남,32세,상해없음,자전거,남,41세,부상신고
2019061100100606,2019년 6월 11일 22시,화요일,서울특별시 영등포구 여의도동,경상사고,0,0,1,0,차대차 - 측면충돌,안전운전불이행,포장 - 건조,맑음,단일로 - 기타,자전거,여,33세,경상,자전거,남,19세,상해없음
2019061200100086,2019년 6월 12일 07시,수요일,서울특별시 광진구 능동,경상사고,0,0,1,0,차대차 - 기타,안전운전불이행,포장 - 기타,맑음,단일로 - 기타,승용,남,70세,상해없음,자전거,여,62세,경상
2019061200100151,2019년 6월 12일 09시,수요일,서울특별시 강북구 수유동,중상사고,0,1,0,0,차대차 - 기타,신호위반,포장 - 건조,맑음,교차로 - 교차로안,이륜,남,24세,상해없음,자전거,여,64세,중상
2019061200100292,2019년 6월 12일 13시,수요일,서울특별시 노원구 상계동,부상신고사고,0,0,0,1,차대차 - 기타,안전운전불이행,포장 - 건조,맑음,교차로 - 교차로횡단보도내,승합,남,50세,상해없음,자전거,여,22세,부상신고
2019061200100381,2019년 6월 12일 16시,수요일,서울특별시 성북구 종암동,중상사고,0,1,0,0,차대차 - 측면충돌,신호위반,포장 - 건조,맑음,단일로 - 기타,화물,여,55세,상해없음,자전거,남,9세,중상
2019061200100407,2019년 6월 12일 17시,수요일,서울특별시 송파구 석촌동,부상신고사고,0,0,0,1,차대차 - 측면충돌,안전운전불이행,포장 - 건조,맑음,교차로 - 교차로횡단보도내,승합,남,45세,상해없음,자전거,남,20세,부상신고
2019061200100450,2019년 6월 12일 18시,수요일,서울특별시 송파구 신천동,중상사고,0,1,0,0,차대차 - 추돌,안전운전불이행,포장 - 건조,맑음,단일로 - 기타,자전거,남,35세,상해없음,자전거,남,58세,중상
2019061200100499,2019년 6월 12일 19시,수요일,서울특별시 송파구 문정동,경상사고,0,0,1,0,차대차 - 측면충돌,안전운전불이행,포장 - 건조,맑음,기타 - 기타,자전거,남,44세,상해없음,자전거,남,24세,경상
2019061300100350,2019년 6월 13일 15시,목요일,서울특별시 구로구 개봉동,경상사고,0,0,1,0,차대차 - 추돌,기타,포장 - 건조,맑음,단일로 - 기타,기타불명,기타불명,미분류,기타불명,자전거,여,63세,경상
2019061300100387,2019년 6월 13일 16시,목요일,서울특별시 강북구 번동,경상사고,0,0,1,0,차대차 - 측면충돌,안전운전불이행,포장 - 건조,맑음,단일로 - 기타,이륜,남,63세,상해없음,자전거,여,75세,경상
2019061300100425,2019년 6월 13일 17시,목요일,서울특별시 강서구 등촌동,경상사고,0,0,1,0,차대차 - 측면충돌,신호위반,포장 - 건조,맑음,단일로 - 기타,승용,여,65세,상해없음,자전거,남,11세,경상
2019061300100540,2019년 6월 13일 20시,목요일,서울특별시 송파구 송파동,경상사고,0,0,1,0,차대차 - 측면충돌,직진우회전진행방해,포장 - 건조,맑음,교차로 - 교차로안,승용,남,47세,상해없음,자전거,남,13세,경상
2019061300100601,2019년 6월 13일 22시,목요일,서울특별시 마포구 합정동,경상사고,0,0,1,0,차대차 - 측면충돌,신호위반,포장 - 건조,맑음,단일로 - 기타,기타불명,기타불명,미분류,기타불명,자전거,여,28세,경상
2019061400100117,2019년 6월 14일 08시,금요일,서울특별시 강동구 천호동,경상사고,0,0,1,0,차대차 - 기타,안전운전불이행,포장 - 건조,맑음,교차로 - 교차로부근,승용,남,63세,상해없음,자전거,남,50세,경상
2019061400100258,2019년 6월 14일 12시,금요일,서울특별시 강동구 성내동,경상사고,0,0,1,0,차대차 - 기타,불법유턴,포장 - 건조,맑음,단일로 - 기타,승합,남,59세,상해없음,자전거,여,58세,경상
2019061400100399,2019년 6월 14일 16시,금요일,서울특별시 강서구 마곡동,중상사고,0,1,0,0,차대차 - 후진중충돌,안전운전불이행,포장 - 건조,맑음,기타 - 기타,승용,여,36세,상해없음,자전거,여,75세,중상
2019061400100503,2019년 6월 14일 18시,금요일,서울특별시 강북구 미아동,경상사고,0,0,1,0,차대차 - 측면충돌,안전운전불이행,포장 - 건조,맑음,기타 - 기타,승용,남,68세,상해없음,자전거,남,11세,경상
2019061500100138,2019년 6월 15일 08시,토요일,서울특별시 송파구 오금동,부상신고사고,0,0,0,1,차대차 - 기타,안전운전불이행,포장 - 건조,맑음,단일로 - 기타,자전거,여,60세,상해없음,자전거,남,47세,부상신고
2019061500100155,2019년 6월 15일 09시,토요일,서울특별시 동대문구 전농동,중상사고,0,1,0,0,차대차 - 기타,신호위반,포장 - 건조,맑음,교차로 - 교차로횡단보도내,승용,남,70세,상해없음,자전거,남,35세,중상
2019061500100158,2019년 6월 15일 09시,토요일,서울특별시 강남구 자곡동,경상사고,0,0,1,0,차대차 - 기타,안전운전불이행,포장 - 건조,맑음,교차로 - 교차로횡단보도내,승용,남,67세,상해없음,자전거,남,35세,경상
2019061500100185,2019년 6월 15일 10시,토요일,서울특별시 마포구 염리동,부상신고사고,0,0,0,1,차대차 - 기타,안전운전불이행,포장 - 건조,맑음,기타 - 기타,이륜,남,48세,상해없음,자전거,남,14세,부상신고
2019061500100226,2019년 6월 15일 11시,토요일,서울특별시 강북구 번동,경상사고,0,0,1,0,차대차 - 측면충돌,신호위반,포장 - 건조,맑음,단일로 - 기타,승용,남,53세,기타불명,자전거,여,56세,경상
2019061500100230,2019년 6월 15일 11시,토요일,서울특별시 송파구 풍납동,중상사고,0,1,0,0,차대차 - 측면충돌,안전운전불이행,포장 - 건조,맑음,교차로 - 교차로안,승용,남,34세,상해없음,자전거,남,33세,중상
2019061500100314,2019년 6월 15일 13시,토요일,서울특별시 영등포구 여의도동,부상신고사고,0,0,0,1,차대차 - 측면충돌,안전운전불이행,포장 - 건조,맑음,기타 - 기타,자전거,남,13세,부상신고,자전거,남,62세,상해없음
2019061500100322,2019년 6월 15일 13시,토요일,서울특별시 송파구 석촌동,중상사고,0,1,0,0,차대차 - 기타,안전운전불이행,포장 - 건조,맑음,교차로 - 교차로안,승용,남,36세,상해없음,자전거,남,24세,중상
2019061500100323,2019년 6월 15일 13시,토요일,서울특별시 양천구 목동,중상사고,0,1,0,0,차대차 - 측면충돌,신호위반,포장 - 건조,맑음,단일로 - 기타,승용,남,35세,상해없음,자전거,남,11세,중상
2019061500100413,2019년 6월 15일 15시,토요일,서울특별시 송파구 석촌동,경상사고,0,0,1,0,차대차 - 후진중충돌,안전운전불이행,포장 - 건조,맑음,단일로 - 기타,승용,여,52세,상해없음,자전거,여,46세,경상
2019061500100455,2019년 6월 15일 16시,토요일,서울특별시 강동구 성내동,부상신고사고,0,0,0,1,차대차 - 기타,안전운전불이행,포장 - 건조,맑음,교차로 - 교차로안,이륜,남,49세,상해없음,자전거,남,6세,부상신고
2019061500100494,2019년 6월 15일 17시,토요일,서울특별시 강북구 수유동,부상신고사고,0,0,0,1,차대차 - 측면충돌,직진우회전진행방해,포장 - 건조,맑음,교차로 - 교차로안,자전거,여,21세,부상신고,자전거,남,17세,상해없음
2019061500100501,2019년 6월 15일 17시,토요일,서울특별시 도봉구 쌍문동,중상사고,0,1,0,0,차대차 - 측면충돌,안전운전불이행,포장 - 건조,맑음,교차로 - 교차로횡단보도내,승용,여,60세,상해없음,자전거,남,47세,중상
2019061500100550,2019년 6월 15일 18시,토요일,서울특별시 은평구 진관동,경상사고,0,0,1,0,차대차 - 기타,신호위반,포장 - 건조,맑음,교차로 - 교차로횡단보도내,승용,여,40세,상해없음,자전거,남,56세,경상
2019061600100089,2019년 6월 16일 04시,일요일,서울특별시 강동구 성내동,중상사고,0,1,0,0,차대차 - 추돌,안전운전불이행,포장 - 건조,맑음,교차로 - 교차로부근,승용,남,28세,상해없음,자전거,남,46세,중상
2019061600100235,2019년 6월 16일 13시,일요일,서울특별시 마포구 망원동,중상사고,0,1,0,0,차대차 - 기타,기타,포장 - 건조,맑음,단일로 - 기타,승용,남,28세,상해없음,자전거,여,56세,중상
2019061600100332,2019년 6월 16일 16시,일요일,서울특별시 도봉구 도봉동,중상사고,0,1,0,0,차대차 - 측면충돌,신호위반,포장 - 건조,맑음,단일로 - 기타,승용,남,59세,상해없음,자전거,남,18세,중상
2019061600100368,2019년 6월 16일 17시,일요일,서울특별시 영등포구 양평동6가,경상사고,0,0,1,0,차대차 - 기타,안전거리미확보,포장 - 건조,맑음,단일로 - 기타,자전거,남,46세,경상,자전거,남,46세,상해없음
2019061600100423,2019년 6월 16일 19시,일요일,서울특별시 양천구 목동,부상신고사고,0,0,0,1,차대차 - 기타,안전운전불이행,포장 - 건조,맑음,단일로 - 기타,기타불명,기타불명,미분류,기타불명,자전거,남,11세,부상신고
2019061600100495,2019년 6월 16일 22시,일요일,서울특별시 강남구 자곡동,경상사고,0,0,1,0,차대차 - 기타,신호위반,포장 - 건조,맑음,교차로 - 교차로부근,승용,남,41세,상해없음,자전거,여,39세,경상
2019061700100287,2019년 6월 17일 13시,월요일,서울특별시 서초구 방배동,경상사고,0,0,1,0,차대차 - 후진중충돌,안전운전불이행,포장 - 건조,맑음,교차로 - 교차로횡단보도내,승용,남,59세,기타불명,자전거,여,60세,경상
2019061700100367,2019년 6월 17일 15시,월요일,서울특별시 양천구 목동,부상신고사고,0,0,0,1,차대차 - 기타,안전운전불이행,포장 - 건조,맑음,교차로 - 교차로부근,승용,여,49세,상해없음,자전거,남,55세,부상신고
2019061700100419,2019년 6월 17일 16시,월요일,서울특별시 강동구 상일동,경상사고,0,0,1,0,차대차 - 기타,안전운전불이행,포장 - 건조,맑음,교차로 - 교차로안,승용,남,64세,상해없음,자전거,남,23세,경상
2019061700100472,2019년 6월 17일 17시,월요일,서울특별시 용산구 서빙고동,경상사고,0,0,1,0,차대차 - 정면충돌,안전운전불이행,포장 - 건조,맑음,교차로 - 교차로안,자전거,남,37세,상해없음,자전거,남,46세,경상
2019061700100588,2019년 6월 17일 20시,월요일,서울특별시 영등포구 여의도동,부상신고사고,0,0,0,1,차대차 - 기타,안전운전불이행,포장 - 건조,맑음,단일로 - 기타,자전거,남,32세,상해없음,자전거,남,30세,부상신고
2019061700100628,2019년 6월 17일 21시,월요일,서울특별시 송파구 삼전동,경상사고,0,0,1,0,차대차 - 기타,교차로운행방법위반,포장 - 건조,맑음,교차로 - 교차로안,승용,여,36세,상해없음,자전거,남,12세,경상
2019061800100041,2019년 6월 18일 01시,화요일,서울특별시 송파구 문정동,부상신고사고,0,0,0,1,차대차 - 후진중충돌,안전운전불이행,포장 - 건조,맑음,단일로 - 기타,승용,남,25세,상해없음,자전거,남,37세,부상신고
2019061800100058,2019년 6월 18일 03시,화요일,서울특별시 구로구 구로동,경상사고,0,0,1,0,차대차 - 기타,안전운전불이행,포장 - 젖음/습기,비,교차로 - 교차로횡단보도내,기타불명,기타불명,미분류,기타불명,자전거,남,48세,경상
2019061800100063,2019년 6월 18일 04시,화요일,서울특별시 영등포구 대림동,경상사고,0,0,1,0,차대차 - 측면충돌,안전운전불이행,포장 - 건조,맑음,교차로 - 교차로안,승용,남,30세,상해없음,자전거,여,61세,경상
2019061800100080,2019년 6월 18일 06시,화요일,서울특별시 동대문구 이문동,중상사고,0,1,0,0,차대차 - 측면충돌,안전운전불이행,포장 - 젖음/습기,비,단일로 - 기타,자전거,남,50세,중상,자전거,남,77세,상해없음
2019061800100244,2019년 6월 18일 11시,화요일,서울특별시 서대문구 남가좌동,중상사고,0,1,0,0,차대차 - 측면충돌,안전운전불이행,포장 - 젖음/습기,비,단일로 - 기타,화물,남,41세,상해없음,자전거,남,65세,중상
2019061800100339,2019년 6월 18일 14시,화요일,서울특별시 광진구 중곡동,경상사고,0,0,1,0,차대차 - 측면충돌,신호위반,포장 - 건조,맑음,단일로 - 기타,승용,여,51세,상해없음,자전거,남,10세,경상
2019061900100030,2019년 6월 19일 00시,수요일,서울특별시 노원구 공릉동,경상사고,0,0,1,0,차대차 - 측면충돌,안전운전불이행,포장 - 건조,맑음,단일로 - 고가도로위,기타불명,기타불명,미분류,기타불명,자전거,남,44세,경상
2019061900100099,2019년 6월 19일 07시,수요일,서울특별시 성동구 용답동,경상사고,0,0,2,0,차대차 - 측면충돌,안전운전불이행,포장 - 건조,맑음,단일로 - 기타,승용,남,66세,경상,자전거,남,36세,경상
2019061900100153,2019년 6월 19일 09시,수요일,서울특별시 중구 을지로7가,중상사고,0,1,0,0,차대차 - 기타,안전거리미확보,포장 - 건조,맑음,교차로 - 교차로부근,화물,남,64세,상해없음,자전거,남,66세,중상
2019061900100158,2019년 6월 19일 09시,수요일,서울특별시 성동구 도선동,경상사고,0,0,1,0,차대차 - 측면충돌,신호위반,포장 - 건조,맑음,교차로 - 교차로부근,승용,남,68세,상해없음,자전거,여,53세,경상
2019061900100516,2019년 6월 19일 19시,수요일,서울특별시 송파구 석촌동,부상신고사고,0,0,0,1,차대차 - 정면충돌,안전운전불이행,포장 - 건조,맑음,기타 - 기타,기타불명,기타불명,미분류,기타불명,자전거,남,12세,부상신고
2019061900100518,2019년 6월 19일 19시,수요일,서울특별시 양천구 신정동,경상사고,0,0,1,1,차대차 - 측면충돌,안전운전불이행,포장 - 건조,맑음,교차로 - 교차로안,이륜,남,29세,부상신고,자전거,남,58세,경상
2019061900100551,2019년 6월 19일 20시,수요일,서울특별시 중구 태평로1가,경상사고,0,0,1,0,차대차 - 측면충돌,안전거리미확보,포장 - 건조,맑음,단일로 - 기타,화물,남,67세,상해없음,자전거,남,30세,경상
2019061900100588,2019년 6월 19일 21시,수요일,서울특별시 강북구 수유동,경상사고,0,0,1,0,차대차 - 정면충돌,안전운전불이행,포장 - 건조,맑음,단일로 - 기타,승용,남,30세,기타불명,자전거,남,42세,경상
2019061900100610,2019년 6월 19일 22시,수요일,서울특별시 구로구 개봉동,경상사고,0,0,1,0,차대차 - 기타,안전운전불이행,포장 - 건조,맑음,단일로 - 기타,승용,여,26세,상해없음,자전거,여,72세,경상
2019062000100059,2019년 6월 20일 02시,목요일,서울특별시 구로구 고척동,경상사고,0,0,1,0,차대차 - 기타,신호위반,포장 - 건조,기타,교차로 - 교차로안,승용,남,61세,상해없음,자전거,남,62세,경상
2019062000100083,2019년 6월 20일 06시,목요일,서울특별시 구로구 가리봉동,중상사고,0,1,0,0,차대차 - 기타,안전운전불이행,포장 - 건조,기타,단일로 - 기타,승용,남,58세,상해없음,자전거,남,60세,중상
2019062000100097,2019년 6월 20일 07시,목요일,서울특별시 송파구 신천동,경상사고,0,0,1,0,차대차 - 기타,기타,포장 - 건조,맑음,단일로 - 기타,승용,남,75세,상해없음,자전거,남,17세,경상
2019062000100175,2019년 6월 20일 09시,목요일,서울특별시 금천구 시흥동,경상사고,0,0,1,0,차대차 - 측면충돌,안전운전불이행,포장 - 건조,맑음,단일로 - 기타,자전거,남,57세,상해없음,자전거,남,49세,경상
2019062000100240,2019년 6월 20일 11시,목요일,서울특별시 은평구 불광동,경상사고,0,0,1,0,차대차 - 측면충돌,신호위반,포장 - 건조,맑음,교차로 - 교차로횡단보도내,승용,남,56세,상해없음,자전거,여,66세,경상
2019062000100403,2019년 6월 20일 16시,목요일,서울특별시 송파구 방이동,경상사고,0,0,2,0,차대차 - 기타,안전운전불이행,포장 - 건조,맑음,단일로 - 기타,승용,여,42세,상해없음,자전거,여,46세,경상
2019062000100408,2019년 6월 20일 16시,목요일,서울특별시 도봉구 방학동,경상사고,0,0,1,0,차대차 - 후진중충돌,안전운전불이행,포장 - 건조,맑음,교차로 - 교차로안,승용,남,36세,상해없음,자전거,여,59세,경상
2019062000100545,2019년 6월 20일 19시,목요일,서울특별시 중랑구 중화동,경상사고,0,0,1,0,차대차 - 기타,안전운전불이행,포장 - 건조,맑음,교차로 - 교차로부근,이륜,남,44세,상해없음,자전거,여,70세,경상
2019062000100610,2019년 6월 20일 21시,목요일,서울특별시 은평구 역촌동,경상사고,0,0,1,0,차대차 - 기타,안전운전불이행,포장 - 건조,맑음,단일로 - 기타,기타불명,기타불명,미분류,기타불명,자전거,남,44세,경상
2019062000100642,2019년 6월 20일 22시,목요일,서울특별시 양천구 신정동,중상사고,0,1,0,0,차대차 - 정면충돌,중앙선침범,포장 - 건조,맑음,교차로 - 교차로안,승용,여,59세,상해없음,자전거,남,13세,중상
2019062100100109,2019년 6월 21일 08시,금요일,서울특별시 중랑구 신내동,경상사고,0,0,1,0,차대차 - 기타,안전운전불이행,포장 - 건조,맑음,단일로 - 기타,승용,남,58세,상해없음,자전거,여,60세,경상
2019062100100152,2019년 6월 21일 09시,금요일,서울특별시 서초구 잠원동,경상사고,0,0,1,1,차대차 - 추돌,안전운전불이행,포장 - 건조,맑음,단일로 - 기타,자전거,남,57세,부상신고,자전거,남,36세,경상
2019062100100393,2019년 6월 21일 16시,금요일,서울특별시 동작구 대방동,중상사고,0,1,0,0,차대차 - 측면충돌,중앙선침범,포장 - 건조,맑음,단일로 - 기타,승용,여,43세,상해없음,자전거,남,60세,중상
2019062200100162,2019년 6월 22일 08시,토요일,서울특별시 송파구 석촌동,중상사고,0,1,0,0,차대차 - 기타,직진우회전진행방해,포장 - 건조,맑음,교차로 - 교차로안,승용,남,49세,상해없음,자전거,남,61세,중상
2019062200100173,2019년 6월 22일 09시,토요일,서울특별시 영등포구 영등포동8가,중상사고,0,1,0,0,차대차 - 측면충돌,신호위반,포장 - 건조,맑음,교차로 - 교차로횡단보도내,승합,남,61세,상해없음,자전거,여,33세,중상
2019062200100202,2019년 6월 22일 10시,토요일,서울특별시 마포구 동교동,중상사고,0,1,0,0,차대차 - 측면충돌,안전운전불이행,포장 - 건조,맑음,단일로 - 기타,자전거,남,54세,상해없음,자전거,남,71세,중상
2019062200100238,2019년 6월 22일 11시,토요일,서울특별시 동대문구 용두동,경상사고,0,0,1,0,차대차 - 기타,안전운전불이행,포장 - 건조,맑음,교차로 - 교차로부근,승용,남,61세,상해없음,자전거,남,25세,경상
2019062200100283,2019년 6월 22일 12시,토요일,서울특별시 양천구 신정동,경상사고,0,0,1,0,차대차 - 기타,안전운전불이행,포장 - 건조,맑음,단일로 - 기타,화물,남,55세,상해없음,자전거,남,26세,경상
2019062200100285,2019년 6월 22일 12시,토요일,서울특별시 은평구 역촌동,경상사고,0,0,1,0,차대차 - 측면충돌,안전운전불이행,포장 - 건조,맑음,교차로 - 교차로부근,승합,남,64세,상해없음,자전거,여,68세,경상
2019062200100369,2019년 6월 22일 14시,토요일,서울특별시 강북구 수유동,경상사고,0,0,1,0,차대차 - 측면충돌,직진우회전진행방해,포장 - 건조,맑음,교차로 - 교차로안,승용,남,54세,상해없음,자전거,남,67세,경상
2019062200100370,2019년 6월 22일 14시,토요일,서울특별시 광진구 자양동,중상사고,0,1,0,0,차대차 - 측면충돌,안전운전불이행,포장 - 건조,맑음,단일로 - 기타,자전거,여,48세,상해없음,자전거,남,47세,중상