사고번호,사고일시,요일,시군구,사고내용,사망자수,중상자수,경상자수,부상신고자수,사고유형,법규위반,노면상태,기상상태,도로형태,가해운전자 차종,가해운전자 성별,가해운전자 연령,가해운전자 상해정도,피해운전자 차종,피해운전자 성별,피해운전자 연령,피해운전자 상해정도
2019080300100417,2019년 8월 3일 18시,토요일,서울특별시 강서구 방화동,경상사고,0,0,1,0,차대차 - 정면충돌,중앙선침범,포장 - 건조,맑음,단일로 - 기타,승용,남,60세,상해없음,자전거,남,19세,경상
2019080300100445,2019년 8월 3일 19시,토요일,서울특별시 동작구 사당동,중상사고,0,1,0,0,차대차 - 기타,교차로운행방법위반,포장 - 건조,맑음,교차로 - 교차로안,승용,여,42세,상해없음,자전거,남,62세,중상
2019080300100471,2019년 8월 3일 20시,토요일,서울특별시 양천구 목동,경상사고,0,0,1,0,차대차 - 기타,안전운전불이행,포장 - 젖음/습기,흐림,단일로 - 교량,자전거,남,76세,상해없음,자전거,남,41세,경상
2019080300100550,2019년 8월 3일 23시,토요일,서울특별시 성북구 보문동4가,경상사고,0,0,1,0,차대차 - 측면충돌,직진우회전진행방해,포장 - 건조,맑음,교차로 - 교차로안,승용,여,30세,상해없음,자전거,남,36세,경상
2019080400100022,2019년 8월 4일 00시,일요일,서울특별시 중랑구 중화동,부상신고사고,0,0,0,1,차대차 - 측면충돌,안전운전불이행,포장 - 건조,맑음,단일로 - 기타,화물,남,52세,상해없음,자전거,남,65세,부상신고
2019080400100324,2019년 8월 4일 16시,일요일,서울특별시 송파구 문정동,경상사고,0,0,1,0,차대차 - 측면충돌,신호위반,포장 - 건조,맑음,교차로 - 교차로안,승용,여,33세,상해없음,자전거,남,31세,경상
2019080400100392,2019년 8월 4일 18시,일요일,서울특별시 강동구 길동,경상사고,0,0,1,0,차대차 - 측면충돌,안전운전불이행,포장 - 젖음/습기,비,단일로 - 기타,승용,여,58세,상해없음,자전거,남,26세,경상
2019080400100478,2019년 8월 4일 21시,일요일,서울특별시 마포구 성산동,경상사고,0,0,1,0,차대차 - 측면충돌,안전운전불이행,포장 - 기타,맑음,교차로 - 교차로안,승용,여,54세,상해없음,자전거,남,11세,경상
2019080500100104,2019년 8월 5일 08시,월요일,서울특별시 강남구 대치동,부상신고사고,0,0,0,1,차대차 - 기타,교차로운행방법위반,포장 - 건조,맑음,교차로 - 교차로안,자전거,여,39세,부상신고,자전거,남,51세,상해없음
2019080500100208,2019년 8월 5일 11시,월요일,서울특별시 송파구 방이동,중상사고,0,1,0,0,차대차 - 측면충돌,안전운전불이행,포장 - 건조,맑음,교차로 - 교차로안,승용,여,29세,상해없음,자전거,여,62세,중상
2019080500100312,2019년 8월 5일 13시,월요일,서울특별시 강동구 천호동,경상사고,0,0,1,0,차대차 - 기타,안전운전불이행,포장 - 건조,맑음,단일로 - 기타,건설기계,남,28세,상해없음,자전거,남,66세,경상
2019080500100389,2019년 8월 5일 15시,월요일,서울특별시 은평구 대조동,중상사고,0,1,0,0,차대차 - 기타,안전운전불이행,포장 - 건조,맑음,단일로 - 기타,승용,남,77세,상해없음,자전거,남,70세,중상
2019080500100509,2019년 8월 5일 18시,월요일,서울특별시 송파구 삼전동,부상신고사고,0,0,0,1,차대차 - 측면충돌,안전운전불이행,포장 - 건조,맑음,교차로 - 교차로안,자전거,남,73세,부상신고,자전거,남,33세,상해없음
2019080500100556,2019년 8월 5일 19시,월요일,서울특별시 강북구 수유동,경상사고,0,0,1,0,차대차 - 측면충돌,직진우회전진행방해,포장 - 건조,맑음,교차로 - 교차로부근,승용,남,30세,상해없음,자전거,남,63세,경상
2019080600100075,2019년 8월 6일 05시,화요일,서울특별시 구로구 구로동,경상사고,0,0,1,0,차대차 - 기타,안전운전불이행,포장 - 건조,맑음,교차로 - 교차로안,승용,남,38세,상해없음,자전거,남,71세,경상
2019080600100532,2019년 8월 6일 19시,화요일,서울특별시 광진구 광장동,중상사고,0,1,0,0,차대차 - 기타,안전운전불이행,포장 - 건조,맑음,단일로 - 기타,개인형이동수단(PM),남,30세,상해없음,자전거,남,57세,중상
2019080600100571,2019년 8월 6일 20시,화요일,서울특별시 마포구 망원동,경상사고,0,0,2,0,차대차 - 추돌,안전거리미확보,포장 - 건조,맑음,단일로 - 기타,자전거,남,33세,경상,자전거,여,54세,경상
2019080700100374,2019년 8월 7일 15시,수요일,서울특별시 성동구 송정동,중상사고,0,1,0,0,차대차 - 측면충돌,안전운전불이행,포장 - 건조,흐림,단일로 - 기타,화물,남,48세,상해없음,자전거,남,54세,중상
2019080700100488,2019년 8월 7일 18시,수요일,서울특별시 동대문구 청량리동,중상사고,0,1,0,0,차대차 - 추돌,안전운전불이행,포장 - 건조,맑음,기타 - 기타,원동기,남,57세,상해없음,자전거,여,68세,중상
2019080700100499,2019년 8월 7일 18시,수요일,서울특별시 도봉구 창동,경상사고,0,0,1,0,차대차 - 측면충돌,안전운전불이행,포장 - 건조,맑음,단일로 - 기타,승용,남,54세,상해없음,자전거,남,52세,경상
2019080800100081,2019년 8월 8일 07시,목요일,서울특별시 송파구 가락동,중상사고,0,1,0,0,차대차 - 측면충돌,안전운전불이행,포장 - 건조,맑음,기타 - 기타,승용,남,75세,상해없음,자전거,남,45세,중상
2019080800100102,2019년 8월 8일 08시,목요일,서울특별시 영등포구 대림동,경상사고,0,0,1,0,차대차 - 측면충돌,안전운전불이행,포장 - 건조,맑음,기타 - 기타,화물,남,66세,상해없음,자전거,여,39세,경상
2019080800100220,2019년 8월 8일 11시,목요일,서울특별시 은평구 신사동,경상사고,0,0,1,0,차대차 - 측면충돌,교차로운행방법위반,포장 - 건조,맑음,교차로 - 교차로안,승합,남,47세,상해없음,자전거,여,61세,경상
2019080800100223,2019년 8월 8일 11시,목요일,서울특별시 관악구 봉천동,중상사고,0,1,0,0,차대차 - 측면충돌,신호위반,포장 - 건조,맑음,교차로 - 교차로부근,승용,남,67세,상해없음,자전거,남,41세,중상
2019080800100265,2019년 8월 8일 12시,목요일,서울특별시 성동구 행당동,경상사고,0,0,1,0,차대차 - 측면충돌,안전운전불이행,포장 - 건조,맑음,교차로 - 교차로부근,승용,여,57세,상해없음,자전거,여,26세,경상
2019080800100486,2019년 8월 8일 18시,목요일,서울특별시 노원구 상계동,경상사고,0,0,1,0,차대차 - 측면충돌,안전운전불이행,포장 - 건조,맑음,교차로 - 교차로횡단보도내,이륜,남,32세,상해없음,자전거,여,45세,경상
2019080900100075,2019년 8월 9일 04시,금요일,서울특별시 동대문구 장안동,중상사고,0,1,0,0,차대차 - 정면충돌,안전운전불이행,포장 - 건조,기타,기타 - 기타,자전거,남,66세,상해없음,자전거,남,53세,중상
2019080900100087,2019년 8월 9일 05시,금요일,서울특별시 노원구 상계동,부상신고사고,0,0,0,1,차대차 - 기타,안전운전불이행,포장 - 건조,맑음,단일로 - 기타,자전거,남,17세,상해없음,자전거,남,43세,부상신고
2019080900100104,2019년 8월 9일 07시,금요일,서울특별시 동대문구 장안동,중상사고,0,1,0,0,차대차 - 기타,신호위반,포장 - 건조,맑음,단일로 - 기타,화물,남,71세,상해없음,자전거,남,49세,중상
2019080900100169,2019년 8월 9일 09시,금요일,서울특별시 관악구 신림동,경상사고,0,0,1,0,차대차 - 측면충돌,신호위반,포장 - 건조,맑음,단일로 - 기타,이륜,남,60세,상해없음,자전거,여,42세,경상
2019081000100091,2019년 8월 10일 04시,토요일,서울특별시 종로구 종로5가,경상사고,0,0,1,0,차대차 - 측면충돌,안전운전불이행,포장 - 건조,맑음,교차로 - 교차로안,승용,남,75세,상해없음,자전거,남,72세,경상
2019081000100427,2019년 8월 10일 15시,토요일,서울특별시 중랑구 상봉동,경상사고,0,0,1,0,차대차 - 측면충돌,안전운전불이행,포장 - 건조,맑음,교차로 - 교차로횡단보도내,화물,남,70세,상해없음,자전거,남,60세,경상
2019081000100458,2019년 8월 10일 16시,토요일,서울특별시 송파구 오금동,중상사고,0,1,0,0,차대차 - 측면충돌,안전운전불이행,포장 - 건조,맑음,단일로 - 기타,승용,남,66세,상해없음,자전거,남,34세,중상
2019081000100616,2019년 8월 10일 21시,토요일,서울특별시 강동구 암사동,경상사고,0,0,2,0,차대차 - 기타,안전운전불이행,포장 - 건조,맑음,단일로 - 기타,자전거,남,46세,경상,자전거,남,47세,경상
2019081100100020,2019년 8월 11일 00시,일요일,서울특별시 광진구 중곡동,중상사고,0,1,0,0,차대차 - 기타,신호위반,포장 - 건조,맑음,교차로 - 교차로안,승용,남,64세,상해없음,자전거,여,18세,중상
2019081100100087,2019년 8월 11일 07시,일요일,서울특별시 은평구 역촌동,중상사고,0,1,0,0,차대차 - 측면충돌,안전운전불이행,포장 - 건조,맑음,교차로 - 교차로부근,승용,남,66세,상해없음,자전거,남,35세,중상
2019081100100180,2019년 8월 11일 12시,일요일,서울특별시 강동구 성내동,경상사고,0,0,1,0,차대차 - 기타,안전운전불이행,포장 - 건조,맑음,단일로 - 기타,승용,남,69세,상해없음,자전거,남,17세,경상
2019081100100208,2019년 8월 11일 13시,일요일,서울특별시 중랑구 중화동,경상사고,0,0,1,0,차대차 - 기타,안전운전불이행,포장 - 건조,맑음,교차로 - 교차로부근,기타불명,기타불명,미분류,기타불명,자전거,여,26세,경상
2019081100100271,2019년 8월 11일 15시,일요일,서울특별시 강서구 내발산동,중상사고,0,1,0,0,차대차 - 기타,안전운전불이행,포장 - 건조,맑음,단일로 - 기타,승용,남,50세,상해없음,자전거,여,14세,중상
2019081100100455,2019년 8월 11일 21시,일요일,서울특별시 송파구 가락동,경상사고,0,0,1,0,차대차 - 측면충돌,안전운전불이행,포장 - 건조,맑음,교차로 - 교차로횡단보도내,승용,여,47세,상해없음,자전거,남,20세,경상
2019081200100248,2019년 8월 12일 11시,월요일,서울특별시 양천구 신정동,경상사고,0,0,1,0,차대차 - 기타,신호위반,포장 - 젖음/습기,비,교차로 - 교차로부근,승합,남,66세,상해없음,자전거,남,83세,경상
2019081200100558,2019년 8월 12일 18시,월요일,서울특별시 성북구 삼선동1가,경상사고,0,0,1,0,차대차 - 측면충돌,신호위반,포장 - 건조,맑음,단일로 - 기타,승용,여,50세,상해없음,자전거,남,32세,경상
2019081300100224,2019년 8월 13일 11시,화요일,서울특별시 강남구 일원동,경상사고,0,0,1,0,차대차 - 기타,안전운전불이행,포장 - 건조,맑음,교차로 - 교차로안,승용,여,38세,상해없음,자전거,여,50세,경상
2019081300100261,2019년 8월 13일 12시,화요일,서울특별시 강북구 미아동,경상사고,0,0,1,0,차대차 - 기타,기타,포장 - 건조,맑음,교차로 - 교차로부근,화물,남,50세,상해없음,자전거,남,19세,경상
2019081300100308,2019년 8월 13일 13시,화요일,서울특별시 구로구 구로동,사망사고,1,0,0,0,차대차 - 기타,안전거리미확보,포장 - 건조,맑음,교차로 - 교차로부근,승합,남,45세,상해없음,자전거,여,81세,사망
2019081300100557,2019년 8월 13일 19시,화요일,서울특별시 동대문구 용두동,경상사고,0,0,1,0,차대차 - 기타,안전운전불이행,포장 - 건조,맑음,교차로 - 교차로안,승용,남,26세,상해없음,자전거,남,34세,경상
2019081400100133,2019년 8월 14일 08시,수요일,서울특별시 동대문구 이문동,중상사고,0,1,1,0,차대차 - 정면충돌,안전운전불이행,포장 - 건조,맑음,단일로 - 기타,자전거,남,56세,경상,자전거,여,33세,중상
2019081400100270,2019년 8월 14일 11시,수요일,서울특별시 송파구 신천동,부상신고사고,0,0,0,1,차대차 - 측면충돌,안전거리미확보,포장 - 건조,맑음,단일로 - 기타,이륜,남,49세,상해없음,자전거,남,47세,부상신고
2019081400100307,2019년 8월 14일 12시,수요일,서울특별시 동대문구 신설동,중상사고,0,1,0,0,차대차 - 측면충돌,안전운전불이행,포장 - 건조,맑음,교차로 - 교차로안,승용,남,59세,상해없음,자전거,남,44세,중상
2019081400100561,2019년 8월 14일 18시,수요일,서울특별시 관악구 신림동,경상사고,0,0,2,0,차대차 - 기타,안전운전불이행,포장 - 건조,맑음,단일로 - 기타,자전거,남,38세,경상,자전거,남,72세,경상
2019081500100020,2019년 8월 15일 00시,목요일,서울특별시 성동구 용답동,경상사고,0,0,1,0,차대차 - 측면충돌,안전운전불이행,포장 - 건조,맑음,교차로 - 교차로안,승용,남,62세,상해없음,자전거,남,68세,경상
2019081600100035,2019년 8월 16일 02시,금요일,서울특별시 강서구 화곡동,경상사고,0,0,1,0,차대차 - 기타,안전운전불이행,포장 - 건조,맑음,단일로 - 기타,기타불명,기타불명,미분류,기타불명,자전거,남,25세,경상
2019081600100071,2019년 8월 16일 06시,금요일,서울특별시 동대문구 용두동,중상사고,0,1,0,0,차대차 - 측면충돌,안전운전불이행,포장 - 젖음/습기,비,단일로 - 기타,자전거,남,23세,상해없음,자전거,남,70세,중상
2019081600100139,2019년 8월 16일 09시,금요일,서울특별시 영등포구 신길동,중상사고,0,1,0,0,차대차 - 기타,안전운전불이행,포장 - 건조,맑음,교차로 - 교차로안,화물,남,28세,상해없음,자전거,남,16세,중상
2019081600100225,2019년 8월 16일 11시,금요일,서울특별시 영등포구 신길동,경상사고,0,0,1,0,차대차 - 측면충돌,안전운전불이행,포장 - 건조,맑음,기타 - 기타,승용,남,55세,상해없음,자전거,여,57세,경상
2019081600100266,2019년 8월 16일 12시,금요일,서울특별시 노원구 월계동,중상사고,0,1,0,0,차대차 - 측면충돌,안전운전불이행,포장 - 건조,맑음,교차로 - 교차로안,승용,여,32세,상해없음,자전거,남,80세,중상
2019081600100381,2019년 8월 16일 15시,금요일,서울특별시 관악구 신림동,경상사고,0,0,1,0,차대차 - 측면충돌,신호위반,포장 - 건조,맑음,단일로 - 기타,이륜,남,17세,상해없음,자전거,남,72세,경상
2019081600100633,2019년 8월 16일 21시,금요일,서울특별시 송파구 잠실동,중상사고,0,1,0,0,차대차 - 측면충돌,안전운전불이행,포장 - 건조,맑음,교차로 - 교차로횡단보도내,승용,남,60세,상해없음,자전거,여,70세,중상
2019081700100304,2019년 8월 17일 14시,토요일,서울특별시 마포구 성산동,중상사고,0,1,0,0,차대차 - 측면충돌,안전거리미확보,포장 - 기타,맑음,기타 - 기타,승합,남,54세,상해없음,자전거,남,57세,중상
2019081700100429,2019년 8월 17일 17시,토요일,서울특별시 영등포구 여의도동,중상사고,0,1,0,0,차대차 - 기타,안전운전불이행,포장 - 건조,맑음,기타 - 기타,자전거,남,14세,상해없음,자전거,남,45세,중상
2019081700100560,2019년 8월 17일 20시,토요일,서울특별시 송파구 거여동,경상사고,0,0,1,0,차대차 - 기타,안전운전불이행,포장 - 건조,맑음,기타 - 기타,승용,남,52세,상해없음,자전거,남,35세,경상
2019081800100103,2019년 8월 18일 07시,일요일,서울특별시 양천구 목동,경상사고,0,0,1,0,차대차 - 정면충돌,안전운전불이행,포장 - 건조,맑음,기타 - 기타,자전거,여,55세,경상,자전거,남,51세,상해없음
2019081800100225,2019년 8월 18일 14시,일요일,서울특별시 송파구 장지동,경상사고,0,0,1,0,차대차 - 측면충돌,안전운전불이행,포장 - 건조,맑음,교차로 - 교차로안,승용,남,66세,상해없음,자전거,남,65세,경상
2019081800100253,2019년 8월 18일 15시,일요일,서울특별시 성북구 길음동,경상사고,0,0,1,0,차대차 - 기타,기타,포장 - 건조,맑음,단일로 - 기타,승용,남,45세,상해없음,자전거,남,44세,경상
2019081800100258,2019년 8월 18일 15시,일요일,서울특별시 도봉구 도봉동,중상사고,0,1,0,0,차대차 - 기타,안전운전불이행,포장 - 건조,맑음,단일로 - 기타,자전거,남,14세,상해없음,자전거,남,45세,중상
2019081800100401,2019년 8월 18일 20시,일요일,서울특별시 양천구 신정동,경상사고,0,0,1,0,차대차 - 추돌,안전운전불이행,포장 - 건조,맑음,기타 - 기타,자전거,남,58세,상해없음,자전거,남,19세,상해없음
2019081900100025,2019년 8월 19일 00시,월요일,서울특별시 도봉구 쌍문동,경상사고,0,0,1,0,차대차 - 측면충돌,신호위반,포장 - 건조,맑음,교차로 - 교차로횡단보도내,이륜,남,22세,상해없음,자전거,여,21세,경상
2019081900100106,2019년 8월 19일 08시,월요일,서울특별시 중랑구 신내동,부상신고사고,0,0,0,1,차대차 - 기타,안전운전불이행,포장 - 건조,맑음,단일로 - 기타,자전거,남,51세,부상신고,자전거,남,61세,상해없음
2019081900100218,2019년 8월 19일 11시,월요일,서울특별시 성동구 행당동,경상사고,0,0,1,0,차대차 - 기타,안전운전불이행,포장 - 건조,맑음,교차로 - 교차로안,승합,남,44세,상해없음,자전거,남,44세,경상
2019081900100316,2019년 8월 19일 14시,월요일,서울특별시 서초구 방배동,경상사고,0,0,1,0,차대차 - 측면충돌,안전운전불이행,포장 - 건조,맑음,기타 - 기타,이륜,남,45세,상해없음,자전거,여,75세,경상
2019081900100506,2019년 8월 19일 19시,월요일,서울특별시 구로구 개봉동,중상사고,0,1,0,0,차대차 - 기타,기타,포장 - 건조,맑음,교차로 - 교차로안,승용,남,59세,상해없음,자전거,남,33세,중상
2019081900100588,2019년 8월 19일 22시,월요일,서울특별시 서대문구 홍은동,중상사고,0,1,0,0,차대차 - 측면충돌,안전운전불이행,포장 - 건조,맑음,단일로 - 기타,승용,남,28세,상해없음,자전거,여,47세,중상
2019082000100104,2019년 8월 20일 08시,화요일,서울특별시 송파구 문정동,중상사고,0,1,0,0,차대차 - 추돌,안전운전불이행,포장 - 건조,맑음,단일로 - 기타,승용,남,45세,상해없음,자전거,여,31세,중상
2019082000100106,2019년 8월 20일 08시,화요일,서울특별시 노원구 공릉동,중상사고,0,1,0,0,차대차 - 측면충돌,신호위반,포장 - 건조,맑음,교차로 - 교차로횡단보도내,승용,남,30세,상해없음,자전거,남,73세,중상
2019082000100153,2019년 8월 20일 09시,화요일,서울특별시 강서구 가양동,중상사고,0,1,0,0,차대차 - 후진중충돌,안전운전불이행,포장 - 건조,맑음,단일로 - 기타,화물,남,72세,상해없음,자전거,남,67세,중상
2019082000100481,2019년 8월 20일 18시,화요일,서울특별시 강동구 강일동,중상사고,0,1,0,0,차대차 - 측면충돌,기타,포장 - 건조,맑음,교차로 - 교차로횡단보도내,승용,여,35세,상해없음,자전거,남,8세,중상
2019082000100482,2019년 8월 20일 18시,화요일,서울특별시 강동구 암사동,경상사고,0,0,1,0,차대차 - 정면충돌,안전운전불이행,포장 - 건조,맑음,단일로 - 교량,자전거,남,60세,상해없음,자전거,남,43세,경상
2019082000100525,2019년 8월 20일 19시,화요일,서울특별시 마포구 망원동,중상사고,0,1,0,0,차대차 - 측면충돌,안전거리미확보,포장 - 건조,맑음,단일로 - 기타,자전거,남,11세,상해없음,자전거,남,43세,중상
2019082000100575,2019년 8월 20일 20시,화요일,서울특별시 구로구 고척동,부상신고사고,0,0,0,1,차대차 - 기타,기타,포장 - 건조,맑음,단일로 - 기타,승용,남,66세,상해없음,자전거,남,59세,부상신고
2019082100100029,2019년 8월 21일 00시,수요일,서울특별시 강동구 암사동,경상사고,0,0,1,0,차대차 - 기타,안전운전불이행,포장 - 건조,맑음,단일로 - 기타,승용,여,52세,상해없음,자전거,여,44세,경상
2019082100100125,2019년 8월 21일 08시,수요일,서울특별시 노원구 중계동,경상사고,0,0,1,0,차대차 - 기타,기타,포장 - 건조,맑음,단일로 - 기타,승용,남,39세,상해없음,자전거,여,62세,경상
2019082100100126,2019년 8월 21일 08시,수요일,서울특별시 도봉구 방학동,중상사고,0,1,0,0,차대차 - 기타,안전운전불이행,포장 - 건조,맑음,교차로 - 교차로안,승용,남,52세,상해없음,자전거,여,70세,중상
2019082100100186,2019년 8월 21일 10시,수요일,서울특별시 은평구 역촌동,중상사고,0,1,0,0,차대차 - 추돌,교차로운행방법위반,포장 - 건조,맑음,단일로 - 기타,승용,여,39세,상해없음,자전거,남,39세,중상
2019082100100312,2019년 8월 21일 14시,수요일,서울특별시 성동구 하왕십리동,경상사고,0,0,1,0,차대차 - 측면충돌,신호위반,포장 - 건조,맑음,교차로 - 교차로횡단보도내,이륜,남,65세,상해없음,자전거,남,63세,경상
2019082100100392,2019년 8월 21일 16시,수요일,서울특별시 마포구 서교동,중상사고,0,1,0,0,차대차 - 기타,안전운전불이행,포장 - 건조,맑음,교차로 - 교차로횡단보도내,화물,남,40세,상해없음,자전거,남,27세,중상
2019082100100435,2019년 8월 21일 17시,수요일,서울특별시 송파구 방이동,부상신고사고,0,0,0,1,차대차 - 기타,안전운전불이행,포장 - 건조,맑음,교차로 - 교차로안,이륜,여,61세,부상신고,자전거,남,12세,상해없음
2019082100100485,2019년 8월 21일 18시,수요일,서울특별시 성북구 종암동,경상사고,0,0,1,0,차대차 - 측면충돌,신호위반,포장 - 젖음/습기,비,교차로 - 교차로횡단보도내,이륜,남,39세,상해없음,자전거,남,77세,경상
2019082100100664,2019년 8월 21일 22시,수요일,서울특별시 영등포구 여의도동,중상사고,0,1,1,0,차대차 - 정면충돌,중앙선침범,포장 - 젖음/습기,비,단일로 - 기타,자전거,여,29세,경상,자전거,남,38세,중상
2019082200100083,2019년 8월 22일 05시,목요일,서울특별시 강동구 천호동,경상사고,0,0,1,0,차대차 - 측면충돌,안전운전불이행,포장 - 건조,맑음,교차로 - 교차로안,승용,남,40세,상해없음,자전거,여,66세,경상
2019082200100092,2019년 8월 22일 06시,목요일,서울특별시 관악구 봉천동,중상사고,0,1,0,0,차대차 - 측면충돌,신호위반,포장 - 건조,맑음,교차로 - 교차로안,화물,남,52세,상해없음,자전거,남,58세,중상
2019082200100132,2019년 8월 22일 08시,목요일,서울특별시 노원구 월계동,경상사고,0,0,1,0,차대차 - 측면충돌,안전운전불이행,포장 - 건조,맑음,교차로 - 교차로횡단보도내,승용,여,47세,상해없음,자전거,여,13세,경상
2019082200100136,2019년 8월 22일 08시,목요일,서울특별시 강동구 둔촌동,경상사고,0,0,1,0,차대차 - 기타,안전운전불이행,포장 - 건조,맑음,단일로 - 기타,기타불명,기타불명,미분류,기타불명,자전거,남,15세,경상
2019082200100345,2019년 8월 22일 14시,목요일,서울특별시 양천구 신월동,경상사고,0,0,1,0,차대차 - 기타,안전운전불이행,포장 - 건조,맑음,단일로 - 기타,승용,남,56세,상해없음,자전거,남,56세,경상
2019082200100455,2019년 8월 22일 17시,목요일,서울특별시 노원구 공릉동,부상신고사고,0,0,0,1,차대차 - 기타,안전운전불이행,포장 - 건조,맑음,단일로 - 기타,승용,남,70세,상해없음,자전거,남,84세,부상신고
2019082200100560,2019년 8월 22일 19시,목요일,서울특별시 송파구 풍납동,경상사고,0,0,2,0,차대차 - 측면충돌,안전운전불이행,포장 - 건조,맑음,교차로 - 교차로안,승용,남,64세,경상,자전거,여,65세,경상
2019082300100451,2019년 8월 23일 17시,금요일,서울특별시 강남구 대치동,부상신고사고,0,0,0,1,차대차 - 기타,안전운전불이행,포장 - 건조,기타,교차로 - 교차로횡단보도내,승용,남,65세,상해없음,자전거,남,13세,부상신고
2019082400100150,2019년 8월 24일 08시,토요일,서울특별시 송파구 삼전동,경상사고,0,0,1,0,차대차 - 측면충돌,직진우회전진행방해,포장 - 건조,맑음,교차로 - 교차로안,승용,남,61세,상해없음,자전거,여,72세,경상
2019082400100227,2019년 8월 24일 11시,토요일,서울특별시 영등포구 여의도동,경상사고,0,0,1,0,차대차 - 측면충돌,안전운전불이행,포장 - 건조,맑음,단일로 - 기타,자전거,남,46세,경상,자전거,남,63세,상해없음
2019082400100232,2019년 8월 24일 11시,토요일,서울특별시 은평구 갈현동,경상사고,0,0,1,0,차대차 - 기타,안전운전불이행,포장 - 건조,맑음,교차로 - 교차로안,화물,남,71세,상해없음,자전거,여,70세,경상
2019082400100338,2019년 8월 24일 14시,토요일,서울특별시 용산구 이태원동,경상사고,0,0,1,0,차대차 - 측면충돌,안전운전불이행,포장 - 건조,맑음,단일로 - 기타,승합,남,58세,상해없음,자전거,남,35세,경상
2019082400100340,2019년 8월 24일 14시,토요일,서울특별시 송파구 풍납동,부상신고사고,0,0,0,2,차대차 - 측면충돌,안전운전불이행,포장 - 건조,맑음,교차로 - 교차로안,자전거,남,50세,부상신고,자전거,남,19세,부상신고
2019082400100342,2019년 8월 24일 14시,토요일,서울특별시 양천구 목동,경상사고,0,0,1,0,차대차 - 기타,신호위반,포장 - 건조,맑음,교차로 - 교차로안,승용,남,64세,상해없음,자전거,여,22세,경상
2019082400100402,2019년 8월 24일 16시,토요일,서울특별시 영등포구 양화동,경상사고,0,0,1,0,차대차 - 기타,안전운전불이행,포장 - 건조,맑음,기타 - 기타,자전거,남,57세,상해없음,자전거,남,11세,경상
2019082400100405,2019년 8월 24일 16시,토요일,서울특별시 강남구 압구정동,경상사고,0,0,1,0,차대차 - 추돌,안전거리미확보,포장 - 건조,맑음,단일로 - 기타,자전거,남,35세,경상,자전거,남,13세,상해없음
2019082500100133,2019년 8월 25일 10시,일요일,서울특별시 성동구 마장동,경상사고,0,0,1,0,차대차 - 측면충돌,신호위반,포장 - 건조,맑음,교차로 - 교차로안,승용,여,67세,상해없음,자전거,남,72세,경상
2019082500100219,2019년 8월 25일 13시,일요일,서울특별시 양천구 신정동,중상사고,0,1,0,0,차대차 - 측면충돌,신호위반,포장 - 건조,맑음,교차로 - 교차로횡단보도내,승용,여,67세,상해없음,자전거,남,58세,중상
2019082500100247,2019년 8월 25일 14시,일요일,서울특별시 종로구 종로3가,경상사고,0,0,1,0,차대차 - 측면충돌,안전운전불이행,포장 - 건조,맑음,단일로 - 기타,기타불명,기타불명,미분류,기타불명,자전거,여,29세,경상
2019082500100248,2019년 8월 25일 14시,일요일,서울특별시 마포구 망원동,부상신고사고,0,0,0,1,차대차 - 기타,안전거리미확보,포장 - 건조,맑음,기타 - 기타,자전거,남,53세,부상신고,자전거,남,58세,상해없음
2019082500100319,2019년 8월 25일 16시,일요일,서울특별시 서대문구 창천동,경상사고,0,0,1,0,차대차 - 기타,안전운전불이행,포장 - 건조,맑음,단일로 - 기타,승용,남,27세,상해없음,자전거,남,50세,경상
2019082500100380,2019년 8월 25일 18시,일요일,서울특별시 강서구 등촌동,경상사고,0,0,1,0,차대차 - 기타,안전운전불이행,포장 - 건조,맑음,교차로 - 교차로부근,승용,남,72세,상해없음,자전거,남,69세,경상
2019082500100456,2019년 8월 25일 20시,일요일,서울특별시 강서구 화곡동,경상사고,0,0,1,0,차대차 - 측면충돌,안전운전불이행,포장 - 기타,흐림,교차로 - 교차로안,승합,남,48세,상해없음,자전거,남,70세,경상
2019082600100108,2019년 8월 26일 07시,월요일,서울특별시 구로구 개봉동,경상사고,0,0,1,0,차대차 - 측면충돌,안전운전불이행,포장 - 건조,맑음,교차로 - 교차로안,승용,여,45세,상해없음,자전거,남,53세,경상
2019082600100176,2019년 8월 26일 09시,월요일,서울특별시 송파구 석촌동,중상사고,0,1,0,0,차대차 - 추돌,안전운전불이행,포장 - 건조,맑음,교차로 - 교차로안,화물,남,49세,상해없음,자전거,여,55세,중상
2019082600100178,2019년 8월 26일 09시,월요일,서울특별시 양천구 신정동,경상사고,0,0,1,0,차대차 - 기타,안전운전불이행,포장 - 건조,맑음,교차로 - 교차로부근,승용,남,58세,상해없음,자전거,여,40세,경상
2019082600100228,2019년 8월 26일 10시,월요일,서울특별시 서초구 반포동,경상사고,0,0,1,0,차대차 - 측면충돌,안전운전불이행,포장 - 건조,맑음,교차로 - 교차로부근,승용,여,53세,상해없음,자전거,남,62세,경상
2019082600100253,2019년 8월 26일 11시,월요일,서울특별시 성북구 성북동,중상사고,0,1,0,0,차대차 - 측면충돌,중앙선침범,포장 - 건조,맑음,교차로 - 교차로부근,승용,여,37세,상해없음,자전거,남,47세,중상