사고번호,사고일시,요일,시군구,사고내용,사망자수,중상자수,경상자수,부상신고자수,사고유형,법규위반,노면상태,기상상태,도로형태,가해운전자 차종,가해운전자 성별,가해운전자 연령,가해운전자 상해정도,피해운전자 차종,피해운전자 성별,피해운전자 연령,피해운전자 상해정도
2019092000100697,2019년 9월 20일 23시,금요일,서울특별시 서초구 방배동,부상신고사고,0,0,0,1,차대차 - 측면충돌,안전거리미확보,포장 - 건조,맑음,단일로 - 지하차도(도로)내,승합,남,76세,상해없음,자전거,남,56세,부상신고
2019092100100029,2019년 9월 21일 00시,토요일,서울특별시 구로구 구로동,경상사고,0,0,1,0,차대차 - 기타,신호위반,포장 - 건조,맑음,교차로 - 교차로안,승용,남,71세,상해없음,자전거,여,21세,경상
2019092100100173,2019년 9월 21일 09시,토요일,서울특별시 중랑구 면목동,경상사고,0,0,1,0,차대차 - 기타,기타,포장 - 건조,맑음,기타 - 기타,승용,남,56세,상해없음,자전거,남,78세,경상
2019092100100335,2019년 9월 21일 14시,토요일,서울특별시 동작구 흑석동,중상사고,0,1,0,0,차대차 - 추돌,안전운전불이행,포장 - 건조,흐림,단일로 - 기타,자전거,남,71세,상해없음,자전거,여,57세,중상
2019092100100376,2019년 9월 21일 15시,토요일,서울특별시 중구 회현동1가,경상사고,0,0,1,0,차대차 - 추돌,안전운전불이행,포장 - 건조,맑음,교차로 - 교차로부근,자전거,남,31세,상해없음,자전거,여,40세,경상
2019092100100377,2019년 9월 21일 15시,토요일,서울특별시 동작구 본동,부상신고사고,0,0,0,2,차대차 - 측면충돌,안전운전불이행,포장 - 건조,맑음,단일로 - 기타,자전거,여,51세,부상신고,자전거,여,21세,부상신고
2019092100100447,2019년 9월 21일 17시,토요일,서울특별시 강동구 상일동,중상사고,0,1,0,0,차대차 - 기타,교차로운행방법위반,포장 - 건조,맑음,교차로 - 교차로횡단보도내,승합,남,55세,상해없음,자전거,여,67세,중상
2019092100100483,2019년 9월 21일 18시,토요일,서울특별시 관악구 봉천동,중상사고,0,1,0,0,차대차 - 측면충돌,안전운전불이행,포장 - 기타,맑음,기타 - 기타,승용,남,67세,상해없음,자전거,남,73세,중상
2019092100100695,2019년 9월 21일 22시,토요일,서울특별시 영등포구 대림동,중상사고,0,1,0,0,차대차 - 측면충돌,신호위반,포장 - 건조,맑음,교차로 - 교차로안,승용,여,48세,상해없음,자전거,여,64세,중상
2019092300100294,2019년 9월 23일 13시,월요일,서울특별시 동대문구 제기동,중상사고,0,1,0,0,차대차 - 측면충돌,안전거리미확보,포장 - 건조,맑음,교차로 - 교차로안,승용,여,55세,상해없음,자전거,여,62세,중상
2019092300100295,2019년 9월 23일 13시,월요일,서울특별시 동대문구 장안동,경상사고,0,0,1,0,차대차 - 추돌,안전운전불이행,포장 - 건조,맑음,교차로 - 교차로부근,화물,남,29세,상해없음,자전거,남,70세,경상
2019092300100365,2019년 9월 23일 15시,월요일,서울특별시 강북구 미아동,경상사고,0,0,1,0,차대차 - 측면충돌,직진우회전진행방해,포장 - 건조,맑음,교차로 - 교차로안,승용,여,61세,상해없음,자전거,여,26세,경상
2019092300100639,2019년 9월 23일 22시,월요일,서울특별시 동대문구 장안동,중상사고,0,1,0,0,차대차 - 정면충돌,안전운전불이행,포장 - 건조,맑음,기타 - 기타,자전거,남,46세,상해없음,자전거,남,33세,중상
2019092300100662,2019년 9월 23일 23시,월요일,서울특별시 중랑구 면목동,경상사고,0,0,1,0,차대차 - 후진중충돌,안전운전불이행,포장 - 건조,맑음,교차로 - 교차로부근,승용,남,71세,상해없음,자전거,남,37세,경상
2019092400100060,2019년 9월 24일 04시,화요일,서울특별시 성북구 정릉동,중상사고,0,1,0,0,차대차 - 추돌,신호위반,포장 - 건조,맑음,교차로 - 교차로부근,승용,남,63세,상해없음,자전거,남,72세,중상
2019092400100100,2019년 9월 24일 07시,화요일,서울특별시 금천구 독산동,경상사고,0,0,1,0,차대차 - 기타,기타,포장 - 건조,맑음,단일로 - 기타,승합,남,64세,상해없음,자전거,남,44세,상해없음
2019092400100207,2019년 9월 24일 10시,화요일,서울특별시 중랑구 묵동,중상사고,0,1,0,0,차대차 - 정면충돌,안전운전불이행,포장 - 건조,맑음,단일로 - 기타,화물,남,66세,상해없음,자전거,남,78세,중상
2019092400100245,2019년 9월 24일 11시,화요일,서울특별시 중랑구 망우동,부상신고사고,0,0,0,1,차대차 - 기타,교차로운행방법위반,포장 - 건조,맑음,교차로 - 교차로부근,승용,여,53세,상해없음,자전거,남,74세,부상신고
2019092400100406,2019년 9월 24일 15시,화요일,서울특별시 송파구 오금동,중상사고,0,1,0,0,차대차 - 측면충돌,안전운전불이행,포장 - 건조,기타,단일로 - 기타,승용,여,52세,상해없음,자전거,여,18세,중상
2019092400100459,2019년 9월 24일 16시,화요일,서울특별시 동대문구 용두동,중상사고,0,1,0,0,차대차 - 추돌,안전운전불이행,포장 - 건조,맑음,기타 - 기타,자전거,남,56세,상해없음,자전거,남,41세,중상
2019092400100462,2019년 9월 24일 16시,화요일,서울특별시 강서구 방화동,부상신고사고,0,0,0,2,차대차 - 기타,안전운전불이행,포장 - 건조,맑음,단일로 - 기타,자전거,남,58세,부상신고,자전거,남,64세,부상신고
2019092400100466,2019년 9월 24일 16시,화요일,서울특별시 노원구 중계동,중상사고,0,1,0,0,차대차 - 기타,안전운전불이행,포장 - 건조,맑음,단일로 - 기타,승용,여,38세,상해없음,자전거,남,81세,중상
2019092400100507,2019년 9월 24일 17시,화요일,서울특별시 도봉구 창동,부상신고사고,0,0,0,1,차대차 - 기타,기타,포장 - 건조,맑음,단일로 - 기타,승용,남,60세,상해없음,자전거,남,64세,부상신고
2019092400100694,2019년 9월 24일 21시,화요일,서울특별시 송파구 가락동,중상사고,0,1,0,0,차대차 - 측면충돌,신호위반,포장 - 건조,맑음,교차로 - 교차로안,승합,남,57세,상해없음,자전거,여,40세,중상
2019092400100731,2019년 9월 24일 22시,화요일,서울특별시 구로구 오류동,중상사고,0,1,0,0,차대차 - 측면충돌,신호위반,포장 - 건조,맑음,단일로 - 기타,승용,여,56세,상해없음,자전거,여,22세,중상
2019092500100026,2019년 9월 25일 00시,수요일,서울특별시 성동구 성수동1가,중상사고,0,1,0,0,차대차 - 측면충돌,신호위반,포장 - 건조,맑음,단일로 - 기타,승용,남,59세,상해없음,자전거,남,26세,중상
2019092500100168,2019년 9월 25일 09시,수요일,서울특별시 중랑구 망우동,경상사고,0,0,1,0,차대차 - 측면충돌,안전운전불이행,포장 - 건조,맑음,기타 - 기타,승용,남,31세,상해없음,자전거,여,55세,경상
2019092500100169,2019년 9월 25일 09시,수요일,서울특별시 송파구 삼전동,경상사고,0,0,1,0,차대차 - 측면충돌,신호위반,포장 - 건조,맑음,단일로 - 기타,승용,여,32세,상해없음,자전거,여,20세,경상
2019092500100218,2019년 9월 25일 10시,수요일,서울특별시 동작구 본동,부상신고사고,0,0,0,1,차대차 - 측면충돌,안전운전불이행,포장 - 건조,맑음,단일로 - 기타,자전거,기타불명,미분류,기타불명,자전거,여,47세,부상신고
2019092500100283,2019년 9월 25일 12시,수요일,서울특별시 성북구 동선동5가,경상사고,0,0,1,0,차대차 - 기타,신호위반,포장 - 건조,맑음,교차로 - 교차로횡단보도내,승용,여,48세,상해없음,자전거,남,40세,경상
2019092500100310,2019년 9월 25일 13시,수요일,서울특별시 동작구 상도동,경상사고,0,0,1,0,차대차 - 기타,기타,포장 - 건조,맑음,교차로 - 교차로부근,승용,남,53세,상해없음,자전거,남,62세,경상
2019092500100375,2019년 9월 25일 15시,수요일,서울특별시 금천구 시흥동,부상신고사고,0,0,0,1,차대차 - 측면충돌,안전운전불이행,포장 - 건조,맑음,교차로 - 교차로횡단보도내,승용,남,62세,상해없음,자전거,남,12세,부상신고
2019092500100461,2019년 9월 25일 17시,수요일,서울특별시 동대문구 제기동,경상사고,0,0,2,0,차대차 - 측면충돌,안전거리미확보,포장 - 건조,맑음,교차로 - 교차로부근,승용,남,81세,상해없음,자전거,남,70세,경상
2019092500100612,2019년 9월 25일 20시,수요일,서울특별시 성동구 성수동1가,경상사고,0,0,1,0,차대차 - 기타,안전운전불이행,포장 - 건조,맑음,단일로 - 기타,자전거,여,20세,상해없음,자전거,남,42세,경상
2019092600100111,2019년 9월 26일 08시,목요일,서울특별시 동작구 사당동,부상신고사고,0,0,0,1,차대차 - 측면충돌,안전운전불이행,포장 - 건조,맑음,교차로 - 교차로부근,승용,남,37세,상해없음,자전거,남,22세,부상신고
2019092600100216,2019년 9월 26일 11시,목요일,서울특별시 영등포구 문래동3가,경상사고,0,0,1,0,차대차 - 기타,기타,포장 - 건조,맑음,교차로 - 교차로부근,승용,남,68세,상해없음,자전거,여,66세,경상
2019092600100427,2019년 9월 26일 17시,목요일,서울특별시 광진구 자양동,경상사고,0,0,1,0,차대차 - 정면충돌,신호위반,포장 - 건조,맑음,단일로 - 기타,화물,남,42세,상해없음,자전거,남,52세,경상
2019092600100431,2019년 9월 26일 17시,목요일,서울특별시 도봉구 도봉동,부상신고사고,0,0,0,1,차대차 - 측면충돌,안전운전불이행,포장 - 기타,맑음,단일로 - 기타,자전거,남,60세,부상신고,자전거,남,47세,상해없음
2019092600100522,2019년 9월 26일 19시,목요일,서울특별시 동대문구 장안동,부상신고사고,0,0,0,1,차대차 - 측면충돌,교차로운행방법위반,포장 - 건조,맑음,교차로 - 교차로안,화물,남,18세,상해없음,자전거,남,75세,부상신고
2019092700100071,2019년 9월 27일 04시,금요일,서울특별시 금천구 가산동,부상신고사고,0,0,0,1,차대차 - 기타,신호위반,포장 - 건조,맑음,교차로 - 교차로안,기타불명,기타불명,미분류,기타불명,자전거,남,37세,부상신고
2019092700100110,2019년 9월 27일 07시,금요일,서울특별시 영등포구 양평동2가,경상사고,0,0,1,0,차대차 - 기타,안전운전불이행,포장 - 건조,맑음,단일로 - 기타,자전거,남,76세,경상,자전거,남,71세,상해없음
2019092700100411,2019년 9월 27일 15시,금요일,서울특별시 노원구 공릉동,경상사고,0,0,1,0,차대차 - 측면충돌,안전운전불이행,포장 - 건조,맑음,교차로 - 교차로횡단보도내,승용,남,30세,상해없음,자전거,남,30세,경상
2019092700100452,2019년 9월 27일 16시,금요일,서울특별시 강남구 개포동,경상사고,0,0,1,0,차대차 - 측면충돌,안전운전불이행,포장 - 건조,맑음,교차로 - 교차로부근,화물,남,58세,상해없음,자전거,여,11세,경상
2019092700100656,2019년 9월 27일 20시,금요일,서울특별시 송파구 송파동,경상사고,0,0,1,0,차대차 - 측면충돌,직진우회전진행방해,포장 - 건조,맑음,단일로 - 기타,승용,여,33세,상해없음,자전거,남,23세,경상
2019092700100689,2019년 9월 27일 21시,금요일,서울특별시 송파구 문정동,경상사고,0,0,1,0,차대차 - 정면충돌,안전운전불이행,포장 - 건조,맑음,단일로 - 기타,자전거,남,40세,상해없음,자전거,여,47세,경상
2019092700100690,2019년 9월 27일 21시,금요일,서울특별시 구로구 고척동,중상사고,0,1,1,0,차대차 - 기타,안전운전불이행,포장 - 건조,맑음,교차로 - 교차로안,자전거,여,20세,경상,자전거,남,54세,중상
2019092800100166,2019년 9월 28일 08시,토요일,서울특별시 양천구 신정동,경상사고,0,0,1,0,차대차 - 측면충돌,안전운전불이행,포장 - 건조,맑음,교차로 - 교차로안,승용,남,47세,상해없음,자전거,남,66세,경상
2019092800100302,2019년 9월 28일 12시,토요일,서울특별시 성북구 장위동,중상사고,0,1,0,0,차대차 - 기타,기타,포장 - 건조,맑음,단일로 - 기타,승용,남,47세,상해없음,자전거,남,28세,중상
2019092800100340,2019년 9월 28일 13시,토요일,서울특별시 영등포구 대림동,중상사고,0,1,0,0,차대차 - 기타,안전운전불이행,포장 - 건조,맑음,교차로 - 교차로안,화물,남,53세,상해없음,자전거,남,67세,중상
2019092800100342,2019년 9월 28일 13시,토요일,서울특별시 성동구 옥수동,중상사고,0,1,0,0,차대차 - 측면충돌,안전운전불이행,포장 - 건조,맑음,단일로 - 기타,자전거,남,50세,상해없음,자전거,여,42세,중상
2019092800100389,2019년 9월 28일 14시,토요일,서울특별시 성동구 사근동,중상사고,0,1,0,0,차대차 - 측면충돌,안전운전불이행,포장 - 건조,맑음,단일로 - 기타,자전거,남,65세,중상,자전거,남,71세,상해없음
2019092800100391,2019년 9월 28일 14시,토요일,서울특별시 관악구 신림동,경상사고,0,0,1,0,차대차 - 측면충돌,안전운전불이행,포장 - 건조,맑음,교차로 - 교차로안,승용,남,32세,상해없음,자전거,남,39세,경상
2019092800100395,2019년 9월 28일 14시,토요일,서울특별시 구로구 신도림동,중상사고,0,1,0,0,차대차 - 기타,안전운전불이행,포장 - 건조,맑음,단일로 - 기타,자전거,남,62세,상해없음,자전거,남,52세,상해없음
2019092800100447,2019년 9월 28일 15시,토요일,서울특별시 영등포구 당산동,경상사고,0,0,1,0,차대차 - 기타,중앙선침범,포장 - 건조,맑음,단일로 - 기타,자전거,남,23세,상해없음,자전거,남,52세,경상
2019092800100605,2019년 9월 28일 19시,토요일,서울특별시 강북구 번동,경상사고,0,0,1,0,차대차 - 측면충돌,기타,포장 - 건조,맑음,교차로 - 교차로부근,승용,남,59세,상해없음,자전거,남,47세,경상
2019092900100077,2019년 9월 29일 05시,일요일,서울특별시 노원구 상계동,중상사고,0,1,0,0,차대차 - 기타,안전운전불이행,포장 - 건조,맑음,교차로 - 교차로안,화물,남,36세,상해없음,자전거,남,41세,중상
2019092900100261,2019년 9월 29일 14시,일요일,서울특별시 서초구 잠원동,경상사고,0,0,1,0,차대차 - 기타,안전운전불이행,포장 - 건조,맑음,단일로 - 기타,자전거,남,77세,경상,자전거,여,23세,상해없음
2019092900100331,2019년 9월 29일 16시,일요일,서울특별시 서대문구 대현동,경상사고,0,0,1,0,차대차 - 측면충돌,신호위반,포장 - 건조,맑음,단일로 - 기타,승용,여,31세,상해없음,자전거,여,32세,경상
2019092900100336,2019년 9월 29일 16시,일요일,서울특별시 송파구 잠실동,중상사고,0,1,0,0,차대차 - 측면충돌,안전운전불이행,포장 - 건조,맑음,기타 - 기타,승용,여,48세,상해없음,자전거,여,62세,중상
2019092900100373,2019년 9월 29일 17시,일요일,서울특별시 동대문구 청량리동,경상사고,0,0,1,0,차대차 - 기타,안전운전불이행,포장 - 건조,맑음,단일로 - 기타,승용,남,34세,상해없음,자전거,남,62세,경상
2019092900100409,2019년 9월 29일 18시,일요일,서울특별시 영등포구 양화동,경상사고,0,0,1,1,차대차 - 기타,안전운전불이행,포장 - 건조,맑음,단일로 - 기타,자전거,여,23세,경상,자전거,여,22세,부상신고
2019093000100092,2019년 9월 30일 07시,월요일,서울특별시 송파구 오금동,경상사고,0,0,1,0,차대차 - 기타,안전운전불이행,포장 - 건조,맑음,교차로 - 교차로부근,자전거,남,50세,경상,자전거,여,63세,상해없음
2019093000100130,2019년 9월 30일 08시,월요일,서울특별시 강서구 등촌동,경상사고,0,0,1,0,차대차 - 측면충돌,안전운전불이행,포장 - 건조,맑음,단일로 - 기타,승용,남,41세,상해없음,자전거,남,14세,경상
2019093000100173,2019년 9월 30일 09시,월요일,서울특별시 강동구 암사동,경상사고,0,0,1,0,차대차 - 기타,안전운전불이행,포장 - 건조,맑음,교차로 - 교차로횡단보도내,승용,여,51세,상해없음,자전거,남,74세,경상
2019093000100485,2019년 9월 30일 17시,월요일,서울특별시 동대문구 장안동,중상사고,0,1,0,0,차대차 - 측면충돌,안전운전불이행,포장 - 건조,맑음,교차로 - 교차로안,승합,남,69세,상해없음,자전거,남,62세,중상
2019093000100534,2019년 9월 30일 18시,월요일,서울특별시 송파구 석촌동,중상사고,0,1,0,0,차대차 - 측면충돌,직진우회전진행방해,포장 - 건조,맑음,교차로 - 교차로안,승용,남,59세,상해없음,자전거,남,35세,중상
2019100100100068,2019년 10월 1일 05시,화요일,서울특별시 영등포구 여의도동,사망사고,1,0,0,0,차대차 - 추돌,안전운전불이행,포장 - 건조,맑음,기타 - 기타,화물,남,73세,상해없음,자전거,남,71세,사망
2019100100100096,2019년 10월 1일 07시,화요일,서울특별시 동대문구 답십리동,중상사고,0,1,0,0,차대차 - 기타,기타,포장 - 건조,맑음,단일로 - 기타,화물,남,61세,상해없음,자전거,여,72세,중상
2019100100100127,2019년 10월 1일 08시,화요일,서울특별시 송파구 방이동,경상사고,0,0,1,0,차대차 - 추돌,신호위반,포장 - 건조,맑음,교차로 - 교차로안,승용,남,48세,상해없음,자전거,남,46세,경상
2019100100100243,2019년 10월 1일 11시,화요일,서울특별시 영등포구 여의도동,부상신고사고,0,0,0,1,차대차 - 기타,안전운전불이행,포장 - 건조,맑음,단일로 - 기타,자전거,여,40세,부상신고,자전거,남,35세,상해없음
2019100100100492,2019년 10월 1일 18시,화요일,서울특별시 영등포구 문래동5가,경상사고,0,0,2,0,차대차 - 측면충돌,안전운전불이행,포장 - 건조,맑음,단일로 - 기타,자전거,남,44세,경상,자전거,남,55세,경상
2019100200100282,2019년 10월 2일 12시,수요일,서울특별시 마포구 성산동,경상사고,0,0,1,0,차대차 - 측면충돌,안전운전불이행,포장 - 건조,맑음,교차로 - 교차로횡단보도내,승용,여,56세,상해없음,자전거,남,58세,경상
2019100200100893,2019년 10월 2일 23시,수요일,서울특별시 성북구 삼선동1가,경상사고,0,0,1,0,차대차 - 측면충돌,기타,포장 - 젖음/습기,비,교차로 - 교차로부근,승용,남,52세,상해없음,자전거,남,28세,경상
2019100300100195,2019년 10월 3일 08시,목요일,서울특별시 영등포구 신길동,중상사고,0,1,0,0,차대차 - 기타,안전운전불이행,포장 - 젖음/습기,비,교차로 - 교차로부근,화물,남,65세,상해없음,자전거,남,71세,중상
2019100300100410,2019년 10월 3일 16시,목요일,서울특별시 영등포구 양평동6가,경상사고,0,0,1,0,차대차 - 기타,안전운전불이행,포장 - 건조,맑음,단일로 - 기타,자전거,기타불명,미분류,기타불명,자전거,남,51세,경상
2019100300100412,2019년 10월 3일 16시,목요일,서울특별시 동작구 본동,중상사고,0,1,0,0,차대차 - 측면충돌,안전운전불이행,포장 - 건조,맑음,단일로 - 기타,자전거,여,21세,상해없음,자전거,남,51세,중상
2019100300100414,2019년 10월 3일 16시,목요일,서울특별시 강서구 화곡동,경상사고,0,0,1,0,차대차 - 측면충돌,안전운전불이행,포장 - 기타,맑음,교차로 - 교차로안,승용,남,58세,상해없음,자전거,남,70세,경상
2019100300100435,2019년 10월 3일 17시,목요일,서울특별시 광진구 자양동,경상사고,0,0,1,0,차대차 - 기타,직진우회전진행방해,포장 - 기타,맑음,교차로 - 교차로부근,원동기,남,24세,상해없음,자전거,여,71세,경상
2019100300100442,2019년 10월 3일 17시,목요일,서울특별시 도봉구 창동,중상사고,0,1,1,0,차대차 - 정면충돌,안전운전불이행,포장 - 건조,맑음,단일로 - 기타,자전거,남,26세,경상,자전거,남,66세,중상
2019100300100476,2019년 10월 3일 18시,목요일,서울특별시 강동구 암사동,부상신고사고,0,0,0,1,차대차 - 추돌,안전운전불이행,포장 - 건조,맑음,기타 - 기타,자전거,여,26세,부상신고,자전거,남,8세,상해없음
2019100300100598,2019년 10월 3일 23시,목요일,서울특별시 서대문구 북가좌동,경상사고,0,0,1,1,차대차 - 기타,안전운전불이행,포장 - 건조,맑음,기타 - 기타,자전거,남,23세,부상신고,자전거,남,46세,경상
2019100400100021,2019년 10월 4일 00시,금요일,서울특별시 은평구 대조동,중상사고,0,1,0,0,차대차 - 추돌,안전거리미확보,포장 - 건조,맑음,단일로 - 기타,승용,여,29세,상해없음,자전거,남,30세,중상
2019100400100097,2019년 10월 4일 07시,금요일,서울특별시 노원구 중계동,경상사고,0,0,1,0,차대차 - 측면충돌,안전운전불이행,포장 - 건조,맑음,단일로 - 기타,자전거,남,57세,상해없음,자전거,여,59세,경상
2019100400100131,2019년 10월 4일 08시,금요일,서울특별시 중랑구 묵동,경상사고,0,0,1,0,차대차 - 기타,신호위반,포장 - 건조,맑음,교차로 - 교차로안,승합,남,43세,상해없음,자전거,남,31세,경상
2019100400100176,2019년 10월 4일 09시,금요일,서울특별시 송파구 가락동,경상사고,0,0,1,0,차대차 - 측면충돌,안전운전불이행,포장 - 건조,맑음,단일로 - 기타,승용,여,62세,상해없음,자전거,여,25세,경상
2019100400100235,2019년 10월 4일 11시,금요일,서울특별시 도봉구 도봉동,경상사고,0,0,1,0,차대차 - 측면충돌,안전운전불이행,포장 - 건조,맑음,교차로 - 교차로안,승용,남,52세,상해없음,자전거,여,41세,경상
2019100400100322,2019년 10월 4일 13시,금요일,서울특별시 강북구 미아동,경상사고,0,0,1,0,차대차 - 기타,직진우회전진행방해,포장 - 건조,맑음,교차로 - 교차로부근,화물,남,27세,상해없음,자전거,남,69세,경상
2019100400100463,2019년 10월 4일 16시,금요일,서울특별시 금천구 독산동,경상사고,0,0,1,0,차대차 - 기타,안전운전불이행,포장 - 건조,맑음,단일로 - 기타,자전거,여,72세,경상,자전거,남,51세,상해없음
2019100400100541,2019년 10월 4일 18시,금요일,서울특별시 구로구 고척동,경상사고,0,0,1,0,차대차 - 후진중충돌,안전운전불이행,포장 - 건조,맑음,교차로 - 교차로횡단보도내,승용,남,65세,상해없음,자전거,남,61세,경상
2019100400100613,2019년 10월 4일 19시,금요일,서울특별시 중랑구 면목동,경상사고,0,0,1,0,차대차 - 측면충돌,안전운전불이행,포장 - 건조,맑음,교차로 - 교차로부근,승용,남,49세,상해없음,자전거,남,52세,경상
2019100400100614,2019년 10월 4일 19시,금요일,서울특별시 중랑구 묵동,중상사고,0,1,0,0,차대차 - 기타,안전운전불이행,포장 - 건조,맑음,교차로 - 교차로안,승용,남,61세,상해없음,자전거,남,14세,중상
2019100400100700,2019년 10월 4일 21시,금요일,서울특별시 서대문구 연희동,경상사고,0,0,1,0,차대차 - 측면충돌,안전운전불이행,포장 - 건조,흐림,단일로 - 기타,승용,남,66세,상해없음,자전거,남,28세,경상
2019100500100111,2019년 10월 5일 08시,토요일,서울특별시 양천구 신월동,경상사고,0,0,1,0,차대차 - 측면충돌,안전운전불이행,포장 - 건조,흐림,단일로 - 기타,승용,남,43세,상해없음,자전거,여,50세,경상
2019100500100136,2019년 10월 5일 09시,토요일,서울특별시 송파구 잠실동,경상사고,0,0,1,0,차대차 - 측면충돌,안전운전불이행,포장 - 건조,맑음,단일로 - 기타,승용,남,30세,상해없음,자전거,남,24세,경상
2019100500100263,2019년 10월 5일 13시,토요일,서울특별시 성북구 정릉동,경상사고,0,0,1,0,차대차 - 측면충돌,신호위반,포장 - 건조,맑음,교차로 - 교차로안,승용,남,58세,상해없음,자전거,남,45세,경상
2019100500100401,2019년 10월 5일 17시,토요일,서울특별시 강서구 화곡동,경상사고,0,0,1,0,차대차 - 측면충돌,안전운전불이행,포장 - 건조,맑음,단일로 - 기타,이륜,남,27세,상해없음,자전거,남,47세,경상
2019100500100474,2019년 10월 5일 19시,토요일,서울특별시 강서구 염창동,경상사고,0,0,2,0,차대차 - 정면충돌,중앙선침범,포장 - 건조,맑음,단일로 - 기타,자전거,남,44세,경상,자전거,남,13세,경상
2019100500100475,2019년 10월 5일 19시,토요일,서울특별시 동작구 동작동,부상신고사고,0,0,0,1,차대차 - 추돌,안전거리미확보,포장 - 건조,맑음,기타 - 기타,자전거,남,13세,부상신고,자전거,남,17세,상해없음
2019100500100477,2019년 10월 5일 19시,토요일,서울특별시 성북구 장위동,경상사고,0,0,1,0,차대차 - 측면충돌,안전거리미확보,포장 - 건조,맑음,단일로 - 기타,승합,남,50세,상해없음,자전거,남,72세,경상
2019100600100083,2019년 10월 6일 05시,일요일,서울특별시 송파구 가락동,중상사고,0,1,0,0,차대차 - 측면충돌,직진우회전진행방해,포장 - 건조,맑음,교차로 - 교차로안,승용,남,55세,상해없음,자전거,남,15세,중상
2019100600100196,2019년 10월 6일 12시,일요일,서울특별시 양천구 신정동,경상사고,0,0,1,0,차대차 - 측면충돌,신호위반,포장 - 건조,맑음,교차로 - 교차로안,승용,남,68세,상해없음,자전거,남,11세,경상
2019100600100260,2019년 10월 6일 14시,일요일,서울특별시 강남구 신사동,경상사고,0,0,1,0,차대차 - 기타,안전운전불이행,포장 - 건조,맑음,단일로 - 기타,승용,남,46세,상해없음,자전거,남,41세,경상
2019100600100290,2019년 10월 6일 15시,일요일,서울특별시 영등포구 양화동,중상사고,0,1,0,0,차대차 - 기타,안전운전불이행,포장 - 건조,맑음,교차로 - 교차로안,자전거,남,29세,중상,자전거,여,25세,상해없음
2019100600100294,2019년 10월 6일 15시,일요일,서울특별시 강동구 천호동,부상신고사고,0,0,0,1,차대차 - 기타,안전운전불이행,포장 - 건조,맑음,기타 - 기타,자전거,남,54세,부상신고,자전거,남,15세,상해없음
2019100600100425,2019년 10월 6일 19시,일요일,서울특별시 동작구 노량진동,중상사고,0,1,1,0,차대차 - 측면충돌,안전운전불이행,포장 - 건조,맑음,단일로 - 기타,자전거,남,40세,중상,자전거,남,15세,경상
2019100800100115,2019년 10월 8일 07시,화요일,서울특별시 강남구 일원동,경상사고,0,0,1,0,차대차 - 기타,안전운전불이행,포장 - 건조,맑음,단일로 - 기타,승용,여,45세,상해없음,자전거,남,59세,경상
2019100800100142,2019년 10월 8일 08시,화요일,서울특별시 강서구 화곡동,경상사고,0,0,1,0,차대차 - 기타,안전운전불이행,포장 - 건조,맑음,단일로 - 기타,기타불명,기타불명,미분류,기타불명,자전거,여,36세,경상
2019100800100144,2019년 10월 8일 08시,화요일,서울특별시 송파구 송파동,중상사고,0,1,0,0,차대차 - 기타,안전운전불이행,포장 - 건조,맑음,교차로 - 교차로안,승용,여,50세,상해없음,자전거,남,35세,중상
2019100800100318,2019년 10월 8일 13시,화요일,서울특별시 영등포구 신길동,경상사고,0,0,1,1,차대차 - 기타,신호위반,포장 - 건조,맑음,교차로 - 교차로안,이륜,여,26세,부상신고,자전거,남,24세,경상
2019100800100489,2019년 10월 8일 17시,화요일,서울특별시 구로구 구로동,중상사고,0,1,0,0,차대차 - 기타,안전운전불이행,포장 - 건조,맑음,단일로 - 지하차도(도로)내,승합,남,48세,상해없음,자전거,남,48세,중상
2019100900100322,2019년 10월 9일 14시,수요일,서울특별시 영등포구 양평동3가,경상사고,0,0,1,0,차대차 - 기타,안전운전불이행,포장 - 건조,맑음,단일로 - 기타,자전거,여,63세,경상,자전거,여,26세,상해없음
2019100900100475,2019년 10월 9일 18시,수요일,서울특별시 관악구 신림동,경상사고,0,0,1,0,차대차 - 기타,안전운전불이행,포장 - 건조,맑음,단일로 - 기타,승용,남,68세,상해없음,자전거,남,58세,경상
2019100900100560,2019년 10월 9일 20시,수요일,서울특별시 영등포구 당산동,중상사고,0,1,0,0,차대차 - 측면충돌,신호위반,포장 - 건조,맑음,단일로 - 고가도로위,승용,남,44세,상해없음,자전거,여,28세,중상
2019101000100115,2019년 10월 10일 08시,목요일,서울특별시 노원구 중계동,경상사고,0,0,1,0,차대차 - 측면충돌,안전운전불이행,포장 - 건조,맑음,단일로 - 고가도로위,기타불명,기타불명,미분류,기타불명,자전거,남,14세,경상
2019101000100233,2019년 10월 10일 11시,목요일,서울특별시 강북구 미아동,경상사고,0,0,1,0,차대차 - 측면충돌,안전운전불이행,포장 - 건조,맑음,단일로 - 기타,승용,남,29세,상해없음,자전거,남,83세,경상
2019101000100338,2019년 10월 10일 14시,목요일,서울특별시 동대문구 제기동,중상사고,0,1,0,0,차대차 - 측면충돌,신호위반,포장 - 건조,맑음,교차로 - 교차로안,승용,여,53세,상해없음,자전거,남,68세,중상
2019101000100436,2019년 10월 10일 16시,목요일,서울특별시 양천구 신정동,경상사고,0,0,1,0,차대차 - 측면충돌,신호위반,포장 - 건조,맑음,단일로 - 기타,승용,여,60세,상해없음,자전거,남,10세,경상