사고번호,사고일시,요일,시군구,사고내용,사망자수,중상자수,경상자수,부상신고자수,사고유형,법규위반,노면상태,기상상태,도로형태,가해운전자 차종,가해운전자 성별,가해운전자 연령,가해운전자 상해정도,피해운전자 차종,피해운전자 성별,피해운전자 연령,피해운전자 상해정도
2019101000100439,2019년 10월 10일 16시,목요일,서울특별시 은평구 구산동,경상사고,0,0,2,0,차대차 - 기타,안전운전불이행,포장 - 건조,맑음,교차로 - 교차로안,승용,남,51세,상해없음,자전거,남,13세,경상
2019101000100573,2019년 10월 10일 19시,목요일,서울특별시 동대문구 휘경동,중상사고,0,1,0,0,차대차 - 측면충돌,안전운전불이행,포장 - 건조,맑음,교차로 - 교차로안,승용,남,50세,상해없음,자전거,남,27세,중상
2019101000100662,2019년 10월 10일 21시,목요일,서울특별시 강동구 길동,중상사고,0,1,0,0,차대차 - 측면충돌,기타,포장 - 건조,맑음,단일로 - 기타,승용,남,37세,기타불명,자전거,여,50세,중상
2019101100100135,2019년 10월 11일 08시,금요일,서울특별시 중랑구 중화동,중상사고,0,1,0,0,차대차 - 기타,신호위반,포장 - 건조,맑음,교차로 - 교차로안,승용,남,49세,상해없음,자전거,남,48세,중상
2019101100100256,2019년 10월 11일 11시,금요일,서울특별시 강동구 암사동,중상사고,0,1,0,0,차대차 - 측면충돌,중앙선침범,포장 - 건조,맑음,기타 - 기타,원동기,남,64세,상해없음,자전거,남,74세,중상
2019101100100293,2019년 10월 11일 12시,금요일,서울특별시 강동구 명일동,부상신고사고,0,0,0,1,차대차 - 측면충돌,안전운전불이행,포장 - 건조,맑음,기타 - 기타,승용,남,71세,상해없음,자전거,여,75세,부상신고
2019101100100554,2019년 10월 11일 18시,금요일,서울특별시 도봉구 방학동,중상사고,0,1,0,0,차대차 - 측면충돌,안전운전불이행,포장 - 건조,맑음,교차로 - 교차로안,기타불명,기타불명,미분류,기타불명,자전거,남,58세,중상
2019101100100683,2019년 10월 11일 20시,금요일,서울특별시 강동구 암사동,부상신고사고,0,0,0,1,차대차 - 측면충돌,안전운전불이행,포장 - 건조,맑음,단일로 - 기타,이륜,남,18세,상해없음,자전거,남,48세,부상신고
2019101100100714,2019년 10월 11일 21시,금요일,서울특별시 은평구 신사동,경상사고,0,0,1,0,차대차 - 측면충돌,신호위반,포장 - 건조,맑음,교차로 - 교차로안,승용,여,68세,상해없음,자전거,남,35세,경상
2019101100100719,2019년 10월 11일 21시,금요일,서울특별시 동작구 신대방동,경상사고,0,0,1,0,차대차 - 기타,안전운전불이행,포장 - 건조,맑음,기타 - 기타,승용,남,42세,상해없음,자전거,남,57세,경상
2019101200100120,2019년 10월 12일 07시,토요일,서울특별시 성동구 성수동2가,사망사고,1,0,0,0,차대차 - 추돌,직진우회전진행방해,포장 - 건조,맑음,교차로 - 교차로부근,승용,남,63세,상해없음,자전거,남,79세,사망
2019101200100336,2019년 10월 12일 13시,토요일,서울특별시 영등포구 당산동6가,중상사고,0,1,1,0,차대차 - 측면충돌,안전운전불이행,포장 - 건조,맑음,교차로 - 교차로부근,자전거,여,55세,경상,자전거,여,27세,중상
2019101300100085,2019년 10월 13일 06시,일요일,서울특별시 강동구 성내동,경상사고,0,0,1,0,차대차 - 기타,기타,포장 - 건조,맑음,교차로 - 교차로안,자전거,남,23세,경상,자전거,남,39세,상해없음
2019101300100118,2019년 10월 13일 09시,일요일,서울특별시 강남구 청담동,중상사고,0,1,0,0,차대차 - 기타,신호위반,포장 - 건조,맑음,단일로 - 기타,승용,남,32세,상해없음,자전거,여,56세,중상
2019101300100138,2019년 10월 13일 10시,일요일,서울특별시 용산구 용산동2가,경상사고,0,0,1,0,차대차 - 기타,안전운전불이행,포장 - 건조,맑음,단일로 - 기타,이륜,여,31세,상해없음,자전거,남,22세,경상
2019101300100241,2019년 10월 13일 14시,일요일,서울특별시 송파구 가락동,부상신고사고,0,0,0,1,차대차 - 기타,안전운전불이행,포장 - 건조,맑음,단일로 - 기타,자전거,남,18세,기타불명,자전거,남,11세,부상신고
2019101300100242,2019년 10월 13일 14시,일요일,서울특별시 송파구 신천동,경상사고,0,0,1,0,차대차 - 측면충돌,안전운전불이행,포장 - 건조,맑음,단일로 - 기타,자전거,남,26세,상해없음,자전거,남,37세,경상
2019101300100286,2019년 10월 13일 15시,일요일,서울특별시 송파구 잠실동,경상사고,0,0,1,1,차대차 - 기타,안전운전불이행,포장 - 건조,맑음,단일로 - 기타,자전거,남,27세,부상신고,자전거,남,65세,경상
2019101300100320,2019년 10월 13일 16시,일요일,서울특별시 중랑구 면목동,중상사고,0,1,0,0,차대차 - 측면충돌,안전운전불이행,포장 - 건조,맑음,단일로 - 기타,자전거,여,22세,상해없음,자전거,남,69세,상해없음
2019101400100114,2019년 10월 14일 08시,월요일,서울특별시 양천구 목동,중상사고,0,1,0,0,차대차 - 측면충돌,안전운전불이행,포장 - 건조,맑음,교차로 - 교차로횡단보도내,승용,남,37세,상해없음,자전거,남,13세,중상
2019101400100318,2019년 10월 14일 13시,월요일,서울특별시 송파구 가락동,경상사고,0,0,1,0,차대차 - 측면충돌,안전운전불이행,포장 - 건조,맑음,교차로 - 교차로부근,승용,남,78세,상해없음,자전거,여,52세,경상
2019101400100357,2019년 10월 14일 14시,월요일,서울특별시 송파구 삼전동,부상신고사고,0,0,0,1,차대차 - 측면충돌,신호위반,포장 - 건조,맑음,교차로 - 교차로부근,승용,남,61세,상해없음,자전거,남,11세,부상신고
2019101400100438,2019년 10월 14일 16시,월요일,서울특별시 중랑구 중화동,중상사고,0,1,0,0,차대차 - 측면충돌,안전운전불이행,포장 - 건조,맑음,단일로 - 기타,승합,남,52세,상해없음,자전거,남,67세,중상
2019101400100620,2019년 10월 14일 19시,월요일,서울특별시 동작구 대방동,경상사고,0,0,1,0,차대차 - 정면충돌,안전운전불이행,포장 - 건조,맑음,단일로 - 기타,자전거,여,20세,상해없음,자전거,남,39세,경상
2019101400100664,2019년 10월 14일 20시,월요일,서울특별시 광진구 구의동,중상사고,0,2,0,0,차대차 - 정면충돌,안전운전불이행,포장 - 건조,맑음,단일로 - 기타,자전거,남,60세,중상,자전거,남,43세,중상
2019101500100123,2019년 10월 15일 08시,화요일,서울특별시 성동구 금호동4가,경상사고,0,0,1,0,차대차 - 기타,안전운전불이행,포장 - 건조,맑음,단일로 - 기타,자전거,남,50세,상해없음,자전거,남,43세,경상
2019101500100127,2019년 10월 15일 08시,화요일,서울특별시 은평구 갈현동,중상사고,0,1,0,0,차대차 - 측면충돌,안전운전불이행,포장 - 건조,맑음,교차로 - 교차로안,화물,남,48세,상해없음,자전거,남,83세,중상
2019101500100168,2019년 10월 15일 09시,화요일,서울특별시 금천구 시흥동,경상사고,0,0,1,0,차대차 - 측면충돌,신호위반,포장 - 건조,맑음,단일로 - 기타,승용,여,46세,상해없음,자전거,남,72세,경상
2019101500100208,2019년 10월 15일 10시,화요일,서울특별시 송파구 송파동,중상사고,0,1,0,0,차대차 - 기타,안전운전불이행,포장 - 건조,맑음,교차로 - 교차로횡단보도내,승용,남,45세,상해없음,자전거,여,62세,중상
2019101500100341,2019년 10월 15일 13시,화요일,서울특별시 성동구 성수동1가,경상사고,0,0,1,0,차대차 - 기타,안전운전불이행,포장 - 건조,맑음,교차로 - 교차로안,기타불명,기타불명,미분류,기타불명,자전거,여,61세,경상
2019101500100663,2019년 10월 15일 20시,화요일,서울특별시 중랑구 신내동,경상사고,0,0,1,0,차대차 - 정면충돌,안전운전불이행,포장 - 건조,맑음,교차로 - 교차로횡단보도내,승용,남,73세,상해없음,자전거,여,25세,경상
2019101600100055,2019년 10월 16일 02시,수요일,서울특별시 강동구 천호동,경상사고,0,0,1,0,차대차 - 측면충돌,안전운전불이행,포장 - 건조,맑음,교차로 - 교차로안,승용,남,63세,상해없음,자전거,남,54세,경상
2019101600100100,2019년 10월 16일 07시,수요일,서울특별시 성동구 송정동,경상사고,0,0,1,0,차대차 - 측면충돌,불법유턴,포장 - 건조,맑음,단일로 - 기타,승용,남,40세,상해없음,자전거,남,49세,경상
2019101600100103,2019년 10월 16일 07시,수요일,서울특별시 노원구 중계동,경상사고,0,0,1,0,차대차 - 기타,안전운전불이행,포장 - 건조,맑음,단일로 - 기타,자전거,남,74세,상해없음,자전거,여,41세,경상
2019101600100183,2019년 10월 16일 09시,수요일,서울특별시 강서구 가양동,경상사고,0,0,1,0,차대차 - 측면충돌,안전운전불이행,포장 - 건조,맑음,교차로 - 교차로부근,승용,남,37세,상해없음,자전거,남,72세,경상
2019101600100338,2019년 10월 16일 13시,수요일,서울특별시 동대문구 용두동,경상사고,0,0,1,0,차대차 - 측면충돌,직진우회전진행방해,포장 - 건조,맑음,교차로 - 교차로안,이륜,남,35세,경상,자전거,남,24세,상해없음
2019101600100729,2019년 10월 16일 23시,수요일,서울특별시 송파구 신천동,경상사고,0,0,1,0,차대차 - 측면충돌,안전운전불이행,포장 - 건조,맑음,기타 - 기타,자전거,여,18세,상해없음,자전거,남,42세,경상
2019101700100069,2019년 10월 17일 05시,목요일,서울특별시 동작구 대방동,중상사고,0,1,0,0,차대차 - 측면충돌,안전거리미확보,포장 - 건조,맑음,단일로 - 기타,승용,남,55세,상해없음,자전거,남,33세,중상
2019101700100116,2019년 10월 17일 08시,목요일,서울특별시 마포구 노고산동,경상사고,0,0,1,0,차대차 - 기타,안전거리미확보,포장 - 건조,맑음,단일로 - 기타,기타불명,기타불명,미분류,기타불명,자전거,남,57세,경상
2019101700100206,2019년 10월 17일 10시,목요일,서울특별시 강동구 천호동,경상사고,0,0,1,0,차대차 - 측면충돌,안전운전불이행,포장 - 건조,맑음,단일로 - 기타,화물,남,43세,상해없음,자전거,여,25세,경상
2019101700100507,2019년 10월 17일 18시,목요일,서울특별시 도봉구 쌍문동,중상사고,0,1,0,0,차대차 - 정면충돌,직진우회전진행방해,포장 - 건조,맑음,교차로 - 교차로안,승용,남,44세,상해없음,자전거,남,32세,중상
2019101700100571,2019년 10월 17일 19시,목요일,서울특별시 중랑구 망우동,중상사고,0,1,0,0,차대차 - 기타,교차로운행방법위반,포장 - 건조,맑음,단일로 - 기타,승용,남,73세,상해없음,자전거,남,46세,중상
2019101700100612,2019년 10월 17일 20시,목요일,서울특별시 영등포구 양화동,중상사고,0,1,1,0,차대차 - 측면충돌,안전운전불이행,포장 - 건조,맑음,단일로 - 기타,자전거,여,27세,중상,자전거,남,39세,경상
2019101800100046,2019년 10월 18일 01시,금요일,서울특별시 강서구 마곡동,경상사고,0,0,1,0,차대차 - 측면충돌,신호위반,포장 - 건조,맑음,교차로 - 교차로횡단보도내,이륜,남,41세,상해없음,자전거,여,60세,경상
2019101800100081,2019년 10월 18일 05시,금요일,서울특별시 동대문구 용두동,사망사고,1,0,0,0,차대차 - 정면충돌,안전운전불이행,포장 - 건조,맑음,교차로 - 교차로안,승용,남,55세,상해없음,자전거,남,77세,사망
2019101800100304,2019년 10월 18일 12시,금요일,서울특별시 동대문구 용두동,중상사고,0,1,0,0,차대차 - 기타,안전운전불이행,포장 - 건조,맑음,단일로 - 기타,승합,남,47세,상해없음,자전거,남,74세,중상
2019101800100309,2019년 10월 18일 12시,금요일,서울특별시 노원구 상계동,경상사고,0,0,1,0,차대차 - 기타,안전운전불이행,포장 - 건조,맑음,기타 - 기타,자전거,여,54세,상해없음,자전거,여,72세,경상
2019101800100346,2019년 10월 18일 13시,금요일,서울특별시 강서구 방화동,중상사고,0,1,0,0,차대차 - 기타,안전운전불이행,포장 - 건조,맑음,단일로 - 기타,승용,여,34세,상해없음,자전거,남,73세,중상
2019101800100387,2019년 10월 18일 14시,금요일,서울특별시 은평구 응암동,경상사고,0,0,1,0,차대차 - 측면충돌,안전운전불이행,포장 - 건조,맑음,기타 - 기타,개인형이동수단(PM),여,22세,상해없음,자전거,여,49세,경상
2019101800100465,2019년 10월 18일 16시,금요일,서울특별시 성동구 성수동2가,경상사고,0,0,1,0,차대차 - 측면충돌,안전운전불이행,포장 - 건조,맑음,교차로 - 교차로안,승용,남,55세,상해없음,자전거,여,48세,경상
2019101800100801,2019년 10월 18일 22시,금요일,서울특별시 강서구 염창동,중상사고,0,1,0,0,차대차 - 후진중충돌,안전운전불이행,포장 - 건조,맑음,단일로 - 기타,승용,남,47세,상해없음,자전거,남,24세,중상
2019101900100178,2019년 10월 19일 09시,토요일,서울특별시 광진구 자양동,경상사고,0,0,1,0,차대차 - 기타,안전운전불이행,포장 - 건조,맑음,단일로 - 기타,승용,남,50세,상해없음,자전거,남,68세,경상
2019101900100203,2019년 10월 19일 10시,토요일,서울특별시 송파구 잠실동,중상사고,0,1,0,0,차대차 - 측면충돌,안전운전불이행,포장 - 건조,맑음,교차로 - 교차로부근,승용,남,29세,상해없음,자전거,남,44세,중상
2019101900100385,2019년 10월 19일 15시,토요일,서울특별시 영등포구 여의도동,경상사고,0,0,1,0,차대차 - 측면충돌,안전운전불이행,포장 - 건조,맑음,단일로 - 기타,자전거,남,37세,경상,자전거,여,22세,상해없음
2019101900100388,2019년 10월 19일 15시,토요일,서울특별시 송파구 잠실동,부상신고사고,0,0,0,1,차대차 - 측면충돌,안전운전불이행,포장 - 건조,맑음,단일로 - 기타,자전거,남,14세,상해없음,자전거,남,72세,부상신고
2019101900100481,2019년 10월 19일 17시,토요일,서울특별시 마포구 합정동,중상사고,0,1,0,0,차대차 - 정면충돌,안전운전불이행,포장 - 건조,맑음,단일로 - 기타,자전거,남,43세,상해없음,자전거,남,49세,중상
2019101900100620,2019년 10월 19일 20시,토요일,서울특별시 성북구 장위동,중상사고,0,1,0,0,차대차 - 측면충돌,신호위반,포장 - 건조,맑음,단일로 - 기타,이륜,남,19세,상해없음,자전거,여,26세,중상
2019102000100097,2019년 10월 20일 06시,일요일,서울특별시 강서구 외발산동,중상사고,0,1,0,0,차대차 - 측면충돌,신호위반,포장 - 건조,흐림,교차로 - 교차로횡단보도내,승용,남,63세,상해없음,자전거,남,25세,중상
2019102000100142,2019년 10월 20일 10시,일요일,서울특별시 성동구 옥수동,중상사고,0,1,0,0,차대차 - 측면충돌,안전운전불이행,포장 - 건조,맑음,단일로 - 기타,자전거,남,71세,상해없음,자전거,여,57세,상해없음
2019102000100304,2019년 10월 20일 15시,일요일,서울특별시 영등포구 여의도동,경상사고,0,0,1,0,차대차 - 기타,안전운전불이행,포장 - 건조,맑음,단일로 - 기타,화물,남,61세,상해없음,자전거,여,49세,경상
2019102000100340,2019년 10월 20일 16시,일요일,서울특별시 중랑구 상봉동,경상사고,0,0,1,0,차대차 - 기타,차로위반,포장 - 건조,맑음,단일로 - 기타,화물,남,61세,상해없음,자전거,남,64세,경상
2019102000100504,2019년 10월 20일 21시,일요일,서울특별시 은평구 증산동,경상사고,0,0,2,0,차대차 - 측면충돌,안전운전불이행,포장 - 건조,맑음,교차로 - 교차로안,승용,남,48세,상해없음,자전거,남,39세,경상
2019102100100044,2019년 10월 21일 04시,월요일,서울특별시 구로구 구로동,중상사고,0,1,0,0,차대차 - 기타,안전운전불이행,포장 - 건조,맑음,교차로 - 교차로안,승용,남,55세,상해없음,자전거,여,54세,중상
2019102100100066,2019년 10월 21일 06시,월요일,서울특별시 성동구 마장동,중상사고,0,1,0,0,차대차 - 기타,신호위반,포장 - 건조,맑음,교차로 - 교차로안,승용,남,31세,상해없음,자전거,남,58세,중상
2019102100100084,2019년 10월 21일 07시,월요일,서울특별시 송파구 오금동,경상사고,0,0,1,0,차대차 - 기타,안전운전불이행,포장 - 건조,맑음,교차로 - 교차로안,승용,여,50세,상해없음,자전거,남,42세,경상
2019102100100119,2019년 10월 21일 08시,월요일,서울특별시 송파구 가락동,부상신고사고,0,0,0,1,차대차 - 기타,안전운전불이행,포장 - 건조,맑음,교차로 - 교차로안,승용,남,30세,기타불명,자전거,남,48세,부상신고
2019102100100421,2019년 10월 21일 15시,월요일,서울특별시 송파구 잠실동,경상사고,0,0,1,0,차대차 - 기타,안전운전불이행,포장 - 건조,맑음,교차로 - 교차로안,승용,남,73세,상해없음,자전거,남,12세,경상
2019102100100425,2019년 10월 21일 15시,월요일,서울특별시 양천구 목동,중상사고,0,1,0,0,차대차 - 측면충돌,안전운전불이행,포장 - 건조,맑음,교차로 - 교차로부근,화물,남,47세,상해없음,자전거,남,66세,중상
2019102100100506,2019년 10월 21일 17시,월요일,서울특별시 성북구 성북동,중상사고,0,1,0,0,차대차 - 측면충돌,안전운전불이행,포장 - 건조,맑음,교차로 - 교차로안,승용,남,66세,상해없음,자전거,남,83세,중상
2019102200100096,2019년 10월 22일 07시,화요일,서울특별시 중구 황학동,중상사고,0,1,0,0,차대차 - 측면충돌,신호위반,포장 - 건조,맑음,단일로 - 기타,승용,남,69세,상해없음,자전거,남,61세,중상
2019102200100214,2019년 10월 22일 10시,화요일,서울특별시 송파구 가락동,경상사고,0,0,1,0,차대차 - 측면충돌,안전운전불이행,포장 - 건조,맑음,교차로 - 교차로횡단보도내,승합,남,66세,상해없음,자전거,여,22세,경상
2019102200100275,2019년 10월 22일 12시,화요일,서울특별시 동대문구 용두동,경상사고,0,0,1,0,차대차 - 측면충돌,안전운전불이행,포장 - 건조,맑음,교차로 - 교차로부근,승용,여,60세,상해없음,자전거,여,61세,경상
2019102200100316,2019년 10월 22일 13시,화요일,서울특별시 강남구 대치동,경상사고,0,0,1,1,차대차 - 기타,안전운전불이행,포장 - 건조,맑음,단일로 - 기타,자전거,남,66세,부상신고,자전거,여,37세,경상
2019102200100428,2019년 10월 22일 16시,화요일,서울특별시 구로구 개봉동,경상사고,0,0,1,0,차대차 - 측면충돌,안전운전불이행,포장 - 건조,맑음,교차로 - 교차로안,승용,여,34세,상해없음,자전거,남,18세,경상
2019102200100473,2019년 10월 22일 17시,화요일,서울특별시 강남구 신사동,경상사고,0,0,1,0,차대차 - 측면충돌,안전운전불이행,포장 - 건조,맑음,단일로 - 기타,승용,남,55세,상해없음,자전거,여,28세,경상
2019102200100646,2019년 10월 22일 20시,화요일,서울특별시 성동구 마장동,경상사고,0,0,1,0,차대차 - 측면충돌,안전운전불이행,포장 - 건조,맑음,교차로 - 교차로안,승용,남,58세,상해없음,자전거,남,34세,경상
2019102200100684,2019년 10월 22일 21시,화요일,서울특별시 양천구 목동,경상사고,0,0,1,0,차대차 - 기타,신호위반,포장 - 건조,맑음,교차로 - 교차로횡단보도내,승용,여,47세,상해없음,자전거,남,72세,경상
2019102200100704,2019년 10월 22일 22시,화요일,서울특별시 서대문구 북가좌동,중상사고,0,1,0,0,차대차 - 측면충돌,안전운전불이행,포장 - 건조,맑음,단일로 - 기타,승용,남,39세,상해없음,자전거,남,33세,중상
2019102200100706,2019년 10월 22일 22시,화요일,서울특별시 노원구 월계동,중상사고,0,1,0,0,차대차 - 추돌,안전운전불이행,포장 - 건조,맑음,단일로 - 고가도로위,승용,남,27세,상해없음,자전거,남,28세,중상
2019102300100350,2019년 10월 23일 15시,수요일,서울특별시 성동구 송정동,경상사고,0,0,2,0,차대차 - 기타,안전운전불이행,포장 - 건조,맑음,교차로 - 교차로부근,이륜,남,21세,경상,자전거,여,26세,경상
2019102300100355,2019년 10월 23일 15시,수요일,서울특별시 노원구 월계동,경상사고,0,0,1,0,차대차 - 측면충돌,안전운전불이행,포장 - 건조,맑음,교차로 - 교차로횡단보도내,승용,남,62세,상해없음,자전거,남,24세,경상
2019102400100237,2019년 10월 24일 11시,목요일,서울특별시 구로구 오류동,중상사고,0,1,0,0,차대차 - 기타,안전운전불이행,포장 - 건조,맑음,단일로 - 기타,승합,남,43세,상해없음,자전거,여,50세,중상
2019102400100653,2019년 10월 24일 20시,목요일,서울특별시 동대문구 장안동,경상사고,0,0,1,0,차대차 - 추돌,안전거리미확보,포장 - 건조,맑음,단일로 - 기타,자전거,남,38세,경상,자전거,남,10세,상해없음
2019102400100655,2019년 10월 24일 20시,목요일,서울특별시 영등포구 신길동,경상사고,0,0,1,0,차대차 - 기타,안전운전불이행,포장 - 건조,맑음,기타 - 기타,화물,남,65세,상해없음,자전거,남,16세,경상
2019102500100082,2019년 10월 25일 05시,금요일,서울특별시 송파구 송파동,경상사고,0,0,1,0,차대차 - 측면충돌,신호위반,포장 - 건조,맑음,교차로 - 교차로안,승용,남,63세,상해없음,자전거,남,33세,경상
2019102500100107,2019년 10월 25일 07시,금요일,서울특별시 동대문구 이문동,경상사고,0,0,1,0,차대차 - 측면충돌,안전운전불이행,포장 - 건조,맑음,단일로 - 기타,자전거,남,33세,상해없음,자전거,여,47세,경상
2019102500100449,2019년 10월 25일 16시,금요일,서울특별시 금천구 독산동,경상사고,0,0,1,0,차대차 - 측면충돌,안전운전불이행,포장 - 건조,맑음,교차로 - 교차로안,화물,남,59세,상해없음,자전거,남,63세,경상
2019102500100787,2019년 10월 25일 22시,금요일,서울특별시 강동구 천호동,경상사고,0,0,1,0,차대차 - 정면충돌,신호위반,포장 - 건조,맑음,교차로 - 교차로안,이륜,남,17세,상해없음,자전거,남,36세,경상
2019102600100202,2019년 10월 26일 10시,토요일,서울특별시 양천구 신월동,경상사고,0,0,1,0,차대차 - 기타,안전운전불이행,포장 - 건조,맑음,교차로 - 교차로부근,승용,남,53세,상해없음,자전거,남,76세,경상
2019102600100270,2019년 10월 26일 12시,토요일,서울특별시 강남구 청담동,경상사고,0,0,1,0,차대차 - 기타,안전운전불이행,포장 - 건조,맑음,단일로 - 기타,승용,남,37세,상해없음,자전거,여,37세,경상
2019102600100316,2019년 10월 26일 13시,토요일,서울특별시 동작구 노량진동,경상사고,0,0,1,0,차대차 - 기타,기타,포장 - 건조,맑음,단일로 - 기타,승용,남,58세,상해없음,자전거,남,49세,경상
2019102600100359,2019년 10월 26일 14시,토요일,서울특별시 영등포구 여의도동,경상사고,0,0,2,0,차대차 - 기타,안전운전불이행,포장 - 건조,맑음,단일로 - 기타,자전거,남,55세,경상,자전거,남,52세,경상
2019102600100400,2019년 10월 26일 15시,토요일,서울특별시 마포구 상암동,중상사고,0,1,0,0,차대차 - 측면충돌,안전운전불이행,포장 - 건조,맑음,단일로 - 기타,자전거,남,54세,상해없음,자전거,여,62세,중상
2019102600100475,2019년 10월 26일 17시,토요일,서울특별시 영등포구 당산동1가,경상사고,0,0,1,0,차대차 - 기타,안전운전불이행,포장 - 건조,맑음,단일로 - 기타,승용,여,40세,상해없음,자전거,남,34세,경상
2019102600100477,2019년 10월 26일 17시,토요일,서울특별시 중랑구 묵동,부상신고사고,0,0,0,1,차대차 - 정면충돌,안전운전불이행,포장 - 건조,맑음,단일로 - 기타,이륜,남,27세,상해없음,자전거,남,52세,부상신고
2019102600100479,2019년 10월 26일 17시,토요일,서울특별시 송파구 송파동,경상사고,0,0,1,0,차대차 - 측면충돌,안전운전불이행,포장 - 건조,맑음,단일로 - 기타,승합,남,66세,상해없음,자전거,남,57세,경상
2019102600100520,2019년 10월 26일 18시,토요일,서울특별시 광진구 자양동,경상사고,0,0,1,0,차대차 - 추돌,신호위반,포장 - 기타,맑음,기타 - 기타,화물,남,72세,기타불명,자전거,남,25세,경상
2019102700100051,2019년 10월 27일 01시,일요일,서울특별시 금천구 독산동,중상사고,0,1,0,0,차대차 - 측면충돌,안전운전불이행,포장 - 건조,맑음,교차로 - 교차로횡단보도내,화물,남,43세,상해없음,자전거,여,63세,중상
2019102700100101,2019년 10월 27일 04시,일요일,서울특별시 영등포구 여의도동,경상사고,0,0,1,0,차대차 - 기타,안전운전불이행,포장 - 건조,맑음,기타 - 기타,자전거,남,12세,상해없음,자전거,여,54세,경상
2019102700100278,2019년 10월 27일 13시,일요일,서울특별시 노원구 중계동,경상사고,0,0,1,0,차대차 - 기타,안전거리미확보,포장 - 건조,맑음,단일로 - 기타,승용,남,56세,상해없음,자전거,남,43세,경상
2019102700100319,2019년 10월 27일 14시,일요일,서울특별시 강남구 대치동,중상사고,0,1,0,0,차대차 - 기타,교차로운행방법위반,포장 - 건조,맑음,교차로 - 교차로안,승용,남,50세,상해없음,자전거,여,46세,중상
2019102700100356,2019년 10월 27일 15시,일요일,서울특별시 송파구 잠실동,경상사고,0,0,1,0,차대차 - 측면충돌,안전운전불이행,포장 - 건조,맑음,교차로 - 교차로안,승용,남,76세,상해없음,자전거,여,12세,경상
2019102700100358,2019년 10월 27일 15시,일요일,서울특별시 노원구 월계동,부상신고사고,0,0,0,1,차대차 - 기타,신호위반,포장 - 건조,맑음,교차로 - 교차로안,자전거,남,14세,부상신고,자전거,남,64세,상해없음
2019102700100580,2019년 10월 27일 21시,일요일,서울특별시 송파구 신천동,경상사고,0,0,1,0,차대차 - 측면충돌,신호위반,포장 - 건조,맑음,교차로 - 교차로안,이륜,남,25세,상해없음,자전거,남,14세,경상
2019102700100584,2019년 10월 27일 21시,일요일,서울특별시 구로구 고척동,중상사고,0,1,0,0,차대차 - 측면충돌,신호위반,포장 - 건조,맑음,교차로 - 교차로부근,승용,여,60세,상해없음,자전거,남,74세,중상
2019102700100611,2019년 10월 27일 22시,일요일,서울특별시 서초구 서초동,경상사고,0,0,1,0,차대차 - 기타,안전운전불이행,포장 - 건조,맑음,단일로 - 기타,승용,남,64세,상해없음,자전거,남,19세,경상
2019102800100320,2019년 10월 28일 13시,월요일,서울특별시 영등포구 신길동,경상사고,0,0,1,0,차대차 - 측면충돌,안전운전불이행,포장 - 건조,맑음,교차로 - 교차로안,승용,남,67세,상해없음,자전거,여,70세,경상
2019102800100323,2019년 10월 28일 13시,월요일,서울특별시 성북구 종암동,경상사고,0,0,1,0,차대차 - 측면충돌,신호위반,포장 - 건조,맑음,교차로 - 교차로부근,승용,남,42세,상해없음,자전거,남,76세,경상
2019102800100710,2019년 10월 28일 23시,월요일,서울특별시 노원구 공릉동,경상사고,0,0,1,0,차대차 - 기타,안전운전불이행,포장 - 젖음/습기,비,단일로 - 기타,승용,남,66세,상해없음,자전거,여,63세,경상
2019102900100058,2019년 10월 29일 03시,화요일,서울특별시 서초구 방배동,경상사고,0,0,1,0,차대차 - 측면충돌,안전운전불이행,포장 - 젖음/습기,맑음,교차로 - 교차로안,승용,남,56세,상해없음,자전거,남,58세,경상
2019102900100080,2019년 10월 29일 06시,화요일,서울특별시 송파구 방이동,경상사고,0,0,1,0,차대차 - 측면충돌,기타,포장 - 건조,맑음,단일로 - 기타,승용,남,56세,상해없음,자전거,남,51세,경상
2019102900100132,2019년 10월 29일 08시,화요일,서울특별시 동작구 상도동,경상사고,0,0,1,0,차대차 - 기타,기타,포장 - 건조,맑음,단일로 - 기타,특수,남,29세,상해없음,자전거,남,51세,경상
2019102900100493,2019년 10월 29일 17시,화요일,서울특별시 양천구 신정동,경상사고,0,0,1,0,차대차 - 기타,안전운전불이행,포장 - 건조,맑음,단일로 - 기타,승용,남,55세,상해없음,자전거,남,13세,경상
2019102900100593,2019년 10월 29일 19시,화요일,서울특별시 중랑구 면목동,경상사고,0,0,1,0,차대차 - 측면충돌,교차로운행방법위반,포장 - 건조,맑음,교차로 - 교차로안,승용,여,71세,상해없음,자전거,남,39세,경상
2019102900100595,2019년 10월 29일 19시,화요일,서울특별시 구로구 오류동,경상사고,0,0,1,0,차대차 - 측면충돌,안전운전불이행,포장 - 건조,맑음,교차로 - 교차로부근,화물,남,53세,상해없음,자전거,남,15세,경상