사고번호,사고일시,요일,시군구,사고내용,사망자수,중상자수,경상자수,부상신고자수,사고유형,법규위반,노면상태,기상상태,도로형태,가해운전자 차종,가해운전자 성별,가해운전자 연령,가해운전자 상해정도,피해운전자 차종,피해운전자 성별,피해운전자 연령,피해운전자 상해정도
2019103000100036,2019년 10월 30일 00시,수요일,서울특별시 성북구 석관동,경상사고,0,0,2,0,차대차 - 측면충돌,신호위반,포장 - 건조,맑음,교차로 - 교차로횡단보도내,이륜,남,20세,경상,자전거,남,37세,경상
2019103000100194,2019년 10월 30일 09시,수요일,서울특별시 중랑구 중화동,중상사고,0,1,0,0,차대차 - 측면충돌,신호위반,포장 - 건조,맑음,단일로 - 기타,기타불명,기타불명,미분류,기타불명,자전거,남,81세,중상
2019103000100247,2019년 10월 30일 10시,수요일,서울특별시 구로구 고척동,중상사고,0,1,0,0,차대차 - 측면충돌,신호위반,포장 - 건조,맑음,교차로 - 교차로횡단보도내,승용,남,60세,상해없음,자전거,여,69세,중상
2019103000100473,2019년 10월 30일 16시,수요일,서울특별시 동대문구 답십리동,중상사고,0,1,0,0,차대차 - 측면충돌,안전운전불이행,포장 - 건조,맑음,교차로 - 교차로부근,승용,여,37세,상해없음,자전거,남,53세,중상
2019103000100587,2019년 10월 30일 18시,수요일,서울특별시 송파구 가락동,경상사고,0,0,1,0,차대차 - 측면충돌,기타,포장 - 건조,맑음,단일로 - 기타,기타불명,기타불명,미분류,기타불명,자전거,남,32세,경상
2019103100100100,2019년 10월 31일 08시,목요일,서울특별시 종로구 창신동,경상사고,0,0,1,0,차대차 - 측면충돌,안전운전불이행,포장 - 건조,맑음,교차로 - 교차로횡단보도내,이륜,남,53세,상해없음,자전거,여,43세,경상
2019103100100169,2019년 10월 31일 09시,목요일,서울특별시 양천구 목동,경상사고,0,0,1,0,차대차 - 측면충돌,안전운전불이행,포장 - 건조,맑음,교차로 - 교차로안,승용,여,47세,상해없음,자전거,남,53세,경상
2019103100100536,2019년 10월 31일 18시,목요일,서울특별시 송파구 석촌동,중상사고,0,1,0,0,차대차 - 측면충돌,안전운전불이행,포장 - 건조,맑음,교차로 - 교차로부근,승용,여,74세,상해없음,자전거,남,13세,중상
2019103100100642,2019년 10월 31일 20시,목요일,서울특별시 성동구 성수동2가,중상사고,0,1,0,0,차대차 - 추돌,안전운전불이행,포장 - 건조,맑음,단일로 - 기타,승용,남,60세,상해없음,자전거,남,46세,중상
2019110100100092,2019년 11월 1일 06시,금요일,서울특별시 송파구 장지동,경상사고,0,0,1,0,차대차 - 측면충돌,안전운전불이행,포장 - 건조,맑음,교차로 - 교차로횡단보도내,승용,남,65세,상해없음,자전거,남,57세,경상
2019110100100093,2019년 11월 1일 06시,금요일,서울특별시 송파구 가락동,중상사고,0,1,0,0,차대차 - 측면충돌,안전운전불이행,포장 - 젖음/습기,안개,교차로 - 교차로부근,승용,남,71세,상해없음,자전거,남,59세,중상
2019110100100215,2019년 11월 1일 09시,금요일,서울특별시 구로구 개봉동,경상사고,0,0,1,0,차대차 - 기타,안전운전불이행,포장 - 건조,맑음,단일로 - 기타,화물,남,48세,상해없음,자전거,남,81세,경상
2019110100100445,2019년 11월 1일 15시,금요일,서울특별시 노원구 공릉동,경상사고,0,0,1,0,차대차 - 기타,안전운전불이행,포장 - 건조,맑음,교차로 - 교차로안,승용,여,56세,상해없음,자전거,남,15세,경상
2019110100100478,2019년 11월 1일 16시,금요일,서울특별시 서초구 양재동,중상사고,0,1,0,0,차대차 - 기타,신호위반,포장 - 건조,맑음,교차로 - 교차로횡단보도내,승용,여,53세,상해없음,자전거,남,81세,중상
2019110200100172,2019년 11월 2일 09시,토요일,서울특별시 중랑구 면목동,중상사고,0,1,0,0,차대차 - 기타,신호위반,포장 - 건조,맑음,교차로 - 교차로횡단보도내,이륜,남,23세,상해없음,자전거,남,71세,중상
2019110200100346,2019년 11월 2일 13시,토요일,서울특별시 은평구 대조동,경상사고,0,0,1,0,차대차 - 추돌,안전거리미확보,포장 - 건조,맑음,단일로 - 기타,승용,남,45세,상해없음,자전거,남,49세,경상
2019110200100379,2019년 11월 2일 14시,토요일,서울특별시 영등포구 문래동5가,중상사고,0,1,0,0,차대차 - 기타,안전운전불이행,포장 - 건조,맑음,단일로 - 기타,자전거,남,50세,상해없음,자전거,남,56세,중상
2019110200100383,2019년 11월 2일 14시,토요일,서울특별시 강남구 논현동,경상사고,0,0,1,0,차대차 - 측면충돌,기타,포장 - 건조,맑음,단일로 - 기타,승용,남,69세,상해없음,자전거,남,47세,경상
2019110300100132,2019년 11월 3일 09시,일요일,서울특별시 강동구 둔촌동,중상사고,0,1,0,0,차대차 - 측면충돌,안전거리미확보,포장 - 건조,맑음,교차로 - 교차로부근,승용,여,52세,상해없음,자전거,남,59세,중상
2019110300100257,2019년 11월 3일 14시,일요일,서울특별시 종로구 창신동,부상신고사고,0,0,0,1,차대차 - 측면충돌,안전운전불이행,포장 - 건조,맑음,단일로 - 기타,승용,남,52세,상해없음,자전거,남,72세,부상신고
2019110300100404,2019년 11월 3일 18시,일요일,서울특별시 은평구 역촌동,경상사고,0,0,1,0,차대차 - 기타,신호위반,포장 - 젖음/습기,흐림,단일로 - 기타,승용,남,23세,상해없음,자전거,남,40세,경상
2019110300100491,2019년 11월 3일 21시,일요일,서울특별시 영등포구 신길동,부상신고사고,0,0,0,1,차대차 - 기타,안전운전불이행,포장 - 건조,맑음,단일로 - 기타,이륜,남,56세,부상신고,자전거,남,28세,상해없음
2019110400100064,2019년 11월 4일 05시,월요일,서울특별시 강서구 내발산동,경상사고,0,0,1,0,차대차 - 측면충돌,신호위반,포장 - 건조,맑음,교차로 - 교차로안,승합,남,31세,상해없음,자전거,남,51세,경상
2019110400100082,2019년 11월 4일 06시,월요일,서울특별시 강서구 공항동,중상사고,0,1,0,0,차대차 - 측면충돌,신호위반,포장 - 건조,맑음,교차로 - 교차로횡단보도내,이륜,남,54세,상해없음,자전거,남,75세,중상
2019110400100268,2019년 11월 4일 11시,월요일,서울특별시 영등포구 신길동,중상사고,0,1,0,0,차대차 - 측면충돌,안전운전불이행,포장 - 건조,맑음,교차로 - 교차로횡단보도내,이륜,남,65세,상해없음,자전거,남,76세,중상
2019110400100339,2019년 11월 4일 13시,월요일,서울특별시 동대문구 전농동,경상사고,0,0,1,0,차대차 - 기타,안전운전불이행,포장 - 건조,맑음,교차로 - 교차로안,승용,남,40세,상해없음,자전거,남,72세,경상
2019110400100591,2019년 11월 4일 18시,월요일,서울특별시 강서구 방화동,부상신고사고,0,0,0,1,차대차 - 측면충돌,안전운전불이행,포장 - 건조,맑음,교차로 - 교차로부근,승용,남,69세,상해없음,자전거,남,14세,부상신고
2019110400100720,2019년 11월 4일 21시,월요일,서울특별시 강서구 가양동,경상사고,0,0,1,0,차대차 - 후진중충돌,안전운전불이행,포장 - 건조,맑음,교차로 - 교차로횡단보도내,기타불명,기타불명,미분류,기타불명,자전거,남,32세,경상
2019110400100721,2019년 11월 4일 21시,월요일,서울특별시 구로구 가리봉동,중상사고,0,1,0,0,차대차 - 측면충돌,안전운전불이행,포장 - 건조,맑음,단일로 - 기타,승용,남,63세,상해없음,자전거,남,50세,중상
2019110400100757,2019년 11월 4일 22시,월요일,서울특별시 노원구 하계동,경상사고,0,0,1,0,차대차 - 기타,신호위반,포장 - 건조,맑음,교차로 - 교차로안,승용,남,69세,상해없음,자전거,남,27세,경상
2019110500100102,2019년 11월 5일 07시,화요일,서울특별시 은평구 응암동,경상사고,0,0,1,0,차대차 - 측면충돌,신호위반,포장 - 건조,맑음,교차로 - 교차로안,승용,여,41세,상해없음,자전거,남,29세,경상
2019110500100103,2019년 11월 5일 07시,화요일,서울특별시 마포구 공덕동,경상사고,0,0,1,0,차대차 - 기타,안전운전불이행,포장 - 건조,맑음,단일로 - 기타,승용,남,54세,상해없음,자전거,남,31세,경상
2019110500100234,2019년 11월 5일 10시,화요일,서울특별시 송파구 송파동,중상사고,0,1,0,0,차대차 - 측면충돌,안전운전불이행,포장 - 건조,맑음,교차로 - 교차로횡단보도내,승용,여,37세,상해없음,자전거,여,49세,중상
2019110500100343,2019년 11월 5일 13시,화요일,서울특별시 송파구 문정동,경상사고,0,0,1,0,차대차 - 측면충돌,신호위반,포장 - 건조,맑음,교차로 - 교차로안,승용,여,54세,상해없음,자전거,여,57세,경상
2019110500100433,2019년 11월 5일 15시,화요일,서울특별시 마포구 망원동,경상사고,0,0,2,0,차대차 - 측면충돌,안전운전불이행,포장 - 기타,맑음,단일로 - 기타,자전거,남,63세,경상,자전거,남,21세,경상
2019110500100472,2019년 11월 5일 16시,화요일,서울특별시 노원구 중계동,중상사고,0,1,0,0,차대차 - 측면충돌,신호위반,포장 - 건조,맑음,교차로 - 교차로부근,승용,남,55세,상해없음,자전거,남,73세,중상
2019110600100063,2019년 11월 6일 05시,수요일,서울특별시 도봉구 도봉동,경상사고,0,0,1,0,차대차 - 측면충돌,직진우회전진행방해,포장 - 건조,맑음,교차로 - 교차로안,이륜,남,67세,상해없음,자전거,여,65세,경상
2019110600100073,2019년 11월 6일 06시,수요일,서울특별시 성동구 성수동2가,경상사고,0,0,1,0,차대차 - 기타,안전운전불이행,포장 - 건조,맑음,단일로 - 기타,기타불명,기타불명,미분류,기타불명,자전거,남,28세,경상
2019110600100090,2019년 11월 6일 07시,수요일,서울특별시 구로구 구로동,경상사고,0,0,1,0,차대차 - 측면충돌,신호위반,포장 - 건조,맑음,교차로 - 교차로안,화물,남,60세,상해없음,자전거,여,53세,경상
2019110600100435,2019년 11월 6일 16시,수요일,서울특별시 송파구 장지동,경상사고,0,0,1,0,차대차 - 기타,안전운전불이행,포장 - 건조,맑음,단일로 - 기타,승용,여,48세,상해없음,자전거,여,66세,경상
2019110700100095,2019년 11월 7일 07시,목요일,서울특별시 종로구 종로1가,중상사고,0,1,0,0,차대차 - 측면충돌,안전운전불이행,포장 - 건조,맑음,교차로 - 교차로횡단보도내,승용,남,51세,상해없음,자전거,여,49세,중상
2019110700100120,2019년 11월 7일 08시,목요일,서울특별시 강동구 강일동,경상사고,0,0,1,0,차대차 - 기타,안전운전불이행,포장 - 건조,맑음,교차로 - 교차로부근,승용,여,59세,상해없음,자전거,여,46세,경상
2019110700100288,2019년 11월 7일 12시,목요일,서울특별시 강북구 수유동,중상사고,0,1,0,0,차대차 - 측면충돌,기타,포장 - 건조,맑음,단일로 - 기타,승용,남,64세,상해없음,자전거,여,55세,중상
2019110700100407,2019년 11월 7일 15시,목요일,서울특별시 관악구 봉천동,경상사고,0,0,1,0,차대차 - 기타,안전운전불이행,포장 - 건조,맑음,교차로 - 교차로부근,승용,남,52세,상해없음,자전거,남,35세,경상
2019110700100443,2019년 11월 7일 16시,목요일,서울특별시 영등포구 영등포동1가,중상사고,0,1,0,0,차대차 - 기타,신호위반,포장 - 건조,맑음,단일로 - 기타,승용,남,54세,상해없음,자전거,여,61세,중상
2019110700100448,2019년 11월 7일 16시,목요일,서울특별시 송파구 잠실동,경상사고,0,0,1,0,차대차 - 기타,신호위반,포장 - 건조,맑음,단일로 - 기타,승용,남,82세,상해없음,자전거,여,15세,경상
2019110700100498,2019년 11월 7일 17시,목요일,서울특별시 노원구 공릉동,중상사고,0,1,0,0,차대차 - 측면충돌,안전운전불이행,포장 - 건조,맑음,교차로 - 교차로부근,승합,남,45세,상해없음,자전거,남,13세,중상
2019110700100610,2019년 11월 7일 19시,목요일,서울특별시 동대문구 장안동,중상사고,0,1,0,0,차대차 - 기타,기타,포장 - 건조,맑음,단일로 - 기타,승용,남,36세,상해없음,자전거,남,69세,중상
2019110700100613,2019년 11월 7일 19시,목요일,서울특별시 강남구 삼성동,경상사고,0,0,1,0,차대차 - 기타,안전운전불이행,포장 - 건조,맑음,단일로 - 기타,승용,남,46세,상해없음,자전거,여,23세,경상
2019110700100661,2019년 11월 7일 20시,목요일,서울특별시 성북구 하월곡동,경상사고,0,0,1,0,차대차 - 측면충돌,안전운전불이행,포장 - 건조,맑음,교차로 - 교차로부근,승용,남,66세,상해없음,자전거,남,70세,경상
2019110700100662,2019년 11월 7일 20시,목요일,서울특별시 성북구 석관동,경상사고,0,0,1,0,차대차 - 측면충돌,안전운전불이행,포장 - 건조,맑음,교차로 - 교차로안,기타불명,기타불명,미분류,기타불명,자전거,남,75세,경상
2019110800100021,2019년 11월 8일 00시,금요일,서울특별시 노원구 공릉동,중상사고,0,1,0,0,차대차 - 측면충돌,교차로운행방법위반,포장 - 건조,맑음,교차로 - 교차로횡단보도내,승용,남,57세,상해없음,자전거,남,37세,중상
2019110800100322,2019년 11월 8일 12시,금요일,서울특별시 송파구 잠실동,부상신고사고,0,0,0,1,차대차 - 측면충돌,안전운전불이행,포장 - 건조,맑음,단일로 - 기타,자전거,남,64세,부상신고,자전거,여,24세,상해없음
2019110800100450,2019년 11월 8일 15시,금요일,서울특별시 송파구 가락동,부상신고사고,0,0,0,1,차대차 - 측면충돌,안전운전불이행,포장 - 건조,맑음,단일로 - 기타,승용,남,44세,상해없음,자전거,남,61세,부상신고
2019110900100138,2019년 11월 9일 08시,토요일,서울특별시 노원구 상계동,중상사고,0,1,0,0,차대차 - 정면충돌,중앙선침범,포장 - 건조,맑음,교차로 - 교차로부근,승합,남,37세,상해없음,자전거,남,39세,중상
2019110900100300,2019년 11월 9일 12시,토요일,서울특별시 동작구 본동,경상사고,0,0,2,0,차대차 - 기타,안전운전불이행,포장 - 건조,맑음,교차로 - 교차로안,자전거,남,67세,경상,자전거,남,48세,경상
2019110900100389,2019년 11월 9일 14시,토요일,서울특별시 노원구 상계동,부상신고사고,0,0,0,1,차대차 - 측면충돌,안전거리미확보,포장 - 건조,맑음,기타 - 기타,자전거,남,56세,상해없음,자전거,남,10세,부상신고
2019110900100435,2019년 11월 9일 15시,토요일,서울특별시 강북구 미아동,경상사고,0,0,1,0,차대차 - 기타,안전운전불이행,포장 - 건조,맑음,단일로 - 기타,건설기계,남,33세,상해없음,자전거,남,84세,경상
2019110900100440,2019년 11월 9일 15시,토요일,서울특별시 영등포구 양화동,경상사고,0,0,1,0,차대차 - 기타,안전운전불이행,포장 - 건조,맑음,교차로 - 교차로안,승용,남,30세,상해없음,자전거,여,19세,경상
2019110900100566,2019년 11월 9일 18시,토요일,서울특별시 양천구 신월동,중상사고,0,1,0,0,차대차 - 측면충돌,신호위반,포장 - 건조,맑음,교차로 - 교차로안,승용,남,52세,상해없음,자전거,남,69세,중상
2019110900100567,2019년 11월 9일 18시,토요일,서울특별시 노원구 하계동,경상사고,0,0,1,0,차대차 - 후진중충돌,불법유턴,포장 - 건조,맑음,단일로 - 고가도로위,기타불명,기타불명,미분류,기타불명,자전거,남,51세,경상
2019111000100293,2019년 11월 10일 15시,일요일,서울특별시 송파구 잠실동,중상사고,0,1,0,1,차대차 - 측면충돌,안전운전불이행,포장 - 건조,맑음,단일로 - 기타,자전거,남,11세,부상신고,자전거,남,44세,중상
2019111100100067,2019년 11월 11일 05시,월요일,서울특별시 강동구 천호동,경상사고,0,0,1,0,차대차 - 측면충돌,안전운전불이행,포장 - 건조,맑음,단일로 - 기타,승합,여,62세,상해없음,자전거,남,76세,경상
2019111100100314,2019년 11월 11일 12시,월요일,서울특별시 양천구 신정동,경상사고,0,0,1,0,차대차 - 기타,안전운전불이행,포장 - 건조,맑음,교차로 - 교차로안,기타불명,여,66세,상해없음,자전거,여,57세,경상
2019111100100516,2019년 11월 11일 17시,월요일,서울특별시 송파구 송파동,중상사고,0,1,0,0,차대차 - 기타,안전운전불이행,포장 - 건조,맑음,단일로 - 기타,자전거,남,60세,상해없음,자전거,여,66세,중상
2019111100100570,2019년 11월 11일 18시,월요일,서울특별시 중랑구 중화동,중상사고,0,1,0,0,차대차 - 기타,중앙선침범,포장 - 건조,맑음,단일로 - 기타,승용,남,60세,상해없음,자전거,여,69세,중상
2019111100100573,2019년 11월 11일 18시,월요일,서울특별시 송파구 송파동,경상사고,0,0,1,0,차대차 - 측면충돌,안전운전불이행,포장 - 건조,맑음,교차로 - 교차로안,승용,여,33세,상해없음,자전거,남,22세,경상
2019111100100733,2019년 11월 11일 22시,월요일,서울특별시 송파구 잠실동,경상사고,0,0,1,1,차대차 - 측면충돌,신호위반,포장 - 건조,맑음,단일로 - 기타,이륜,남,22세,경상,자전거,남,14세,부상신고
2019111200100119,2019년 11월 12일 08시,화요일,서울특별시 송파구 풍납동,경상사고,0,0,1,0,차대차 - 기타,기타,포장 - 건조,맑음,교차로 - 교차로부근,승용,여,41세,상해없음,자전거,남,35세,경상
2019111200100541,2019년 11월 12일 19시,화요일,서울특별시 강동구 성내동,중상사고,0,1,0,0,차대차 - 측면충돌,안전운전불이행,포장 - 건조,맑음,교차로 - 교차로부근,승용,여,60세,상해없음,자전거,여,34세,중상
2019111300100119,2019년 11월 13일 08시,수요일,서울특별시 중랑구 면목동,경상사고,0,0,1,0,차대차 - 기타,안전운전불이행,포장 - 건조,맑음,교차로 - 교차로부근,승용,남,65세,상해없음,자전거,남,50세,경상
2019111300100160,2019년 11월 13일 09시,수요일,서울특별시 성동구 용답동,경상사고,0,0,1,0,차대차 - 기타,안전운전불이행,포장 - 건조,맑음,단일로 - 기타,승용,남,51세,상해없음,자전거,여,43세,경상
2019111300100184,2019년 11월 13일 10시,수요일,서울특별시 동대문구 장안동,경상사고,0,0,1,0,차대차 - 기타,교차로운행방법위반,포장 - 건조,맑음,교차로 - 교차로안,화물,남,69세,상해없음,자전거,남,76세,경상
2019111300100210,2019년 11월 13일 11시,수요일,서울특별시 용산구 한강로3가,중상사고,0,1,0,0,차대차 - 측면충돌,신호위반,포장 - 건조,흐림,단일로 - 기타,승용,남,57세,상해없음,자전거,남,39세,중상
2019111400100024,2019년 11월 14일 00시,목요일,서울특별시 중구 태평로1가,경상사고,0,0,1,0,차대차 - 측면충돌,신호위반,포장 - 건조,맑음,단일로 - 기타,승용,남,51세,상해없음,자전거,남,29세,경상
2019111400100073,2019년 11월 14일 06시,목요일,서울특별시 은평구 대조동,경상사고,0,0,1,0,차대차 - 측면충돌,안전운전불이행,포장 - 건조,맑음,교차로 - 교차로안,승합,남,44세,상해없음,자전거,남,51세,경상
2019111400100370,2019년 11월 14일 14시,목요일,서울특별시 광진구 화양동,경상사고,0,0,1,0,차대차 - 측면충돌,안전운전불이행,포장 - 건조,맑음,교차로 - 교차로안,이륜,남,17세,상해없음,자전거,남,48세,경상
2019111400100455,2019년 11월 14일 16시,목요일,서울특별시 성북구 동선동2가,경상사고,0,0,1,0,차대차 - 측면충돌,안전운전불이행,포장 - 건조,맑음,단일로 - 기타,이륜,남,42세,상해없음,자전거,남,48세,경상
2019111400100463,2019년 11월 14일 16시,목요일,서울특별시 구로구 신도림동,경상사고,0,0,1,0,차대차 - 측면충돌,안전운전불이행,포장 - 건조,맑음,교차로 - 교차로안,승용,여,37세,상해없음,자전거,남,61세,경상
2019111400100654,2019년 11월 14일 19시,목요일,서울특별시 노원구 상계동,중상사고,0,1,0,0,차대차 - 측면충돌,교차로운행방법위반,포장 - 건조,맑음,교차로 - 교차로횡단보도내,화물,남,58세,상해없음,자전거,남,11세,중상
2019111500100081,2019년 11월 15일 06시,금요일,서울특별시 광진구 구의동,경상사고,0,0,1,0,차대차 - 기타,안전운전불이행,포장 - 젖음/습기,비,단일로 - 기타,화물,남,58세,상해없음,자전거,남,43세,경상
2019111600100526,2019년 11월 16일 18시,토요일,서울특별시 강남구 자곡동,중상사고,0,1,0,0,차대차 - 기타,안전운전불이행,포장 - 건조,맑음,교차로 - 교차로횡단보도내,승용,남,60세,상해없음,자전거,남,48세,중상
2019111900100142,2019년 11월 19일 08시,화요일,서울특별시 송파구 장지동,경상사고,0,0,1,0,차대차 - 측면충돌,신호위반,포장 - 건조,맑음,교차로 - 교차로횡단보도내,승용,남,37세,상해없음,자전거,남,9세,경상
2019111900100397,2019년 11월 19일 14시,화요일,서울특별시 성북구 장위동,중상사고,0,1,0,0,차대차 - 추돌,안전거리미확보,포장 - 건조,맑음,단일로 - 기타,건설기계,남,38세,상해없음,자전거,남,68세,중상
2019111900100717,2019년 11월 19일 21시,화요일,서울특별시 종로구 서린동,경상사고,0,0,1,0,차대차 - 측면충돌,기타,포장 - 건조,맑음,교차로 - 교차로안,승용,남,59세,상해없음,자전거,남,54세,경상
2019112000100431,2019년 11월 20일 15시,수요일,서울특별시 영등포구 여의도동,경상사고,0,0,1,0,차대차 - 추돌,안전운전불이행,포장 - 건조,흐림,교차로 - 교차로부근,이륜,기타불명,미분류,기타불명,자전거,남,13세,경상
2019112000100527,2019년 11월 20일 17시,수요일,서울특별시 노원구 상계동,경상사고,0,0,1,0,차대차 - 측면충돌,직진우회전진행방해,포장 - 건조,맑음,교차로 - 교차로안,화물,남,32세,상해없음,자전거,남,82세,경상
2019112000100661,2019년 11월 20일 19시,수요일,서울특별시 도봉구 방학동,중상사고,0,1,0,0,차대차 - 기타,안전운전불이행,포장 - 건조,맑음,단일로 - 기타,승용,남,28세,상해없음,자전거,여,57세,중상
2019112000100755,2019년 11월 20일 22시,수요일,서울특별시 은평구 불광동,중상사고,0,1,0,0,차대차 - 측면충돌,기타,포장 - 건조,맑음,단일로 - 기타,승용,남,42세,상해없음,자전거,남,27세,중상
2019112100100359,2019년 11월 21일 14시,목요일,서울특별시 금천구 독산동,중상사고,0,1,0,0,차대차 - 기타,안전운전불이행,포장 - 건조,흐림,단일로 - 기타,승용,남,42세,상해없음,자전거,남,84세,중상
2019112100100395,2019년 11월 21일 15시,목요일,서울특별시 영등포구 신길동,경상사고,0,0,1,0,차대차 - 측면충돌,안전거리미확보,포장 - 건조,맑음,교차로 - 교차로안,승용,여,46세,상해없음,자전거,남,39세,경상
2019112100100433,2019년 11월 21일 16시,목요일,서울특별시 노원구 중계동,경상사고,0,0,1,0,차대차 - 측면충돌,신호위반,포장 - 건조,맑음,교차로 - 교차로안,승합,남,63세,상해없음,자전거,남,9세,경상
2019112100100486,2019년 11월 21일 17시,목요일,서울특별시 성북구 성북동,중상사고,0,1,0,0,차대차 - 기타,직진우회전진행방해,포장 - 건조,맑음,교차로 - 교차로안,승합,남,64세,상해없음,자전거,남,65세,중상
2019112100100620,2019년 11월 21일 19시,목요일,서울특별시 강북구 번동,중상사고,0,1,0,0,차대차 - 측면충돌,신호위반,포장 - 건조,맑음,교차로 - 교차로안,승합,남,46세,상해없음,자전거,여,21세,중상
2019112100100680,2019년 11월 21일 20시,목요일,서울특별시 양천구 신정동,경상사고,0,0,1,0,차대차 - 측면충돌,신호위반,포장 - 건조,맑음,교차로 - 교차로안,승용,여,49세,상해없음,자전거,여,73세,경상
2019112100100728,2019년 11월 21일 22시,목요일,서울특별시 구로구 구로동,중상사고,0,1,0,0,차대차 - 기타,안전운전불이행,포장 - 건조,맑음,교차로 - 교차로안,승용,남,42세,상해없음,자전거,여,51세,중상
2019112200100138,2019년 11월 22일 08시,금요일,서울특별시 송파구 송파동,경상사고,0,0,1,0,차대차 - 정면충돌,직진우회전진행방해,포장 - 건조,맑음,교차로 - 교차로안,승용,남,28세,상해없음,자전거,남,58세,경상
2019112200100204,2019년 11월 22일 09시,금요일,서울특별시 노원구 상계동,부상신고사고,0,0,0,1,차대차 - 측면충돌,안전운전불이행,포장 - 건조,맑음,교차로 - 교차로안,승용,여,65세,상해없음,자전거,여,60세,부상신고
2019112200100269,2019년 11월 22일 11시,금요일,서울특별시 구로구 구로동,경상사고,0,0,1,0,차대차 - 측면충돌,신호위반,포장 - 건조,맑음,교차로 - 교차로안,화물,남,31세,상해없음,자전거,남,79세,경상
2019112200100522,2019년 11월 22일 17시,금요일,서울특별시 은평구 녹번동,경상사고,0,0,1,0,차대차 - 측면충돌,교차로운행방법위반,포장 - 건조,맑음,교차로 - 교차로안,승용,남,60세,상해없음,자전거,남,58세,경상
2019112200100595,2019년 11월 22일 18시,금요일,서울특별시 영등포구 신길동,경상사고,0,0,1,0,차대차 - 기타,안전운전불이행,포장 - 건조,맑음,교차로 - 교차로안,화물,남,39세,상해없음,자전거,여,61세,경상
2019112200100820,2019년 11월 22일 23시,금요일,서울특별시 강동구 고덕동,경상사고,0,0,1,0,차대차 - 정면충돌,안전운전불이행,포장 - 건조,맑음,기타 - 기타,승용,남,73세,기타불명,자전거,여,58세,경상
2019112300100228,2019년 11월 23일 11시,토요일,서울특별시 양천구 목동,중상사고,0,1,0,0,차대차 - 측면충돌,신호위반,포장 - 건조,맑음,교차로 - 교차로안,승용,여,56세,상해없음,자전거,남,48세,중상
2019112300100405,2019년 11월 23일 15시,토요일,서울특별시 영등포구 당산동4가,경상사고,0,0,2,0,차대차 - 기타,안전운전불이행,포장 - 건조,맑음,단일로 - 기타,승용,남,34세,상해없음,자전거,남,16세,경상
2019112300100406,2019년 11월 23일 15시,토요일,서울특별시 금천구 독산동,중상사고,0,1,1,0,차대차 - 기타,안전운전불이행,포장 - 건조,맑음,단일로 - 기타,자전거,남,49세,상해없음,자전거,여,60세,중상
2019112300100440,2019년 11월 23일 16시,토요일,서울특별시 성동구 금호동4가,경상사고,0,0,1,0,차대차 - 기타,안전운전불이행,포장 - 건조,맑음,단일로 - 기타,자전거,남,68세,경상,자전거,남,73세,상해없음
2019112300100441,2019년 11월 23일 16시,토요일,서울특별시 강서구 화곡동,경상사고,0,0,1,0,차대차 - 기타,중앙선침범,포장 - 건조,흐림,단일로 - 기타,이륜,남,19세,상해없음,자전거,남,72세,경상
2019112300100482,2019년 11월 23일 17시,토요일,서울특별시 송파구 풍납동,경상사고,0,0,1,0,차대차 - 기타,안전운전불이행,포장 - 건조,맑음,교차로 - 교차로횡단보도내,승용,남,68세,상해없음,자전거,남,59세,경상
2019112300100721,2019년 11월 23일 23시,토요일,서울특별시 동대문구 용두동,경상사고,0,0,1,0,차대차 - 기타,안전운전불이행,포장 - 건조,맑음,단일로 - 기타,원동기,남,22세,상해없음,자전거,남,26세,경상
2019112400100213,2019년 11월 24일 13시,일요일,서울특별시 송파구 장지동,경상사고,0,0,1,0,차대차 - 기타,안전운전불이행,포장 - 건조,맑음,단일로 - 기타,자전거,여,47세,기타불명,자전거,남,15세,경상
2019112400100306,2019년 11월 24일 16시,일요일,서울특별시 노원구 공릉동,경상사고,0,0,1,0,차대차 - 측면충돌,안전운전불이행,포장 - 젖음/습기,비,단일로 - 기타,승용,남,74세,상해없음,자전거,남,57세,경상
2019112500100172,2019년 11월 25일 09시,월요일,서울특별시 성북구 상월곡동,경상사고,0,0,1,0,차대차 - 기타,안전운전불이행,포장 - 건조,맑음,교차로 - 교차로부근,승용,남,51세,상해없음,자전거,여,75세,경상
2019112500100245,2019년 11월 25일 11시,월요일,서울특별시 강서구 가양동,중상사고,0,1,0,0,차대차 - 추돌,기타,포장 - 건조,맑음,단일로 - 기타,자전거,남,60세,상해없음,자전거,여,53세,중상
2019112500100246,2019년 11월 25일 11시,월요일,서울특별시 송파구 가락동,경상사고,0,0,1,0,차대차 - 측면충돌,안전운전불이행,포장 - 건조,맑음,단일로 - 기타,승용,남,64세,상해없음,자전거,남,60세,경상
2019112500100435,2019년 11월 25일 17시,월요일,서울특별시 성동구 사근동,중상사고,0,1,0,0,차대차 - 측면충돌,신호위반,포장 - 건조,맑음,교차로 - 교차로안,승용,여,43세,상해없음,자전거,여,31세,중상
2019112600100242,2019년 11월 26일 11시,화요일,서울특별시 성북구 동소문동6가,경상사고,0,0,1,0,차대차 - 기타,안전운전불이행,포장 - 건조,맑음,단일로 - 기타,승용,남,23세,상해없음,자전거,여,63세,경상