사고번호,사고일시,요일,시군구,사고내용,사망자수,중상자수,경상자수,부상신고자수,사고유형,법규위반,노면상태,기상상태,도로형태,가해운전자 차종,가해운전자 성별,가해운전자 연령,가해운전자 상해정도,피해운전자 차종,피해운전자 성별,피해운전자 연령,피해운전자 상해정도
2019112600100247,2019년 11월 26일 11시,화요일,서울특별시 노원구 상계동,경상사고,0,0,1,0,차대차 - 측면충돌,안전운전불이행,포장 - 건조,맑음,교차로 - 교차로부근,승용,남,74세,상해없음,자전거,남,26세,경상
2019112600100382,2019년 11월 26일 15시,화요일,서울특별시 성북구 장위동,부상신고사고,0,0,0,1,차대차 - 기타,안전운전불이행,포장 - 건조,맑음,단일로 - 기타,승용,남,62세,상해없음,자전거,남,12세,부상신고
2019112600100420,2019년 11월 26일 16시,화요일,서울특별시 중랑구 면목동,중상사고,0,1,0,0,차대차 - 후진중충돌,불법유턴,포장 - 건조,맑음,교차로 - 교차로안,승합,여,62세,상해없음,자전거,여,50세,중상
2019112600100422,2019년 11월 26일 16시,화요일,서울특별시 서초구 반포동,중상사고,0,1,0,0,차대차 - 측면충돌,신호위반,포장 - 건조,맑음,교차로 - 교차로안,승합,남,66세,상해없음,자전거,남,32세,중상
2019112600100650,2019년 11월 26일 21시,화요일,서울특별시 송파구 마천동,경상사고,0,0,2,0,차대차 - 기타,안전운전불이행,포장 - 건조,맑음,단일로 - 기타,원동기,남,50세,경상,자전거,남,17세,경상
2019112700100089,2019년 11월 27일 07시,수요일,서울특별시 강서구 마곡동,중상사고,0,1,0,0,차대차 - 기타,신호위반,포장 - 건조,맑음,교차로 - 교차로안,승용,남,55세,상해없음,자전거,여,52세,중상
2019112700100188,2019년 11월 27일 10시,수요일,서울특별시 관악구 봉천동,경상사고,0,0,1,0,차대차 - 기타,안전거리미확보,포장 - 기타,맑음,단일로 - 기타,이륜,남,51세,상해없음,자전거,여,59세,경상
2019112700100247,2019년 11월 27일 12시,수요일,서울특별시 동대문구 장안동,경상사고,0,0,1,0,차대차 - 측면충돌,안전운전불이행,포장 - 건조,맑음,단일로 - 기타,화물,남,62세,상해없음,자전거,남,73세,경상
2019112700100434,2019년 11월 27일 17시,수요일,서울특별시 강서구 염창동,부상신고사고,0,0,0,1,차대차 - 기타,안전운전불이행,포장 - 건조,맑음,단일로 - 기타,승용,여,39세,상해없음,자전거,남,44세,부상신고
2019112700100545,2019년 11월 27일 19시,수요일,서울특별시 은평구 응암동,경상사고,0,0,1,0,차대차 - 측면충돌,안전운전불이행,포장 - 건조,맑음,단일로 - 기타,승합,남,66세,상해없음,자전거,남,46세,경상
2019112800100262,2019년 11월 28일 12시,목요일,서울특별시 성동구 성수동1가,경상사고,0,0,1,0,차대차 - 기타,안전운전불이행,포장 - 건조,맑음,교차로 - 교차로안,승용,여,38세,상해없음,자전거,남,60세,경상
2019112800100334,2019년 11월 28일 14시,목요일,서울특별시 양천구 신월동,중상사고,0,1,0,0,차대차 - 측면충돌,직진우회전진행방해,포장 - 건조,맑음,교차로 - 교차로안,화물,남,59세,상해없음,자전거,남,56세,중상
2019112800100398,2019년 11월 28일 16시,목요일,서울특별시 송파구 송파동,중상사고,0,1,0,0,차대차 - 측면충돌,신호위반,포장 - 건조,맑음,교차로 - 교차로횡단보도내,이륜,남,24세,상해없음,자전거,여,44세,중상
2019112800100505,2019년 11월 28일 18시,목요일,서울특별시 강서구 화곡동,경상사고,0,0,1,0,차대차 - 측면충돌,안전운전불이행,포장 - 건조,흐림,교차로 - 교차로부근,승용,남,30세,상해없음,자전거,남,12세,경상
2019112900100193,2019년 11월 29일 09시,금요일,서울특별시 송파구 문정동,중상사고,0,1,0,0,차대차 - 측면충돌,안전운전불이행,포장 - 건조,맑음,교차로 - 교차로안,승용,여,37세,상해없음,자전거,여,54세,중상
2019112900100262,2019년 11월 29일 11시,금요일,서울특별시 양천구 신정동,중상사고,0,1,0,0,차대차 - 추돌,안전운전불이행,포장 - 건조,맑음,교차로 - 교차로부근,승용,여,48세,상해없음,자전거,남,84세,중상
2019112900100475,2019년 11월 29일 16시,금요일,서울특별시 광진구 중곡동,경상사고,0,0,1,0,차대차 - 측면충돌,교차로운행방법위반,포장 - 건조,맑음,교차로 - 교차로안,승용,남,72세,상해없음,자전거,여,61세,경상
2019113000100069,2019년 11월 30일 02시,토요일,서울특별시 강서구 화곡동,중상사고,0,1,0,0,차대차 - 측면충돌,안전운전불이행,포장 - 건조,맑음,교차로 - 교차로안,승용,남,29세,상해없음,자전거,남,18세,중상
2019113000100246,2019년 11월 30일 11시,토요일,서울특별시 구로구 고척동,부상신고사고,0,0,0,1,차대차 - 측면충돌,기타,포장 - 건조,맑음,교차로 - 교차로횡단보도내,승용,여,46세,상해없음,자전거,남,10세,부상신고
2019113000100324,2019년 11월 30일 13시,토요일,서울특별시 성북구 종암동,중상사고,0,1,0,0,차대차 - 측면충돌,차로위반,포장 - 건조,맑음,교차로 - 교차로안,승용,남,62세,상해없음,자전거,남,74세,중상
2019120100100369,2019년 12월 1일 17시,일요일,서울특별시 은평구 갈현동,중상사고,0,1,0,0,차대차 - 추돌,안전운전불이행,포장 - 젖음/습기,비,교차로 - 교차로안,승용,여,50세,상해없음,자전거,남,65세,중상
2019120200100096,2019년 12월 2일 08시,월요일,서울특별시 동대문구 장안동,경상사고,0,0,1,0,차대차 - 기타,직진우회전진행방해,포장 - 건조,맑음,교차로 - 교차로안,승용,남,26세,상해없음,자전거,여,55세,경상
2019120200100296,2019년 12월 2일 14시,월요일,서울특별시 동대문구 답십리동,경상사고,0,0,1,0,차대차 - 기타,안전운전불이행,포장 - 건조,맑음,단일로 - 기타,승용,남,53세,상해없음,자전거,여,51세,경상
2019120200100408,2019년 12월 2일 17시,월요일,서울특별시 종로구 종로4가,중상사고,0,1,1,0,차대차 - 기타,안전운전불이행,포장 - 건조,맑음,교차로 - 교차로안,승용,남,48세,상해없음,자전거,남,50세,중상
2019120200100532,2019년 12월 2일 19시,월요일,서울특별시 송파구 오금동,중상사고,0,1,0,0,차대차 - 측면충돌,교차로운행방법위반,포장 - 건조,맑음,교차로 - 교차로안,화물,남,63세,상해없음,자전거,남,56세,중상
2019120200100561,2019년 12월 2일 20시,월요일,서울특별시 강북구 번동,경상사고,0,0,1,0,차대차 - 측면충돌,기타,포장 - 건조,맑음,단일로 - 기타,승용,남,66세,상해없음,자전거,여,61세,경상
2019120200100606,2019년 12월 2일 22시,월요일,서울특별시 강동구 성내동,중상사고,0,1,0,0,차대차 - 측면충돌,안전운전불이행,포장 - 건조,맑음,교차로 - 교차로안,승용,여,26세,상해없음,자전거,여,56세,중상
2019120300100088,2019년 12월 3일 07시,화요일,서울특별시 성북구 장위동,경상사고,0,0,1,0,차대차 - 기타,안전운전불이행,포장 - 건조,맑음,교차로 - 교차로부근,화물,남,61세,상해없음,자전거,여,41세,경상
2019120300100109,2019년 12월 3일 08시,화요일,서울특별시 종로구 청운동,경상사고,0,0,1,0,차대차 - 측면충돌,안전운전불이행,포장 - 건조,흐림,교차로 - 교차로부근,승용,여,56세,상해없음,자전거,여,41세,경상
2019120300100114,2019년 12월 3일 08시,화요일,서울특별시 관악구 신림동,경상사고,0,0,1,0,차대차 - 기타,교차로운행방법위반,포장 - 건조,흐림,교차로 - 교차로안,승용,남,60세,상해없음,자전거,남,12세,경상
2019120300100116,2019년 12월 3일 08시,화요일,서울특별시 송파구 문정동,경상사고,0,0,1,0,차대차 - 측면충돌,안전운전불이행,포장 - 건조,맑음,단일로 - 기타,화물,남,52세,상해없음,자전거,남,16세,경상
2019120300100117,2019년 12월 3일 08시,화요일,서울특별시 도봉구 창동,경상사고,0,0,1,0,차대차 - 후진중충돌,불법유턴,포장 - 기타,맑음,단일로 - 기타,화물,남,55세,상해없음,자전거,여,54세,경상
2019120300100225,2019년 12월 3일 11시,화요일,서울특별시 영등포구 대림동,경상사고,0,0,1,0,차대차 - 측면충돌,안전운전불이행,포장 - 건조,맑음,교차로 - 교차로안,승용,남,40세,상해없음,자전거,남,53세,경상
2019120300100256,2019년 12월 3일 12시,화요일,서울특별시 노원구 중계동,중상사고,0,1,1,0,차대차 - 측면충돌,안전운전불이행,포장 - 건조,맑음,단일로 - 기타,승용,남,60세,경상,자전거,여,59세,중상
2019120400100185,2019년 12월 4일 08시,수요일,서울특별시 강동구 강일동,경상사고,0,0,1,0,차대차 - 측면충돌,안전운전불이행,포장 - 건조,흐림,교차로 - 교차로안,승용,남,48세,상해없음,자전거,남,85세,경상
2019120400100313,2019년 12월 4일 11시,수요일,서울특별시 성북구 보문동1가,중상사고,0,1,0,0,차대차 - 측면충돌,교차로운행방법위반,포장 - 건조,맑음,단일로 - 기타,승용,남,38세,상해없음,자전거,남,80세,중상
2019120400100319,2019년 12월 4일 11시,수요일,서울특별시 송파구 장지동,경상사고,0,0,1,0,차대차 - 기타,안전운전불이행,포장 - 건조,맑음,교차로 - 교차로안,승용,남,64세,상해없음,자전거,남,3세,경상
2019120400100442,2019년 12월 4일 15시,수요일,서울특별시 강북구 수유동,경상사고,0,0,1,0,차대차 - 측면충돌,안전운전불이행,포장 - 건조,맑음,단일로 - 기타,승용,여,64세,기타불명,자전거,남,10세,경상
2019120400100508,2019년 12월 4일 17시,수요일,서울특별시 관악구 신림동,중상사고,0,1,0,0,차대차 - 기타,안전운전불이행,포장 - 건조,맑음,기타 - 기타,이륜,남,58세,상해없음,자전거,여,33세,중상
2019120500100104,2019년 12월 5일 07시,목요일,서울특별시 강동구 천호동,경상사고,0,0,1,0,차대차 - 측면충돌,안전운전불이행,포장 - 건조,맑음,단일로 - 기타,화물,남,44세,상해없음,자전거,여,62세,경상
2019120500100126,2019년 12월 5일 08시,목요일,서울특별시 중구 신당동,중상사고,0,1,0,0,차대차 - 측면충돌,안전운전불이행,포장 - 건조,맑음,단일로 - 기타,승용,여,31세,상해없음,자전거,남,64세,중상
2019120500100131,2019년 12월 5일 08시,목요일,서울특별시 서초구 서초동,부상신고사고,0,0,0,1,차대차 - 기타,안전운전불이행,포장 - 건조,맑음,교차로 - 교차로횡단보도내,기타불명,기타불명,미분류,기타불명,자전거,남,41세,부상신고
2019120500100172,2019년 12월 5일 09시,목요일,서울특별시 중랑구 면목동,중상사고,0,1,0,0,차대차 - 측면충돌,안전운전불이행,포장 - 건조,맑음,교차로 - 교차로안,승용,남,61세,상해없음,자전거,남,83세,중상
2019120500100206,2019년 12월 5일 10시,목요일,서울특별시 성북구 석관동,중상사고,0,1,0,0,차대차 - 측면충돌,교차로운행방법위반,포장 - 건조,맑음,교차로 - 교차로안,승용,여,47세,상해없음,자전거,여,31세,중상
2019120500100451,2019년 12월 5일 17시,목요일,서울특별시 중랑구 면목동,부상신고사고,0,0,0,1,차대차 - 기타,교차로운행방법위반,포장 - 건조,맑음,교차로 - 교차로부근,승용,남,51세,상해없음,자전거,남,54세,부상신고
2019120600100638,2019년 12월 6일 20시,금요일,서울특별시 도봉구 창동,경상사고,0,0,1,0,차대차 - 기타,기타,포장 - 건조,맑음,교차로 - 교차로안,승합,남,71세,상해없음,자전거,남,44세,상해없음
2019120700100246,2019년 12월 7일 12시,토요일,서울특별시 송파구 잠실동,중상사고,0,1,0,0,차대차 - 측면충돌,안전운전불이행,포장 - 건조,맑음,교차로 - 교차로안,이륜,남,39세,상해없음,자전거,남,54세,중상
2019120700100281,2019년 12월 7일 13시,토요일,서울특별시 강동구 천호동,경상사고,0,0,1,0,차대차 - 측면충돌,안전운전불이행,포장 - 건조,맑음,교차로 - 교차로안,승용,남,35세,상해없음,자전거,남,72세,경상
2019120900100060,2019년 12월 9일 05시,월요일,서울특별시 강서구 공항동,중상사고,0,1,0,0,차대차 - 추돌,안전운전불이행,포장 - 건조,맑음,교차로 - 교차로부근,승용,남,55세,상해없음,자전거,남,57세,중상
2019121000100088,2019년 12월 10일 06시,화요일,서울특별시 영등포구 영등포동,경상사고,0,0,1,0,차대차 - 측면충돌,안전운전불이행,포장 - 젖음/습기,흐림,단일로 - 기타,승용,남,65세,상해없음,자전거,남,32세,경상
2019121000100115,2019년 12월 10일 07시,화요일,서울특별시 강동구 암사동,부상신고사고,0,0,0,1,차대차 - 기타,안전운전불이행,포장 - 건조,맑음,교차로 - 교차로부근,기타불명,기타불명,미분류,기타불명,자전거,남,48세,부상신고
2019121000100116,2019년 12월 10일 07시,화요일,서울특별시 송파구 방이동,경상사고,0,0,1,0,차대차 - 측면충돌,신호위반,포장 - 젖음/습기,비,교차로 - 교차로횡단보도내,승용,남,59세,기타불명,자전거,남,21세,경상
2019121000100150,2019년 12월 10일 08시,화요일,서울특별시 영등포구 영등포동3가,중상사고,0,1,0,0,차대차 - 측면충돌,안전운전불이행,포장 - 건조,맑음,교차로 - 교차로안,승용,여,40세,상해없음,자전거,남,57세,중상
2019121000100396,2019년 12월 10일 16시,화요일,서울특별시 송파구 방이동,경상사고,0,0,1,0,차대차 - 기타,기타,포장 - 건조,맑음,교차로 - 교차로부근,승용,남,56세,상해없음,자전거,여,26세,경상
2019121000100644,2019년 12월 10일 21시,화요일,서울특별시 중랑구 상봉동,경상사고,0,0,1,0,차대차 - 추돌,안전운전불이행,포장 - 건조,흐림,단일로 - 지하차도(도로)내,승용,남,27세,상해없음,자전거,남,79세,경상
2019121000100664,2019년 12월 10일 22시,화요일,서울특별시 성동구 성수동2가,경상사고,0,0,1,0,차대차 - 측면충돌,교차로운행방법위반,포장 - 건조,맑음,교차로 - 교차로안,승용,남,61세,상해없음,자전거,남,57세,경상
2019121100100381,2019년 12월 11일 16시,수요일,서울특별시 송파구 송파동,경상사고,0,0,1,0,차대차 - 측면충돌,안전운전불이행,포장 - 건조,맑음,단일로 - 기타,원동기,남,23세,상해없음,자전거,여,37세,경상
2019121100100465,2019년 12월 11일 18시,수요일,서울특별시 강서구 마곡동,중상사고,0,1,0,0,차대차 - 기타,안전운전불이행,포장 - 기타,흐림,기타 - 기타,승용,여,33세,상해없음,자전거,남,67세,중상
2019121100100524,2019년 12월 11일 19시,수요일,서울특별시 강동구 천호동,경상사고,0,0,1,0,차대차 - 측면충돌,신호위반,포장 - 건조,맑음,교차로 - 교차로안,승용,남,59세,상해없음,자전거,남,62세,경상
2019121100100587,2019년 12월 11일 21시,수요일,서울특별시 양천구 목동,경상사고,0,0,1,0,차대차 - 기타,안전운전불이행,포장 - 건조,흐림,단일로 - 기타,승용,남,48세,상해없음,자전거,남,60세,경상
2019121300100083,2019년 12월 13일 05시,금요일,서울특별시 영등포구 대림동,중상사고,0,1,0,0,차대차 - 측면충돌,안전운전불이행,포장 - 건조,맑음,단일로 - 기타,승용,남,45세,상해없음,자전거,여,46세,중상
2019121300100133,2019년 12월 13일 08시,금요일,서울특별시 동작구 본동,경상사고,0,0,1,0,차대차 - 측면충돌,안전거리미확보,포장 - 건조,맑음,교차로 - 교차로부근,승용,남,50세,상해없음,자전거,남,49세,경상
2019121300100461,2019년 12월 13일 17시,금요일,서울특별시 양천구 목동,경상사고,0,0,1,0,차대차 - 측면충돌,안전운전불이행,포장 - 건조,맑음,기타 - 기타,승용,여,47세,상해없음,자전거,남,64세,경상
2019121400100458,2019년 12월 14일 15시,토요일,서울특별시 영등포구 여의도동,부상신고사고,0,0,0,1,차대차 - 측면충돌,안전운전불이행,포장 - 건조,맑음,기타 - 기타,승용,남,35세,상해없음,자전거,여,21세,부상신고
2019121400100463,2019년 12월 14일 15시,토요일,서울특별시 강남구 대치동,부상신고사고,0,0,0,1,차대차 - 정면충돌,중앙선침범,포장 - 건조,맑음,기타 - 기타,자전거,남,11세,상해없음,자전거,여,66세,부상신고
2019121400100763,2019년 12월 14일 22시,토요일,서울특별시 강동구 천호동,경상사고,0,0,1,0,차대차 - 정면충돌,안전운전불이행,포장 - 건조,맑음,교차로 - 교차로부근,승용,여,60세,상해없음,자전거,남,66세,경상
2019121500100305,2019년 12월 15일 15시,일요일,서울특별시 동대문구 전농동,경상사고,0,0,1,0,차대차 - 측면충돌,안전운전불이행,포장 - 건조,맑음,교차로 - 교차로부근,이륜,남,18세,상해없음,자전거,남,35세,경상
2019121600100064,2019년 12월 16일 05시,월요일,서울특별시 성동구 성수동2가,중상사고,0,1,0,0,차대차 - 기타,교차로운행방법위반,포장 - 건조,맑음,교차로 - 교차로안,화물,남,27세,상해없음,자전거,여,72세,중상
2019121600100138,2019년 12월 16일 08시,월요일,서울특별시 양천구 신정동,경상사고,0,0,1,0,차대차 - 기타,안전운전불이행,포장 - 건조,맑음,교차로 - 교차로부근,승용,남,61세,상해없음,자전거,남,48세,경상
2019121600100311,2019년 12월 16일 13시,월요일,서울특별시 중랑구 중화동,중상사고,0,1,0,0,차대차 - 기타,기타,포장 - 건조,맑음,단일로 - 기타,화물,남,55세,상해없음,자전거,남,55세,중상
2019121600100341,2019년 12월 16일 14시,월요일,서울특별시 광진구 자양동,부상신고사고,0,0,0,1,차대차 - 측면충돌,안전운전불이행,포장 - 건조,맑음,교차로 - 교차로안,화물,남,71세,상해없음,자전거,남,82세,부상신고
2019121600100344,2019년 12월 16일 14시,월요일,서울특별시 영등포구 도림동,중상사고,0,1,0,0,차대차 - 측면충돌,직진우회전진행방해,포장 - 건조,맑음,교차로 - 교차로안,승용,남,64세,상해없음,자전거,남,17세,중상
2019121600100652,2019년 12월 16일 22시,월요일,서울특별시 은평구 불광동,경상사고,0,0,1,0,차대차 - 기타,기타,포장 - 건조,맑음,교차로 - 교차로부근,승용,남,38세,상해없음,자전거,남,12세,경상
2019121700100224,2019년 12월 17일 11시,화요일,서울특별시 강서구 마곡동,경상사고,0,0,1,0,차대차 - 측면충돌,안전운전불이행,포장 - 젖음/습기,비,교차로 - 교차로횡단보도내,승용,여,29세,상해없음,자전거,남,78세,경상
2019121700100603,2019년 12월 17일 22시,화요일,서울특별시 송파구 풍납동,중상사고,0,1,0,0,차대차 - 측면충돌,안전운전불이행,포장 - 건조,맑음,단일로 - 기타,화물,남,49세,상해없음,자전거,남,15세,중상
2019121800100339,2019년 12월 18일 16시,수요일,서울특별시 은평구 갈현동,경상사고,0,0,1,0,차대차 - 측면충돌,신호위반,포장 - 건조,맑음,단일로 - 기타,승용,여,54세,상해없음,자전거,남,14세,경상
2019121800100523,2019년 12월 18일 20시,수요일,서울특별시 은평구 갈현동,경상사고,0,0,1,0,차대차 - 기타,신호위반,포장 - 건조,맑음,교차로 - 교차로안,이륜,남,28세,상해없음,자전거,남,61세,경상
2019121900100109,2019년 12월 19일 07시,목요일,서울특별시 광진구 자양동,경상사고,0,0,1,0,차대차 - 기타,안전운전불이행,포장 - 건조,맑음,단일로 - 기타,승용,남,59세,상해없음,자전거,남,17세,경상
2019121900100297,2019년 12월 19일 13시,목요일,서울특별시 동대문구 청량리동,경상사고,0,0,1,0,차대차 - 기타,안전운전불이행,포장 - 건조,맑음,단일로 - 기타,승용,남,85세,상해없음,자전거,남,77세,경상
2019121900100370,2019년 12월 19일 15시,목요일,서울특별시 성동구 성수동2가,중상사고,0,1,0,0,차대차 - 측면충돌,안전운전불이행,포장 - 건조,맑음,교차로 - 교차로안,승용,남,63세,상해없음,자전거,남,77세,중상
2019121900100441,2019년 12월 19일 17시,목요일,서울특별시 강서구 염창동,경상사고,0,0,1,0,차대차 - 측면충돌,직진우회전진행방해,포장 - 건조,맑음,교차로 - 교차로안,승용,여,30세,상해없음,자전거,남,40세,경상
2019121900100487,2019년 12월 19일 18시,목요일,서울특별시 송파구 방이동,경상사고,0,0,1,0,차대차 - 측면충돌,안전운전불이행,포장 - 건조,맑음,단일로 - 기타,승용,남,38세,상해없음,자전거,남,38세,경상
2019122000100150,2019년 12월 20일 09시,금요일,서울특별시 중랑구 상봉동,중상사고,0,1,0,0,차대차 - 추돌,기타,포장 - 건조,맑음,단일로 - 기타,승용,여,43세,상해없음,자전거,여,55세,중상
2019122000100397,2019년 12월 20일 16시,금요일,서울특별시 구로구 구로동,중상사고,0,1,0,0,차대차 - 측면충돌,신호위반,포장 - 건조,맑음,교차로 - 교차로횡단보도내,승용,여,52세,상해없음,자전거,여,52세,중상
2019122000100567,2019년 12월 20일 19시,금요일,서울특별시 금천구 가산동,경상사고,0,0,1,0,차대차 - 기타,안전운전불이행,포장 - 건조,맑음,교차로 - 교차로횡단보도내,승용,남,54세,상해없음,자전거,남,34세,경상
2019122100100144,2019년 12월 21일 07시,토요일,서울특별시 광진구 중곡동,중상사고,0,1,0,0,차대차 - 기타,신호위반,포장 - 건조,맑음,기타 - 기타,개인형이동수단(PM),남,33세,상해없음,자전거,여,64세,중상
2019122200100156,2019년 12월 22일 09시,일요일,서울특별시 강동구 암사동,중상사고,0,1,0,0,차대차 - 측면충돌,직진우회전진행방해,포장 - 건조,맑음,교차로 - 교차로안,승용,여,39세,상해없음,자전거,여,69세,중상
2019122200100157,2019년 12월 22일 09시,일요일,서울특별시 송파구 잠실동,중상사고,0,1,3,0,차대차 - 기타,안전운전불이행,포장 - 건조,맑음,단일로 - 기타,자전거,남,68세,중상,자전거,남,16세,경상
2019122200100253,2019년 12월 22일 14시,일요일,서울특별시 마포구 성산동,경상사고,0,0,1,0,차대차 - 측면충돌,기타,포장 - 건조,맑음,단일로 - 기타,자전거,여,54세,상해없음,자전거,남,48세,경상
2019122200100376,2019년 12월 22일 18시,일요일,서울특별시 동작구 본동,경상사고,0,0,1,0,차대차 - 측면충돌,교차로운행방법위반,포장 - 건조,맑음,교차로 - 교차로안,승용,남,58세,상해없음,자전거,여,39세,경상
2019122200100377,2019년 12월 22일 18시,일요일,서울특별시 강서구 방화동,중상사고,0,1,0,0,차대차 - 측면충돌,안전운전불이행,포장 - 건조,맑음,교차로 - 교차로안,승합,남,61세,상해없음,자전거,남,64세,중상
2019122300100166,2019년 12월 23일 09시,월요일,서울특별시 중랑구 묵동,중상사고,0,1,0,0,차대차 - 측면충돌,기타,포장 - 젖음/습기,흐림,단일로 - 기타,승용,남,70세,상해없음,자전거,남,71세,중상
2019122300100188,2019년 12월 23일 10시,월요일,서울특별시 강북구 수유동,경상사고,0,0,1,0,차대차 - 측면충돌,안전거리미확보,포장 - 건조,맑음,단일로 - 기타,승용,여,70세,상해없음,자전거,남,76세,경상
2019122400100030,2019년 12월 24일 00시,화요일,서울특별시 양천구 목동,경상사고,0,0,1,0,차대차 - 기타,기타,포장 - 건조,맑음,단일로 - 기타,승용,남,46세,상해없음,자전거,남,53세,경상
2019122400100247,2019년 12월 24일 11시,화요일,서울특별시 동대문구 용두동,경상사고,0,0,1,0,차대차 - 기타,신호위반,포장 - 건조,맑음,교차로 - 교차로횡단보도내,승용,남,66세,상해없음,자전거,남,64세,경상
2019122400100457,2019년 12월 24일 17시,화요일,서울특별시 강동구 성내동,부상신고사고,0,0,0,1,차대차 - 추돌,안전운전불이행,포장 - 건조,맑음,교차로 - 교차로안,승용,남,43세,상해없음,자전거,여,57세,부상신고
2019122500100033,2019년 12월 25일 01시,수요일,서울특별시 양천구 신정동,부상신고사고,0,0,0,1,차대차 - 기타,안전운전불이행,포장 - 건조,맑음,교차로 - 교차로부근,기타불명,기타불명,미분류,기타불명,자전거,남,24세,부상신고
2019122500100122,2019년 12월 25일 10시,수요일,서울특별시 송파구 가락동,경상사고,0,0,1,0,차대차 - 기타,신호위반,포장 - 건조,맑음,교차로 - 교차로횡단보도내,승용,여,54세,상해없음,자전거,남,29세,경상
2019122500100389,2019년 12월 25일 20시,수요일,서울특별시 영등포구 대림동,경상사고,0,0,1,0,차대차 - 기타,신호위반,포장 - 건조,맑음,단일로 - 기타,이륜,남,17세,상해없음,자전거,여,11세,경상
2019122600100050,2019년 12월 26일 05시,목요일,서울특별시 금천구 가산동,경상사고,0,0,1,0,차대차 - 측면충돌,안전운전불이행,포장 - 건조,맑음,교차로 - 교차로안,승합,남,62세,상해없음,자전거,여,44세,경상
2019122600100108,2019년 12월 26일 08시,목요일,서울특별시 구로구 고척동,경상사고,0,0,1,0,차대차 - 기타,중앙선침범,포장 - 젖음/습기,비,단일로 - 기타,승용,남,35세,상해없음,자전거,남,41세,경상
2019122700100076,2019년 12월 27일 06시,금요일,서울특별시 중랑구 묵동,경상사고,0,0,1,0,차대차 - 기타,신호위반,포장 - 건조,맑음,교차로 - 교차로안,승용,남,38세,상해없음,자전거,남,72세,경상
2019122700100121,2019년 12월 27일 08시,금요일,서울특별시 광진구 자양동,중상사고,0,1,0,0,차대차 - 기타,신호위반,포장 - 건조,맑음,교차로 - 교차로횡단보도내,승합,남,58세,상해없음,자전거,여,55세,중상
2019122700100156,2019년 12월 27일 09시,금요일,서울특별시 강서구 가양동,경상사고,0,0,1,0,차대차 - 측면충돌,안전운전불이행,포장 - 건조,맑음,교차로 - 교차로안,승용,여,36세,상해없음,자전거,여,59세,경상
2019122700100213,2019년 12월 27일 11시,금요일,서울특별시 송파구 잠실동,중상사고,0,1,0,0,차대차 - 측면충돌,신호위반,포장 - 건조,맑음,교차로 - 교차로안,승용,여,41세,상해없음,자전거,남,68세,중상
2019122700100241,2019년 12월 27일 12시,금요일,서울특별시 마포구 동교동,경상사고,0,0,1,0,차대차 - 기타,기타,포장 - 건조,맑음,단일로 - 기타,승용,남,51세,상해없음,자전거,여,49세,경상
2019122900100044,2019년 12월 29일 02시,일요일,서울특별시 영등포구 영등포동3가,중상사고,0,1,2,0,차대차 - 측면충돌,기타,포장 - 건조,맑음,교차로 - 교차로안,승용,남,27세,상해없음,자전거,여,32세,경상
2019122900100453,2019년 12월 29일 23시,일요일,서울특별시 송파구 송파동,중상사고,0,1,0,0,차대차 - 기타,안전운전불이행,포장 - 건조,맑음,교차로 - 교차로안,이륜,남,38세,상해없음,자전거,여,59세,중상
2019123000100054,2019년 12월 30일 05시,월요일,서울특별시 양천구 목동,경상사고,0,0,1,0,차대차 - 기타,안전운전불이행,포장 - 건조,맑음,교차로 - 교차로안,승용,남,61세,상해없음,자전거,남,69세,경상
2019123000100096,2019년 12월 30일 08시,월요일,서울특별시 중랑구 신내동,중상사고,0,1,0,0,차대차 - 기타,교차로운행방법위반,포장 - 건조,맑음,교차로 - 교차로안,승용,남,57세,상해없음,자전거,여,51세,중상
2019123000100371,2019년 12월 30일 17시,월요일,서울특별시 송파구 문정동,경상사고,0,0,1,0,차대차 - 기타,안전운전불이행,포장 - 건조,맑음,교차로 - 교차로안,승용,여,66세,상해없음,자전거,남,40세,경상
2019123000100493,2019년 12월 30일 19시,월요일,서울특별시 성북구 하월곡동,경상사고,0,0,1,0,차대차 - 측면충돌,기타,포장 - 건조,맑음,단일로 - 기타,승용,남,35세,상해없음,자전거,여,24세,경상
2019123100100137,2019년 12월 31일 09시,화요일,서울특별시 동대문구 용두동,경상사고,0,0,1,0,차대차 - 측면충돌,안전운전불이행,포장 - 건조,맑음,교차로 - 교차로부근,승용,남,83세,상해없음,자전거,여,28세,경상
2019123100100222,2019년 12월 31일 12시,화요일,서울특별시 중랑구 면목동,경상사고,0,0,1,0,차대차 - 측면충돌,교차로운행방법위반,포장 - 건조,맑음,교차로 - 교차로안,화물,남,43세,상해없음,자전거,남,77세,경상
2019123100100585,2019년 12월 31일 21시,화요일,서울특별시 강남구 개포동,경상사고,0,0,1,0,차대차 - 측면충돌,중앙선침범,포장 - 건조,맑음,교차로 - 교차로횡단보도내,이륜,남,37세,상해없음,자전거,남,45세,경상